name,url,grade,city,country,address,locality,region,postal,lat,lon,place_id
ABaC,https://guide.michelin.com/en/catalunya/barcelona/restaurant/abac,3_star,Barcelona,Spain,Avenida del Tibidabo 1 Barcelona Catalonia 08022 ESP,Barcelona,Catalonia,08022,41.4106347,2.1363587,ChIJjZxWjQ-YpBIR_xbBOD9lZ1k
Alléno Paris au Pavillon Ledoyen,https://guide.michelin.com/en/ile-de-france/paris/restaurant/alleno-paris-au-pavillon-ledoyen,3_star,Paris,France,8 avenue Dutuit Paris Ile-de-France 75008 FRA,Paris,Ile-de-France,75008,48.8662387,2.3164818,ChIJNb0Vrftv5kcRMegtKrTeefg
Amador,https://guide.michelin.com/en/vienna/wien/restaurant/amador,3_star,Vienna,Austria,Grinzinger Straße 86 Vienna Vienna 1190 AUT,Vienna,Vienna,1190,48.2539302,16.3586121,ChIJUV5dfRgGbUcRXHN5xPvHT-U
Cocina Hermanos Torres,https://guide.michelin.com/en/catalunya/barcelona/restaurant/cocina-hermanos-torres,3_star,Barcelona,Spain,Taquígraf Serra 20 Barcelona Catalonia 08029 ESP,Barcelona,Catalonia,08029,41.3864925,2.1401248,ChIJrcC3iq2ZpBIRyVqXiw2N8XU
Disfrutar,https://guide.michelin.com/en/catalunya/barcelona/restaurant/disfrutar,3_star,Barcelona,Spain,Villarroel 163 Barcelona Catalonia 08036 ESP,Barcelona,Catalonia,08036,41.3878056,2.1531881,ChIJTSzGu4WipBIRkznre9Zwis0
DiverXO,https://guide.michelin.com/en/comunidad-de-madrid/madrid/restaurant/diverxo,3_star,Madrid,Spain,Padre Damián 23 Madrid Community of Madrid 28036 ESP,Madrid,Community of Madrid,28036,40.4578992,-3.6857765,ChIJfUIagAMpQg0RRYLx9K82nJc
Enoteca Pinchiorri,https://guide.michelin.com/en/toscana/firenze/restaurant/enoteca-pinchiorri,3_star,Florence,Italy,via Ghibellina 87 Florence Tuscany 50122 ITA,Florence,Tuscany,50122,43.77,11.2622222,ChIJJ9GCOAZUKhMRhWUgMfpfvX4
HAJIME,https://guide.michelin.com/en/osaka-region/osaka/restaurant/hajime,3_star,Osaka,Japan,"1-9-11 Edobori, Nishi-ku Osaka Osaka 550-0002 JPN",Osaka,Osaka,550-0002,34.6887132,135.4960574,ChIJDQRP2frmAGARBw_HFaCnauI
Harutaka,https://guide.michelin.com/en/tokyo-region/tokyo/restaurant/harutaka,3_star,Tokyo,Japan,"6F, 8-3-1 Ginza, Chuo-ku Tokyo Tokyo 104-0061 JPN",Tokyo,Tokyo,104-0061,35.6692281,139.7592488,ChIJ04DI3-iLGGARdv1aRxgdFO0
Hélène Darroze at The Connaught,https://guide.michelin.com/en/greater-london/london/restaurant/helene-darroze-at-the-connaught,3_star,London,United Kingdom,"Carlos Place, Mayfair London Greater London W1K 2AL GBR",London,Greater London,W1K 2AL,51.5101843,-0.1497608,ChIJNdaqLSwFdkgRcp3iqGlL6Ek
JAN,https://guide.michelin.com/en/bayern/mnchen/restaurant/jan-1204321,3_star,Munich,Germany,Luisenstraße 27 Munich Bavaria 80333 DEU,Munich,Bavaria,80333,48.1447926,11.5629595,ChIJrW8egwN1nkcRcSAVCJYQpZY
Joël Robuchon,https://guide.michelin.com/en/tokyo-region/tokyo/restaurant/joel-robuchon-1193981,3_star,Tokyo,Japan,"Yebisu Garden Place, 1-13-1 Mita, Meguro-ku Tokyo Tokyo 153-0062 JPN",Tokyo,Tokyo,153-0062,35.6419322,139.7145827,ChIJGQRJhBaLGGAR5ZTJp9mQgtQ
Kagurazaka Ishikawa,https://guide.michelin.com/en/tokyo-region/tokyo/restaurant/kagurazaka-ishikawa,3_star,Tokyo,Japan,"5-37 Kagurazaka, Shinjuku-ku Tokyo Tokyo 162-0825 JPN",Tokyo,Tokyo,162-0825,35.7012024,139.7394666,ChIJa0WEW1qMGGARPztXG-uvYjI
Kanda,https://guide.michelin.com/en/tokyo-region/tokyo/restaurant/kanda,3_star,Tokyo,Japan,"1F, Toranomon Hills Residential Tower, 1-1-1 Atago, Minato-ku Tokyo Tokyo 105-0002 JPN",Tokyo,Tokyo,105-0002,35.6658899,139.7481676,ChIJP-dHJnSLGGAR6lRM5169Uj0
Kei,https://guide.michelin.com/en/ile-de-france/paris/restaurant/kei,3_star,Paris,France,5 rue Coq-Héron Paris Ile-de-France 75001 FRA,Paris,Ile-de-France,75001,48.864358,2.3420827,ChIJqTnaAiNu5kcRQsRFgf8qeoA
Lasarte,https://guide.michelin.com/en/catalunya/barcelona/restaurant/lasarte,3_star,Barcelona,Spain,Mallorca 259 Barcelona Catalonia 08008 ESP,Barcelona,Catalonia,08008,41.3936111,2.1619444,ChIJ06Abq5OipBIRAAbiw3cStt8
Le Cinq,https://guide.michelin.com/en/ile-de-france/paris/restaurant/le-cinq6102,3_star,Paris,France,"Four Seasons Hotel George V, 31 avenue George-V Paris Ile-de-France 75008 FRA",Paris,Ile-de-France,75008,48.868849,2.300683,ChIJqTQzIehv5kcRaF3hD1SzX5A
Le Gabriel - La Réserve Paris,https://guide.michelin.com/en/ile-de-france/paris/restaurant/le-gabriel476630,3_star,Paris,France,"La Réserve Paris, 42 avenue Gabriel Paris Ile-de-France 75008 FRA",Paris,Ile-de-France,75008,48.8697972,2.3133111,ChIJA1PHDM9v5kcRsdD0Snjw06k
Mingles,https://guide.michelin.com/en/seoul-capital-area/kr-seoul/restaurant/mingles,3_star,Seoul,South Korea,"2F, 19 Dosan-daero 67-gil, Gangnam-gu Seoul Seoul Capital Area 06016 KOR",Seoul,Seoul Capital Area,06016,37.5253386,127.0441452,ChIJjXuM24mjfDURSwmouRnxNlM
Myojaku,https://guide.michelin.com/en/tokyo-region/tokyo/restaurant/myojaku,3_star,Tokyo,Japan,"B1F, 3-2-34 Nishiazabu, Minato-ku Tokyo Tokyo 106-0031 JPN",Tokyo,Tokyo,106-0031,35.6594287,139.7266965,ChIJxxsn3a-LGGARYqb5FTmUL98
Plénitude - Cheval Blanc Paris,https://guide.michelin.com/en/ile-de-france/paris/restaurant/plenitude-cheval-blanc-paris,3_star,Paris,France,"Cheval Blanc Paris, 8 quai du Louvre Paris Ile-de-France 75001 FRA",Paris,Ile-de-France,75001,48.8588971,2.3420459,ChIJE6y1dkBv5kcRhZB0rsUidCQ
RyuGin,https://guide.michelin.com/en/tokyo-region/tokyo/restaurant/ryugin-1194232,3_star,Tokyo,Japan,"7F, Tokyo Midtown Hibiya, 1-1-2 Yurakucho, Chiyoda-ku Tokyo Tokyo 100-0006 JPN",Tokyo,Tokyo,100-0006,35.6742704,139.7592781,ChIJaZF5wHmLGGARycW1JhshDjY
"Sketch, The Lecture Room and Library",https://guide.michelin.com/en/greater-london/london/restaurant/sketch-the-lecture-room-library,3_star,London,United Kingdom,"9 Conduit Street, Mayfair London Greater London W1S 2XG GBR",London,Greater London,W1S 2XG,51.5127667,-0.1415637,ChIJk4chQY4FdkgRDxmXasfbHlc
Sorn,https://guide.michelin.com/en/bangkok-region/bangkok/restaurant/sorn,3_star,Bangkok,Thailand,"56 Soi Sukhumvit 26, Khlong Tan, Khlong Toei Bangkok Bangkok Region 10110 THA",Bangkok,Bangkok Region,10110,13.7231004,100.5685251,ChIJWfYJ3QWf4jAR9erXv7kK7sA
Steirereck im Stadtpark,https://guide.michelin.com/en/vienna/wien/restaurant/steirereck-im-stadtpark,3_star,Vienna,Austria,Am Heumarkt 2a Vienna Vienna 1030 AUT,Vienna,Vienna,1030,48.2044578,16.3813958,ChIJKS_u4XYHbUcRFEBBkdJ8HG0
Taian,https://guide.michelin.com/en/osaka-region/osaka/restaurant/taian,3_star,Osaka,Japan,"1-21-2 Shimanochi, Chuo-ku Osaka Osaka 542-0082 JPN",Osaka,Osaka,542-0082,34.6733549,135.5072151,ChIJq48uCT7nAGARla-2QjFW32U
The Ledbury,https://guide.michelin.com/en/greater-london/london/restaurant/the-ledbury,3_star,London,United Kingdom,"127 Ledbury Road, Notting Hill London Greater London W11 2AQ GBR",London,Greater London,W11 2AQ,51.516655,-0.200063,ChIJe29QNB0QdkgR5Kkx_0-jdo4
Tohru in der Schreiberei,https://guide.michelin.com/en/bayern/mnchen/restaurant/tohru-in-der-schreiberei,3_star,Munich,Germany,Burgstraße 5 Munich Bavaria 80331 DEU,Munich,Bavaria,80331,48.1375965,11.5774285,ChIJ12Lhfm51nkcRQhxPXh8nb88
ASAHINA Gastronome,https://guide.michelin.com/en/tokyo-region/tokyo/restaurant/asahina-gastronome,2_star,Tokyo,Japan,"1-4 Nihombashikabutocho, Chuo-ku Tokyo Tokyo 103-0026 JPN",Tokyo,Tokyo,103-0026,35.6827081,139.7793239,ChIJ84HCEdGJGGARt4OCbIlmfjg
Aleia,https://guide.michelin.com/en/catalunya/barcelona/restaurant/aleia,2_star,Barcelona,Spain,Paseo de Gràcia 132 Barcelona Catalonia 08008 ESP,Barcelona,Catalonia,08008,41.3980162,2.1581229,ChIJuQRMUWmjpBIRoCWVQoLeCj4
Alois - Dallmayr Fine Dining,https://guide.michelin.com/en/bayern/mnchen/restaurant/alois-dallmayr-fine-dining,2_star,Munich,Germany,Dienerstraße 14 Munich Bavaria 80331 DEU,Munich,Bavaria,80331,48.1382857,11.5771844,ChIJUbU58wV1nkcR6jK2iXRta70
Anne-Sophie Pic at Le Normandie,https://guide.michelin.com/en/bangkok-region/bangkok/restaurant/le-normandie,2_star,Bangkok,Thailand,"5F, Mandarin Oriental, Bangkok, 48 Soi Charoen Krung 40, Charoen Krung Road, Bang Rak Bangkok Bangkok Region 10500 THA",Bangkok,Bangkok Region,10500,13.7237108,100.5142684,ChIJe3wVISiZ4jARS_yp_4u6E_c
Atelier,https://guide.michelin.com/en/bayern/mnchen/restaurant/atelier-1198719,2_star,Munich,Germany,Promenadeplatz 2 Munich Bavaria 80331 DEU,Munich,Bavaria,80331,48.1402843,11.5733224,ChIJP-53e_N1nkcRXMNihzXCH30
Baan Tepa,https://guide.michelin.com/en/bangkok-region/bangkok/restaurant/baan-tepa,2_star,Bangkok,Thailand,"561 Ramkhamhaeng Road, Hua Mak, Bang Kapi Bangkok Bangkok Region 10240 THA",Bangkok,Bangkok Region,10240,13.7608005,100.6263537,ChIJg1tidYdhHTER4NNOidyhVvc
CODA Dessert Dining,https://guide.michelin.com/en/berlin-region/berlin/restaurant/coda-dessert-dining,2_star,Berlin,Germany,Friedelstraße 47 Berlin Berlin 12047 DEU,Berlin,Berlin,12047,52.490109,13.4271742,ChIJvVDs7bZPqEcRVuzEV98NWz8
Chef's Table,https://guide.michelin.com/en/bangkok-region/bangkok/restaurant/chef-s-table1184372,2_star,Bangkok,Thailand,"61F, Tower Club at Lebua, 1055 Silom Road, Si Lom, Bang Rak Bangkok Bangkok Region 10500 THA",Bangkok,Bangkok Region,10500,13.7219465,100.51706,ChIJkbyJIMeZ4jARgc1-140HJkU
Cinc Sentits,https://guide.michelin.com/en/catalunya/barcelona/restaurant/cinc-sentits,2_star,Barcelona,Spain,Entença 60 Barcelona Catalonia 08015 ESP,Barcelona,Catalonia,08015,41.3783882,2.1524171,ChIJ8TMSh46ipBIRVmVx_17vwLE
Côte by Mauro Colagreco,https://guide.michelin.com/en/bangkok-region/bangkok/restaurant/cote-by-mauro-colagreco,2_star,Bangkok,Thailand,"2F, Capella Bangkok, 300/2 Charoenkrung Road, Yan Nawa, Sathon Bangkok Bangkok Region 10120 THA",Bangkok,Bangkok Region,10120,13.7130923,100.5108469,ChIJf8OOlnmZ4jAR1XxCVTOPfPY
DSTAgE,https://guide.michelin.com/en/comunidad-de-madrid/madrid/restaurant/dstage,2_star,Madrid,Spain,Regueros 8 Madrid Community of Madrid 28004 ESP,Madrid,Community of Madrid,28004,40.4246028,-3.6963587,ChIJM_4eFY8oQg0R3wcnD3nYubk
Da Terra,https://guide.michelin.com/en/greater-london/london/restaurant/da-terra,2_star,London,United Kingdom,"Town Hall Hotel, 8 Patriot Square, Bethnal Green London Greater London E2 9NF GBR",London,Greater London,E2 9NF,51.5304336,-0.0559823999999999,ChIJn-wx7LQddkgRMWv5bVEiEfQ
Den,https://guide.michelin.com/en/tokyo-region/tokyo/restaurant/den,2_star,Tokyo,Japan,"2-3-18 Jingumae, Shibuya-ku Tokyo Tokyo 150-0001 JPN",Tokyo,Tokyo,150-0001,35.6731762,139.7127216,ChIJKxOIF5iMGGARiFoVm5Ay8W4
Dinner by Heston Blumenthal,https://guide.michelin.com/en/greater-london/london/restaurant/dinner-by-heston-blumenthal,2_star,London,United Kingdom,"Mandarin Oriental Hyde Park, 66 Knightsbridge, Knightsbridge London Greater London SW1X 7LA GBR",London,Greater London,SW1X 7LA,51.502161,-0.159964,ChIJRzX0mDkFdkgR-qAx8kL982A
Doubek,https://guide.michelin.com/en/vienna/wien/restaurant/doubek,2_star,Vienna,Austria,Kochgasse 13 Vienna Vienna 1080 AUT,Vienna,Vienna,1080,48.2130569,16.3493614,ChIJwwc1kVEHbUcRZ9fSL_0kobQ
ESqUISSE,https://guide.michelin.com/en/tokyo-region/tokyo/restaurant/esquisse,2_star,Tokyo,Japan,"9F, 5-4-6 Ginza, Chuo-ku Tokyo Tokyo 104-0061 JPN",Tokyo,Tokyo,104-0061,35.6717161,139.7633311,ChIJ2Y7e7-WLGGARn2nDEZzmbb0
Enigma,https://guide.michelin.com/en/catalunya/barcelona/restaurant/enigma,2_star,Barcelona,Spain,Sepúlveda 38 Barcelona Catalonia 08015 ESP,Barcelona,Catalonia,08015,41.3767234,2.1540984,ChIJA6vUunyipBIRMtoRD_vIbII
Enoteca Paco Pérez,https://guide.michelin.com/en/catalunya/barcelona/restaurant/enoteca204150,2_star,Barcelona,Spain,Marina 19 Barcelona Catalonia 08005 ESP,Barcelona,Catalonia,08005,41.3870079,2.1966347,ChIJ0Ulj4g6jpBIRDNNmVg5Hr2E
Ensui,https://guide.michelin.com/en/tokyo-region/tokyo/restaurant/ensui,2_star,Tokyo,Japan,"1-5-12 Nakameguro, Meguro-ku Tokyo Tokyo 153-0061 JPN",Tokyo,Tokyo,153-0061,35.6442913,139.7024371,ChIJGYctX1qLGGARF_Vu_i51A8U
FACIL,https://guide.michelin.com/en/berlin-region/berlin/restaurant/facil,2_star,Berlin,Germany,Potsdamer Straße 3 Berlin Berlin 10785 DEU,Berlin,Berlin,10785,52.5089804,13.37369,ChIJA-K5lEpQqEcRHGv7ScsVIXs
Flore,https://guide.michelin.com/en/noord-holland/amsterdam/restaurant/flore,2_star,Amsterdam,Netherlands,Nieuwe Doelenstraat 2 Amsterdam Noord-Holland 1012 CP NLD,Amsterdam,Noord-Holland,1012 CP,52.3675491,4.8940847,ChIJByFbDsAJxkcRN01cFVhNlAY
Florilège,https://guide.michelin.com/en/tokyo-region/tokyo/restaurant/florilege,2_star,Tokyo,Japan,"2F, Azabudai Hills Garden Plaza D, 5-10-7 Toranomon, Minato-ku Tokyo Tokyo 105-0001 JPN",Tokyo,Tokyo,105-0001,35.66160929999999,139.7434466,ChIJhU8r4Ba6JhUR2uFksk0mpCg
Ginza Fukuju,https://guide.michelin.com/en/tokyo-region/tokyo/restaurant/ginza-fukuju,2_star,Tokyo,Japan,"5F, 8-8-19 Ginza, Chuo-ku Tokyo Tokyo 104-0061 JPN",Tokyo,Tokyo,104-0061,35.6685106,139.7615542,ChIJid3jjOiLGGARSZVKjWBL3B0
Ginza Kojyu,https://guide.michelin.com/en/tokyo-region/tokyo/restaurant/ginza-koju,2_star,Tokyo,Japan,"4F, 5-4-8 Ginza, Chuo-ku Tokyo Tokyo 104-0061 JPN",Tokyo,Tokyo,104-0061,35.6714446,139.7630117,ChIJVWDJ2-iLGGARrb9VTXObGIE
Glam Enrico Bartolini,https://guide.michelin.com/en/veneto/venezia/restaurant/glam-enrico-bartolini,2_star,Venice,Italy,"calle Tron, sestiere Santa Croce 1961 Venice Veneto 30135 ITA",Venice,Veneto,30135,45.441379,12.329912,ChIJcypW7sOxfkcRz-086hZfk34
Humble Chicken,https://guide.michelin.com/en/greater-london/london/restaurant/humble-chicken,2_star,London,United Kingdom,"54 Frith Street, Soho London Greater London W1D 4SL GBR",London,Greater London,W1D 4SL,51.5138327,-0.1317855,ChIJj2LUnbgFdkgRs__gtpjkPRg
Ikoyi,https://guide.michelin.com/en/greater-london/london/restaurant/ikoyi,2_star,London,United Kingdom,"180 Strand, Strand London Greater London WC2R 1EA GBR",London,Greater London,WC2R 1EA,51.5123709,-0.1155465999999999,ChIJkw2CZtEEdkgRgiNBxbdniHE
Jingumae Higuchi,https://guide.michelin.com/en/tokyo-region/tokyo/restaurant/jingumae-higuchi,2_star,Tokyo,Japan,"2-19-12 Jingumae, Shibuya-ku Tokyo Tokyo 150-0001 JPN",Tokyo,Tokyo,150-0001,35.6734807,139.7101347,ChIJV2-ROL2MGGARk60gr5o9tGo
KAHALA,https://guide.michelin.com/en/osaka-region/osaka/restaurant/kahala,2_star,Osaka,Japan,"2F, 1-9-2 Sonezakishinchi, Kita-ku Osaka Osaka 530-0002 JPN",Osaka,Osaka,530-0002,34.6975174,135.4996911,ChIJJ2c3rRHnAGARy4Y2SErhQZI
KOMU,https://guide.michelin.com/en/bayern/mnchen/restaurant/komu,2_star,Munich,Germany,Hackenstraße 4 Munich Bavaria 80331 DEU,Munich,Bavaria,80331,48.1360757,11.5705077,ChIJkXU5mvV1nkcR9I3UFP_m3rs
Kitchen Table,https://guide.michelin.com/en/greater-london/london/restaurant/kitchen-table,2_star,London,United Kingdom,"70 Charlotte Street, Fitzrovia London Greater London W1T 4QG GBR",London,Greater London,W1T 4QG,51.5203787,-0.1365322,ChIJ3aa-YCkbdkgRo5LPUQzy0hI
Konstantin Filippou,https://guide.michelin.com/en/vienna/wien/restaurant/konstantin-filippou,2_star,Vienna,Austria,Dominikanerbastei 17 Vienna Vienna 1010 AUT,Vienna,Vienna,1010,48.210659,16.379842,ChIJxZvrdaAHbUcRfK4VTaO9nzI
Kutan,https://guide.michelin.com/en/tokyo-region/tokyo/restaurant/kutan,2_star,Tokyo,Japan,"2-5-5 Shintomi, Chuo-ku Tokyo Tokyo 104-0041 JPN",Tokyo,Tokyo,104-0041,35.6716029,139.7740198,ChIJlem96IqJGGARvMGghbakQxo
L'Abysse Paris,https://guide.michelin.com/en/ile-de-france/paris/restaurant/l-abysse-paris,2_star,Paris,France,8 avenue Dutuit Paris Ile-de-France 75008 FRA,Paris,Ile-de-France,75008,48.8661442,2.316638,ChIJ58nVS2Bv5kcRvO8K9yE_nGk
L'Oiseau Blanc,https://guide.michelin.com/en/ile-de-france/paris/restaurant/l-oiseau-blanc,2_star,Paris,France,"The Peninsula Paris, 19 avenue Kléber Paris Ile-de-France 75116 FRA",Paris,Ile-de-France,75116,48.8707437,2.2933137,ChIJZXST6-5v5kcR2yYcipYCUqA
L'Orangerie,https://guide.michelin.com/en/ile-de-france/paris/restaurant/l-orangerie505878,2_star,Paris,France,"Four Seasons George V, 31 avenue George-V Paris Ile-de-France 75008 FRA",Paris,Ile-de-France,75008,48.8688845,2.300262500000001,ChIJZ8yNJuhv5kcRAcHrclt49NM
La Yeon,https://guide.michelin.com/en/seoul-capital-area/kr-seoul/restaurant/la-yeon,2_star,Seoul,South Korea,"23F Shilla Hotel, 249 Dongho-ro, Jung-gu Seoul Seoul Capital Area 04605 KOR",Seoul,Seoul Capital Area,04605,37.5557646,127.0050866,ChIJf8Lq1wSjfDURbuyVUM14Svc
Le Jules Verne,https://guide.michelin.com/en/ile-de-france/paris/restaurant/le-jules-verne,2_star,Paris,France,Tour Eiffel - 6 avenue Gustave-Eiffel Paris Ile-de-France 75007 FRA,Paris,Ile-de-France,75007,48.8583698,2.2944833,ChIJl_7p8uFv5kcRj5ZGEf31ILM
MAZ,https://guide.michelin.com/en/tokyo-region/tokyo/restaurant/maz,2_star,Tokyo,Japan,"3F, Tokyo Garden Terrace Kioicho, 1-3 Kioicho, Chiyoda-ku Tokyo Tokyo 102-0094 JPN",Tokyo,Tokyo,102-0094,35.6794272,139.7376625,ChIJHbq1qLiNGGARNlnd4lieF7I
Mitou,https://guide.michelin.com/en/seoul-capital-area/kr-seoul/restaurant/mitou,2_star,Seoul,South Korea,"24 Dosan-daero 70-gil, Gangnam-gu Seoul Seoul Capital Area 06064 KOR",Seoul,Seoul Capital Area,06064,37.5221974,127.0450306,ChIJGZ6vIe2jfDURWOUsVCO94cA
Miyamoto,https://guide.michelin.com/en/osaka-region/osaka/restaurant/miyamoto,2_star,Osaka,Japan,"2-10-28 Higashitemma, Kita-ku Osaka Osaka 530-0044 JPN",Osaka,Osaka,530-0044,34.6983348,135.5131751,ChIJQ77oK9vmAGAROyJA1ELG1wA
Mont Bar,https://guide.michelin.com/en/catalunya/barcelona/restaurant/mont-bar,2_star,Barcelona,Spain,Diputació 220 Barcelona Catalonia 08001 ESP,Barcelona,Catalonia,08001,41.38622,2.161686,ChIJ0dN7e4yipBIRegh8fqP2o98
NARISAWA,https://guide.michelin.com/en/tokyo-region/tokyo/restaurant/narisawa,2_star,Tokyo,Japan,"2-6-15 Minamiaoyama, Minato-ku Tokyo Tokyo 107-0062 JPN",Tokyo,Tokyo,107-0062,35.6715705,139.7220378,ChIJrbAVNIOMGGARXNvkApcqvng
Numata,https://guide.michelin.com/en/osaka-region/osaka/restaurant/numata,2_star,Osaka,Japan,"7F, 1-10-2 Sonezakishinchi, Kita-ku Osaka Osaka 530-0002 JPN",Osaka,Osaka,530-0002,34.6980061,135.4979247,ChIJwfy2vUvnAGAR73iGlL_yQkI
Oimatsu Hisano,https://guide.michelin.com/en/osaka-region/osaka/restaurant/oimatsu-hisano,2_star,Osaka,Japan,"4-8-3 Nishitemma, Kita-ku Osaka Osaka 530-0047 JPN",Osaka,Osaka,530-0047,34.6970229,135.5028681,ChIJoUJJOejmAGARrAMPH_hs3s0
Paco Roncero,https://guide.michelin.com/en/comunidad-de-madrid/madrid/restaurant/la-terraza-del-casino,2_star,Madrid,Spain,Alcalá 15 Madrid Community of Madrid 28014 ESP,Madrid,Community of Madrid,28014,40.417975,-3.7003889,ChIJ8XazK4EoQg0RZLOowkzfVGM
R-Haan,https://guide.michelin.com/en/bangkok-region/bangkok/restaurant/r-haan,2_star,Bangkok,Thailand,"131 Soi Sukhumvit 53, Khlong Tan Nuea, Vadhana Bangkok Bangkok Region 10110 THA",Bangkok,Bangkok Region,10110,13.7318321,100.5795655,ChIJ-dmMWquf4jAREDFTxbjSFh0
Ramón Freixa Atelier,https://guide.michelin.com/en/comunidad-de-madrid/madrid/restaurant/ramon-freixa-atelier,2_star,Madrid,Spain,Velázquez 24 Madrid Community of Madrid 28001 ESP,Madrid,Community of Madrid,28001,40.4241855,-3.6837693,ChIJY6YqewApQg0RKjwKbXoha-4
Restaurant Allen,https://guide.michelin.com/en/seoul-capital-area/kr-seoul/restaurant/restaurant-allen,2_star,Seoul,South Korea,"2F Center field EAST E205, 231 Teheran-ro, Gangnam-gu Seoul Seoul Capital Area 06142 KOR",Seoul,Seoul Capital Area,06142,37.5036006,127.0418041,ChIJQ-Y88belfDURrUsKUS6HMVY
Restaurant Story,https://guide.michelin.com/en/greater-london/london/restaurant/story,2_star,London,United Kingdom,"199 Tooley Street, Southwark London Greater London SE1 2JX GBR",London,Greater London,SE1 2JX,51.5027614,-0.0777802,ChIJcb5nuUUDdkgRp2TnVMSprT0
Ryuzu,https://guide.michelin.com/en/tokyo-region/tokyo/restaurant/ryuzu,2_star,Tokyo,Japan,"B1F, 4-2-35 Roppongi, Minato-ku Tokyo Tokyo 106-0032 JPN",Tokyo,Tokyo,106-0032,35.6647551,139.7334715,ChIJGcAHwYKLGGARdXaJAZ9g4S4
Santa Elisabetta,https://guide.michelin.com/en/toscana/firenze/restaurant/santa-elisabetta,2_star,Florence,Italy,piazza Santa Elisabetta 3 Florence Tuscany 50122 ITA,Florence,Tuscany,50122,43.7718205,11.2557524,ChIJ4ZdxZQFUKhMRWpRqKWv90zI
Silvio Nickol Gourmet Restaurant,https://guide.michelin.com/en/vienna/wien/restaurant/silvio-nickol-gourmet-restaurant,2_star,Vienna,Austria,Coburgbastei 4 Vienna Vienna 1010 AUT,Vienna,Vienna,1010,48.2057143,16.3767235,ChIJZTTxTPUHbUcRKCVviXL6orY
Smoked Room,https://guide.michelin.com/en/comunidad-de-madrid/madrid/restaurant/smoked-room,2_star,Madrid,Spain,Paseo de la Castellana 57 Madrid Community of Madrid 28046 ESP,Madrid,Community of Madrid,28046,40.4388677,-3.6916866,ChIJq1UftCkpQg0RWN7BXvf4TVs
Soigné,https://guide.michelin.com/en/seoul-capital-area/kr-seoul/restaurant/soigne,2_star,Seoul,South Korea,"#201, 2F, Sinsa square, 652 Gangnam-daero, Gangnam-gu Seoul Seoul Capital Area 06027 KOR",Seoul,Seoul Capital Area,06027,37.5193295,127.0190326,ChIJIU2RrnahfDURNvCJDhODupM
Sukiyabashi Jiro Roppongiten,https://guide.michelin.com/en/tokyo-region/tokyo/restaurant/sukiyabashi-jiro-roppongiten,2_star,Tokyo,Japan,"3F, Roppongi Hills Residence B, 6-12-2 Roppongi, Minato-ku Tokyo Tokyo 106-0032 JPN",Tokyo,Tokyo,106-0032,35.6586978,139.7291446,ChIJ8YRM9HaLGGAREUm4zmzF3R4
Sushi Kanesaka,https://guide.michelin.com/en/tokyo-region/tokyo/restaurant/sushi-kanesaka,2_star,Tokyo,Japan,"B1F, 8-10-3 Ginza, Chuo-ku Tokyo Tokyo 104-0061 JPN",Tokyo,Tokyo,104-0061,35.6679854,139.7626302,ChIJ4bf41-eLGGAR-8MK9GqIm7c
Tempura Kondo,https://guide.michelin.com/en/tokyo-region/tokyo/restaurant/tempura-kondo,2_star,Tokyo,Japan,"9F, 5-5-13 Ginza, Chuo-ku Tokyo Tokyo 104-0061 JPN",Tokyo,Tokyo,104-0061,35.6711696,139.7631786,ChIJX2Mb_eWLGGARvhx7F4hr3FA
Tempura Motoyoshi,https://guide.michelin.com/en/tokyo-region/tokyo/restaurant/tempura-motoyoshi,2_star,Tokyo,Japan,"3F, 2-8-11 Ebisunishi, Shibuya-ku Tokyo Tokyo 150-0021 JPN",Tokyo,Tokyo,150-0021,35.6495351,139.7075519,ChIJ3cFPK-aLGGARNaz58SuwM7M
Tim Raue,https://guide.michelin.com/en/berlin-region/berlin/restaurant/tim-raue,2_star,Berlin,Germany,Rudi-Dutschke-Straße 26 Berlin Berlin 10969 DEU,Berlin,Berlin,10969,52.5068988,13.3914818,ChIJpdyYVNFRqEcRFTrYsDXDrY4
Yugen,https://guide.michelin.com/en/osaka-region/osaka/restaurant/yugen-1193266,2_star,Osaka,Japan,"14-14 Ishigatsujicho, Tennoji-ku Osaka Osaka 543-0031 JPN",Osaka,Osaka,543-0031,34.6647441,135.5216702,ChIJLU9DrN7nAGARNyEAfbSqwxk
1804 Hirschau,https://guide.michelin.com/en/bayern/mnchen/restaurant/1804-hirschau,1_star,Munich,Germany,Gyßlingstraße 15 Munich Bavaria 80805 DEU,Munich,Bavaria,80805,48.1616958,11.6029032,ChIJCUeOzHx1nkcR8qrOfFvCNF8
1890 by Gordon Ramsay,https://guide.michelin.com/en/greater-london/london/restaurant/1890-by-gordon-ramsay,1_star,London,United Kingdom,Strand London Greater London WC2R 0EU GBR,London,Greater London,WC2R 0EU,51.51023970000001,-0.1206429,ChIJpYnCw78FdkgRoVHfIfSrTas
64 Goodge Street,https://guide.michelin.com/en/greater-london/london/restaurant/64-goodge-street,1_star,London,United Kingdom,"64 Goodge Street, Fitzrovia London Greater London W1T 4NF GBR",London,Greater London,W1T 4NF,51.5190656,-0.1369085,ChIJVVUuwSsbdkgRRSNEGe3BRBU
7th Door,https://guide.michelin.com/en/seoul-capital-area/kr-seoul/restaurant/7th-door,1_star,Seoul,South Korea,"4F, 41 Hakdong-ro 97-gil, Gangnam-gu Seoul Seoul Capital Area 06072 KOR",Seoul,Seoul Capital Area,06072,37.5223712,127.0542979,ChIJJ1xm8n-lfDUR5AOAQSJ0oeM
80/20,https://guide.michelin.com/en/bangkok-region/bangkok/restaurant/80-20,1_star,Bangkok,Thailand,"1052-1054 Charoen Krung 26 Road, Bang Rak Bangkok Bangkok Region 10500 THA",Bangkok,Bangkok Region,10500,13.7311064,100.515471,ChIJz4dTqxCZ4jARg1Ozcy1B_XM
AVANT,https://guide.michelin.com/en/bangkok-region/bangkok/restaurant/avant,1_star,Bangkok,Thailand,"30F, Kimpton Maa-Lai Bangkok, 78 Soi Ton Son, Lumphini, Pathum Wan Bangkok Bangkok Region 10300 THA",Bangkok,Bangkok Region,10300,13.73768,100.543443,ChIJXfTB2L2f4jARtLgqJNfth2c
Achilli al Parlamento,https://guide.michelin.com/en/lazio/roma/restaurant/enoteca-al-parlamento-achilli,1_star,Rome,Italy,via dei Prefetti 15 Rome Lazio 00186 ITA,Rome,Lazio,00186,41.9023898,12.4769983,ChIJyez7alFgLxMRkieOc9RPtR8
Agapé,https://guide.michelin.com/en/ile-de-france/paris/restaurant/agape,1_star,Paris,France,51 rue Jouffroy-d'Abbans Paris Ile-de-France 75017 FRA,Paris,Ile-de-France,75017,48.8848539,2.3069514,ChIJQ3-giLxv5kcRgYmfvT0hy6I
Agli Amici Dopolavoro,https://guide.michelin.com/en/veneto/venezia/restaurant/dopolavoro,1_star,Venice,Italy,isola delle Rose Venice Veneto 30133 ITA,Venice,Veneto,30133,45.4052033,12.3196881,ChIJ5TcE8q-xfkcRcrqRAe_R64Q
Ajikitcho Bumbuan,https://guide.michelin.com/en/osaka-region/osaka/restaurant/ajikitcho-bumbuan,1_star,Osaka,Japan,"B1F, Hommachi Garden City, 3-6-4 Hommachi, Chuo-ku Osaka Osaka 541-0053 JPN",Osaka,Osaka,541-0053,34.6831402,135.5010111,ChIJt_Bx7x3nAGARobr1HJ73T0w
Akasaka Shimabukuro,https://guide.michelin.com/en/tokyo-region/tokyo/restaurant/akasaka-shimabukuro,1_star,Tokyo,Japan,"3F, 3-21-8 Akasaka, Minato-ku Tokyo Tokyo 107-0052 JPN",Tokyo,Tokyo,107-0052,35.6708284,139.7355408,ChIJTxQeF4GLGGAReO6h5oI8X2Q
Akoko,https://guide.michelin.com/en/greater-london/london/restaurant/akoko,1_star,London,United Kingdom,"21 Berners Street, Fitzrovia London Greater London W1T3LP GBR",London,Greater London,W1T3LP,51.5177129,-0.1368354,ChIJU7uHDYcbdkgRttS28-dNO7E
Akrame,https://guide.michelin.com/en/ile-de-france/paris/restaurant/akrame507272,1_star,Paris,France,7 rue Tronchet Paris Ile-de-France 75008 FRA,Paris,Ile-de-France,75008,48.87144490000001,2.3252046,ChIJbZwQYu5v5kcR3uAetlru3Go
Aksorn,https://guide.michelin.com/en/bangkok-region/bangkok/restaurant/aksorn,1_star,Bangkok,Thailand,"5F, Central: The Original Store, 1266 Charoenkrung Road, Bang Rak Bangkok Bangkok Region 10500 THA",Bangkok,Bangkok Region,10500,13.7245013,100.516239,ChIJERWr0WuZ4jARXtohpCb5n1E
Akuna,https://guide.michelin.com/en/ho-chi-minh/ho-chi-minh_2978179/restaurant/akuna,1_star,Ho Chi Minh City,Vietnam,"9F, Le Méridien Hotel, 3C Ton Duc Thang Street, Ben Nghe Ward, District 1 Ho Chi Minh City Hồ Chí Minh 700000 VNM",Ho Chi Minh City,Hồ Chí Minh,700000,10.7797911,106.7075269,ChIJ3ZrrlpIvdTER7s7xny5hbVA
All'Oro,https://guide.michelin.com/en/lazio/roma/restaurant/all-oro,1_star,Rome,Italy,via Giuseppe Pisanelli 25 Rome Lazio 00196 ITA,Rome,Lazio,00196,41.9139005,12.4728606,ChIJ78OrZyJhLxMRjI91m6yLGS0
Amaya,https://guide.michelin.com/en/greater-london/london/restaurant/amaya,1_star,London,United Kingdom,"Halkin Arcade, 19 Motcomb Street, Belgravia London Greater London SW1X 8JT GBR",London,Greater London,SW1X 8JT,51.499305,-0.1570985,ChIJp_GF9TsFdkgR-LPVooRUYyE
Angle,https://guide.michelin.com/en/catalunya/barcelona/restaurant/angle,1_star,Barcelona,Spain,Aragó 214 Barcelona Catalonia 08011 ESP,Barcelona,Catalonia,08011,41.3881898,2.1599356,ChIJecv7K4yipBIRs8mIO7ud1vY
Angler,https://guide.michelin.com/en/greater-london/london/restaurant/angler392235,1_star,London,United Kingdom,"3 South Place, Finsbury London Greater London EC2M 2AF GBR",London,Greater London,EC2M 2AF,51.5190865,-0.0864165,ChIJU07oP6wcdkgRxecDS1lBdlc
AngloThai,https://guide.michelin.com/en/greater-london/london/restaurant/anglothai,1_star,London,United Kingdom,"22 Seymour Place, Marylebone London Greater London W1H 7NL GBR",London,Greater London,W1H 7NL,51.5151342,-0.1611017,ChIJf1zYBOYbdkgRpisa6lDN5es
Anne,https://guide.michelin.com/en/ile-de-france/paris/restaurant/anne,1_star,Paris,France,28 place des Vosges Paris Ile-de-France 75003 FRA,Paris,Ile-de-France,75003,48.8563501,2.3660643,ChIJGZbt11dv5kcRxGUcs6VnlSc
Atempo,https://guide.michelin.com/en/catalunya/barcelona/restaurant/atempo-1196425,1_star,Barcelona,Spain,Còrsega 200 Barcelona Catalonia 08036 ESP,Barcelona,Catalonia,08036,41.3909778,2.1523338,ChIJHbrt5pLnuhIRtGv2L0MoImQ
Atto di Vito Mollica,https://guide.michelin.com/en/toscana/firenze/restaurant/atto-di-vito-mollica,1_star,Florence,Italy,via del Corso 6 Florence Tuscany 50122 ITA,Florence,Tuscany,50122,43.7715125,11.2573904,ChIJBZGWxU1VKhMRDdBZosnDJ9E
Aulis,https://guide.michelin.com/en/greater-london/london/restaurant/aulis,1_star,London,United Kingdom,"16 St Anne's Court, Soho London Greater London W1F 0BF GBR",London,Greater London,W1F 0BF,51.5143774,-0.1343204,ChIJyZd6oCcFdkgR8CXAKet9630
Azabujuban Fukuda,https://guide.michelin.com/en/tokyo-region/tokyo/restaurant/azabujuban-fukuda,1_star,Tokyo,Japan,"3-7-5 Azabujuban, Minato-ku Tokyo Tokyo 106-0045 JPN",Tokyo,Tokyo,106-0045,35.653644,139.735045,ChIJAQDksKGLGGAR9nN2zDvpJWo
BEIGE Alain Ducasse,https://guide.michelin.com/en/tokyo-region/tokyo/restaurant/beige-alain-ducasse,1_star,Tokyo,Japan,"10F, 3-5-3 Ginza, Chuo-ku Tokyo Tokyo 104-0061 JPN",Tokyo,Tokyo,104-0061,35.6729966,139.7665258,ChIJDxzYF-SLGGARQYB8-Z27qAI
BOTTEGA,https://guide.michelin.com/en/tokyo-region/tokyo/restaurant/bottega-1194168,1_star,Tokyo,Japan,"B1F, 5-17-8 Hiro, Shibuya-ku Tokyo Tokyo 150-0012 JPN",Tokyo,Tokyo,150-0012,35.649467,139.720405,ChIJe-2kNW2LGGAR8-2OQls4HK8
Behind,https://guide.michelin.com/en/greater-london/london/restaurant/behind,1_star,London,United Kingdom,"20 Sidworth Street, London Fields London Greater London E8 3SD GBR",London,Greater London,E8 3SD,51.53926550000001,-0.0574991,ChIJdyD4g3MddkgRu4WVVDnjZv8
Bellefeuille - Saint James Paris,https://guide.michelin.com/en/ile-de-france/paris/restaurant/bellefeuille-saint-james-paris,1_star,Paris,France,"Saint James Paris, 5 place du Chancelier-Adenauer Paris Ile-de-France 75116 FRA",Paris,Ile-de-France,75116,48.8705451,2.2799786,ChIJh6iPsZNv5kcRbwL5NqrZtqA
Benares,https://guide.michelin.com/en/greater-london/london/restaurant/benares,1_star,London,United Kingdom,"12a Berkeley Square, Mayfair London Greater London W1J 6BS GBR",London,Greater London,W1J 6BS,51.5098466,-0.1450788999999999,ChIJAStk3ysFdkgR8XBBK_CEfuU
Bicena,https://guide.michelin.com/en/seoul-capital-area/kr-seoul/restaurant/bicena,1_star,Seoul,South Korea,"81F Lotte World Tower, 300 Olympic-ro, Songpa-gu Seoul Seoul Capital Area 05551 KOR",Seoul,Seoul Capital Area,05551,37.5126072,127.1025386,ChIJIQaZkQqlfDUR5qNX-DM-Blw
Bieberbau,https://guide.michelin.com/en/berlin-region/berlin/restaurant/bieberbau,1_star,Berlin,Germany,Durlacher Straße 15 Berlin Berlin 10715 DEU,Berlin,Berlin,10715,52.4795489,13.3337296,ChIJpakOFGRQqEcRXFBSJ6zv3uI
Blue by Alain Ducasse,https://guide.michelin.com/en/bangkok-region/bangkok/restaurant/blue-by-alain-ducasse,1_star,Bangkok,Thailand,"Unit L101, 1F, ICONLUXE ICONSIAM Shopping Centre, 299 Charoen Nakhon Road, Khlong Ton Sai, Khlong San Bangkok Bangkok Region 10600 THA",Bangkok,Bangkok Region,10600,13.7264844,100.5103708,ChIJaa9v9cKZ4jARCdXA1Oxli0A
Bonvivant,https://guide.michelin.com/en/berlin-region/berlin/restaurant/bonvivant-1197308,1_star,Berlin,Germany,Goltzstraße 32 Berlin Berlin 10781 DEU,Berlin,Berlin,10781,52.4946487,13.3537681,ChIJzXYmKGtRqEcRVXjyURzEDO8
Borgo San Jacopo,https://guide.michelin.com/en/toscana/firenze/restaurant/borgo-san-jacopo,1_star,Florence,Italy,borgo San Jacopo 62 r Florence Tuscany 50125 ITA,Florence,Tuscany,50125,43.76800720000001,11.2512944,ChIJA45TS1VRKhMRgbM7H3V5234
Bougainville,https://guide.michelin.com/en/noord-holland/amsterdam/restaurant/bougainville,1_star,Amsterdam,Netherlands,Dam 27 Amsterdam Noord-Holland 1012 JS NLD,Amsterdam,Noord-Holland,1012 JS,52.37245600000001,4.893293,ChIJn8V5MccJxkcRHVZpXXoRPps
Brat,https://guide.michelin.com/en/greater-london/london/restaurant/brat,1_star,London,United Kingdom,"4 Redchurch Street, Shoreditch London Greater London E1 6JL GBR",London,Greater London,E1 6JL,51.5242042,-0.0767031,ChIJ7XVltrAcdkgRISmskLX7lbw
Bricole,https://guide.michelin.com/en/berlin-region/berlin/restaurant/bricole,1_star,Berlin,Germany,Senefelderstraße 30 Berlin Berlin 10437 DEU,Berlin,Berlin,10437,52.5409912,13.4224642,ChIJQUACIP5NqEcRUZbYNUUL1DU
Brothers,https://guide.michelin.com/en/bayern/mnchen/restaurant/brothers,1_star,Munich,Germany,Kurfürstenstraße 31 Munich Bavaria 80801 DEU,Munich,Bavaria,80801,48.1562486,11.5757431,ChIJt3PaPup1nkcRxj7eNtX8VHU
CEBO,https://guide.michelin.com/en/comunidad-de-madrid/madrid/restaurant/cebo-1203091,1_star,Madrid,Spain,San Jerónimo 34 Madrid Community of Madrid 28014 ESP,Madrid,Community of Madrid,28014,40.41636,-3.69863,ChIJaZxVboEoQg0R2Xyk4VBN6QA
COME by Paco Méndez,https://guide.michelin.com/en/catalunya/barcelona/restaurant/come-by-paco-mendez,1_star,Barcelona,Spain,Avenida del Mistral 54 Barcelona Catalonia 08015 ESP,Barcelona,Catalonia,08015,41.3761701,2.1541304,ChIJVwv2p3yipBIR303yebWvbbM
CUE,https://guide.michelin.com/en/noord-holland/amsterdam/restaurant/cue,1_star,Amsterdam,Netherlands,Utrechtsestraat 30A Amsterdam Noord-Holland 1017 VN NLD,Amsterdam,Noord-Holland,1017 VN,52.3644265,4.8979664,ChIJmQn4sSwJxkcRlfgr7QtbEyA
CYCLE by Mauro Colagreco,https://guide.michelin.com/en/tokyo-region/tokyo/restaurant/cycle-by-mauro-colagreco,1_star,Tokyo,Japan,"1F, Otemachi One, 1-2-1 Otemachi, Chiyoda-ku Tokyo Tokyo 100-0004 JPN",Tokyo,Tokyo,100-0004,35.6877931,139.7623496,ChIJT0lK9DSNGGARIoc0dYDKbYU
Cannubi by Umberto Bombana,https://guide.michelin.com/en/bangkok-region/bangkok/restaurant/cannubi-by-umberto-bombana,1_star,Bangkok,Thailand,"LF, Dusit Thani Bangkok, 98 Rama IV Road, Silom, Bangrak Bangkok Bangkok Region 10500 THA",Bangkok,Bangkok Region,10500,13.7280159,100.5377081,ChIJRz3UM0eZ4jAR5l4nHLAwqu4
Casa De Carli,https://guide.michelin.com/en/prague/prague/restaurant/casa-de-carli,1_star,Prague,Czech Republic,Vězeňská 5 Prague Prague 11 000 CZE,Prague,Prague,11 000,50.0905608,14.4216907,ChIJ9c-uz-mUC0cRc2WhhS4ba28
Casa Fofō,https://guide.michelin.com/en/greater-london/london/restaurant/casa-fofo,1_star,London,United Kingdom,"158 Sandringham Road, Dalston London Greater London E8 2HS GBR",London,Greater London,E8 2HS,51.5499411,-0.0641369,ChIJq_N9NKgddkgRPmF9XapQArk
Chez Bruce,https://guide.michelin.com/en/greater-london/london/restaurant/chez-bruce,1_star,London,United Kingdom,"2 Bellevue Road, Wandsworth London Greater London SW17 7EG GBR",London,Greater London,SW17 7EG,51.4460039,-0.1656467999999999,ChIJFTMRjekFdkgRNMUgOPPr5VY
Chispa Bistró,https://guide.michelin.com/en/comunidad-de-madrid/madrid/restaurant/chispa-bistro,1_star,Madrid,Spain,Barquillo 8 Madrid Community of Madrid 28004 ESP,Madrid,Community of Madrid,28004,40.4202476,-3.695498299999999,ChIJFZPvPOgpQg0Rh6yW8vBMM58
CieL,https://guide.michelin.com/en/ho-chi-minh/ho-chi-minh_2978179/restaurant/ciel%C2%A0,1_star,Ho Chi Minh City,Vietnam,"50 6/3 Street, Thao Dien Ward, Thu Duc City Ho Chi Minh City Hồ Chí Minh 713000 VNM",Ho Chi Minh City,Hồ Chí Minh,713000,10.8048085,106.7334666,ChIJ15AVEwAndTER67Ng7TJICpE
Clos Madrid,https://guide.michelin.com/en/comunidad-de-madrid/madrid/restaurant/clos-madrid,1_star,Madrid,Spain,Raimundo Fernández Villaverde 24 Madrid Community of Madrid 28003 ESP,Madrid,Community of Madrid,28003,40.4461316,-3.6994505,ChIJF6dzp_koQg0R62gcjySme7g
Club Gascon,https://guide.michelin.com/en/greater-london/london/restaurant/club-gascon,1_star,London,United Kingdom,"57 West Smithfield, City of London London Greater London EC1A 9DS GBR",London,Greater London,EC1A 9DS,51.5186292,-0.1002363999999999,ChIJ8SPji1MbdkgRMoaF7VECW1M
Coco Dining,https://guide.michelin.com/en/ho-chi-minh/ho-chi-minh_2978179/restaurant/coco-dining,1_star,Ho Chi Minh City,Vietnam,"143 Nam Ky Khoi Nghia Street, Vo Thi Sau Ward, District 3 Ho Chi Minh City Hồ Chí Minh 700000 VNM",Ho Chi Minh City,Hồ Chí Minh,700000,10.78068,106.6932882,ChIJ87LjurgvdTERohxhKxCsPDM
Coda,https://guide.michelin.com/en/bangkok-region/bangkok/restaurant/coda-1206365,1_star,Bangkok,Thailand,"130-132 Wireless Road, Lumphini, Pathum Wan Bangkok Bangkok Region 10330 THA",Bangkok,Bangkok Region,10330,13.7359882,100.5460214,ChIJr81GL1ef4jARIBWQ8vluIr4
Corral de la Morería Gastronómico,https://guide.michelin.com/en/comunidad-de-madrid/madrid/restaurant/corral-de-la-moreria-gastronomico,1_star,Madrid,Spain,Morería 17 Madrid Community of Madrid 28005 ESP,Madrid,Community of Madrid,28005,40.4126689,-3.7142336,ChIJozCS4HcoQg0RrX_GowuiJko
Cycene,https://guide.michelin.com/en/greater-london/london/restaurant/cycene,1_star,London,United Kingdom,"Blue Mountain School, 9 Chance Street, Shoreditch London Greater London E2 7JB GBR",London,Greater London,E2 7JB,51.5245509,-0.0752265,ChIJsxeqTo4ddkgRJq0WOb2AgvE
Daalder,https://guide.michelin.com/en/noord-holland/amsterdam/restaurant/daalder-1200903,1_star,Amsterdam,Netherlands,Postjesweg 1 Amsterdam Noord-Holland 1057 DT NLD,Amsterdam,Noord-Holland,1057 DT,52.3642559,4.8590561,ChIJu61sS84JxkcR9DvNepP2cfU
Daigo,https://guide.michelin.com/en/tokyo-region/tokyo/restaurant/daigo,1_star,Tokyo,Japan,"2F, Forest Tower, 2-3-1 Atago, Minato-ku Tokyo Tokyo 105-0002 JPN",Tokyo,Tokyo,105-0002,35.663512,139.7489627,ChIJLXYlT5SLGGARR1b1ARFUUmw
Desde 1911,https://guide.michelin.com/en/comunidad-de-madrid/madrid/restaurant/desde-1911,1_star,Madrid,Spain,Vivero 3 Madrid Community of Madrid 28040 ESP,Madrid,Community of Madrid,28040,40.4484155,-3.709937000000001,ChIJnXNVR5spQg0Rme2Rv3TPPJM
Dining Room at The Goring,https://guide.michelin.com/en/greater-london/london/restaurant/dining-room-at-the-goring,1_star,London,United Kingdom,"15 Beeston Place, Belgravia London Greater London SW1W 0JW GBR",London,Greater London,SW1W 0JW,51.4975261,-0.145622,ChIJXalKaSEFdkgRFq49_DDicaA
Divellec,https://guide.michelin.com/en/ile-de-france/paris/restaurant/divellec,1_star,Paris,France,18 rue Fabert Paris Ile-de-France 75007 FRA,Paris,Ile-de-France,75007,48.8610635,2.3113546,ChIJv1HUW9dv5kcRSrNx_IaOe-g
Dominique Bouchet Tokyo,https://guide.michelin.com/en/tokyo-region/tokyo/restaurant/dominique-bouchet-1194086,1_star,Tokyo,Japan,"2F, 1-5-6 Ginza, Chuo-ku Tokyo Tokyo 104-0061 JPN",Tokyo,Tokyo,104-0061,35.6748081,139.7672959,ChIJM6mMWeaLGGARrm7FtLxwl10
Don Juan II,https://guide.michelin.com/en/ile-de-france/paris/restaurant/don-juan-ii,1_star,Paris,France,Port Debilly Paris Ile-de-France 75016 FRA,Paris,Ile-de-France,75016,48.8627847,2.2956447,ChIJV893WNdx5kcRId2B1-rDEZU
Dorian,https://guide.michelin.com/en/greater-london/london/restaurant/dorian,1_star,London,United Kingdom,"105 Talbot Road, Notting Hill London Greater London W11 2AT GBR",London,Greater London,W11 2AT,51.5166016,-0.2006305,ChIJR1l41mURdkgRZuhK2hbBxRM
Dos Palillos,https://guide.michelin.com/en/catalunya/barcelona/restaurant/dos-palillos,1_star,Barcelona,Spain,Elisabets 9 Barcelona Catalonia 08001 ESP,Barcelona,Catalonia,08001,41.3833338,2.1686079,ChIJyaJCM_SipBIRxsdH2ToFYe0
Dysart Petersham,https://guide.michelin.com/en/greater-london/london/restaurant/dysart-petersham,1_star,London,United Kingdom,"135 Petersham Road, Richmond London Greater London TW10 7AA GBR",London,Greater London,TW10 7AA,51.4465883,-0.3002246,ChIJDauqLMw0cEERuqNQ5irvxGk
EMi,https://guide.michelin.com/en/comunidad-de-madrid/madrid/restaurant/emi,1_star,Madrid,Spain,Gaztambide 64 Madrid Community of Madrid 28015 ESP,Madrid,Community of Madrid,28015,40.4387803,-3.7151434,ChIJ-XWGCQApQg0RudGlyNawyMY
ES,https://guide.michelin.com/en/ile-de-france/paris/restaurant/es,1_star,Paris,France,91 rue de Grenelle Paris Ile-de-France 75007 FRA,Paris,Ile-de-France,75007,48.8562838,2.3211368,ChIJ3dS2pSpw5kcR_W2ALSc4OWA
ESTERRE by Alain Ducasse,https://guide.michelin.com/en/tokyo-region/tokyo/restaurant/esterre-by-alain-ducasse,1_star,Tokyo,Japan,"6F, Palace Hotel Tokyo, 1-1-1 Marunouchi, Chiyoda-ku Tokyo Tokyo 100-0005 JPN",Tokyo,Tokyo,100-0005,35.6845001,139.7612211,ChIJvdCFOViNGGARX8UQQd7MBmg
EWIG,https://guide.michelin.com/en/tokyo-region/tokyo/restaurant/ewig,1_star,Tokyo,Japan,"2F, 4-3-23 Minamiaoyama, Minato-ku Tokyo Tokyo 107-0062 JPN",Tokyo,Tokyo,107-0062,35.6636806,139.711596,ChIJg7mFCGCLGGARoVBhjBAe5kQ
Eatanic Garden,https://guide.michelin.com/en/seoul-capital-area/kr-seoul/restaurant/eatanic-garden,1_star,Seoul,South Korea,"36F Josun Palace Hotel, 231 Teheran-ro, Gangnam-gu Seoul Seoul Capital Area 06142 KOR",Seoul,Seoul Capital Area,06142,37.5030426,127.041588,ChIJKWHZw3alfDUR5A5F61Oqj5I
Edomae Shinsaku,https://guide.michelin.com/en/tokyo-region/tokyo/restaurant/edomae-shinsaku,1_star,Tokyo,Japan,"6F, 2-10-11 Nihombashiningyocho, Chuo-ku Tokyo Tokyo 103-0013 JPN",Tokyo,Tokyo,103-0013,35.6855911,139.7839835,ChIJTYq7oTuMGGARPRWkVW95glw
Edvard,https://guide.michelin.com/en/vienna/wien/restaurant/edvard,1_star,Vienna,Austria,Schottenring 24 Vienna Vienna 1010 AUT,Vienna,Vienna,1010,48.2160873,16.3679523,ChIJxf5WUrsHbUcRh6M6GhzLoM0
El Invernadero,https://guide.michelin.com/en/comunidad-de-madrid/madrid/restaurant/el-invernadero,1_star,Madrid,Spain,Ponzano 85 Madrid Community of Madrid 28003 ESP,Madrid,Community of Madrid,28003,40.4445498,-3.6989436,ChIJF2e3OHopQg0RM2CPwRwgE2Y
"Elements, Inspired by Ciel Bleu",https://guide.michelin.com/en/bangkok-region/bangkok/restaurant/elements,1_star,Bangkok,Thailand,"25F, The Okura Prestige, 57 Wireless Road, Lumphini, Pathum Wan Bangkok Bangkok Region 10330 THA",Bangkok,Bangkok Region,10330,13.742838,100.547793,ChIJ5-kost6e4jARu60oSMCaKS4
Elystan Street,https://guide.michelin.com/en/greater-london/london/restaurant/elystan-street,1_star,London,United Kingdom,"43 Elystan Street, Chelsea London Greater London SW3 3NT GBR",London,Greater London,SW3 3NT,51.4915801,-0.1677160999999999,ChIJyYH9U2oFdkgRCr9oJuLmHiA
Endo at The Rotunda,https://guide.michelin.com/en/greater-london/london/restaurant/endo-at-the-rotunda,1_star,London,United Kingdom,"The Helios, 101 Wood Lane, Shepherd's Bush London Greater London W12 7FR GBR",London,Greater London,W12 7FR,51.5103398,-0.2260348,ChIJlxPhXggPdkgRe5kKolcB0tg
Espadon,https://guide.michelin.com/en/ile-de-france/paris/restaurant/espadon,1_star,Paris,France,"Ritz Paris, 15 place Vendôme Paris Ile-de-France 75001 FRA",Paris,Ile-de-France,75001,48.8680987,2.3288932,ChIJscSQoF1v5kcRBLtRQXzzwpE
Esszimmer - Everybody's Darling,https://guide.michelin.com/en/vienna/wien/restaurant/esszimmer-everybody-s-darling,1_star,Vienna,Austria,Tuchlauben 22 Vienna Vienna 1010 AUT,Vienna,Vienna,1010,48.2109781,16.3717238,ChIJz_gBHs0HbUcR8sc3K6dfT7c
Evelyn's Table,https://guide.michelin.com/en/greater-london/london/restaurant/evelyn-s-table,1_star,London,United Kingdom,"The Blue Posts, 28 Rupert Street, Soho London Greater London W1D 6DJ GBR",London,Greater London,W1D 6DJ,51.5111259,-0.1326177,ChIJtZpbttMEdkgRl7-te2KdeSg
FARO,https://guide.michelin.com/en/tokyo-region/tokyo/restaurant/faro-1194154,1_star,Tokyo,Japan,"10F, 8-8-3 Ginza, Chuo-ku Tokyo Tokyo 104-0061 JPN",Tokyo,Tokyo,104-0061,35.668557,139.7618936,ChIJW9Qxj-iLGGARrLFLJoOzto4
FIEF,https://guide.michelin.com/en/ile-de-france/paris/restaurant/fief,1_star,Paris,France,44 rue de la Folie-Méricourt Paris Ile-de-France 75011 FRA,Paris,Ile-de-France,75011,48.8636616,2.3724591,ChIJA_9pJnVt5kcRf7FroqePNw4
FUSHIKINO,https://guide.michelin.com/en/tokyo-region/tokyo/restaurant/fushikino,1_star,Tokyo,Japan,"2F, 4-3-11 Kagurazaka, Shinjuku-ku Tokyo Tokyo 162-0825 JPN",Tokyo,Tokyo,162-0825,35.7019759,139.7400479,ChIJ_3h281qMGGAR_mbclQ6ywYw
Field,https://guide.michelin.com/en/prague/prague/restaurant/field,1_star,Prague,Czech Republic,U Milosrdných 12 Prague Prague 110 00 CZE,Prague,Prague,110 00,50.091824,14.42206,ChIJxyKFfMKUC0cRauBsYpvume8
Fiotto,https://guide.michelin.com/en/busan-region/busan_1025838/restaurant/fiotto,1_star,Busan,South Korea,"2F, 219 Dalmaji-gil 117 beonga-gil, Haeundae-gu Busan Busan 48105 KOR",Busan,Busan,48105,35.16186709999999,129.1735612,ChIJVds1KMWNaDUR0eBDjoc3IfM
Fishølogy,https://guide.michelin.com/en/catalunya/barcelona/restaurant/fishology,1_star,Barcelona,Spain,Diputació 73 Barcelona Catalonia 08015 ESP,Barcelona,Catalonia,08015,41.3810715,2.1544805,ChIJaWwEYxqjpBIRBweS5Nnc2HY
Frog by Adam Handling,https://guide.michelin.com/en/greater-london/london/restaurant/frog-by-adam-handling,1_star,London,United Kingdom,"34-35 Southampton Street, Covent Garden London Greater London WC2E 7HG GBR",London,Greater London,WC2E 7HG,51.5108084,-0.1220354999999999,ChIJww-u68sEdkgR3lqhkcsnvBY
Frédéric Simonin,https://guide.michelin.com/en/ile-de-france/paris/restaurant/frederic-simonin,1_star,Paris,France,25 rue Bayen Paris Ile-de-France 75017 FRA,Paris,Ile-de-France,75017,48.8799589,2.2942571,ChIJR2puoJNv5kcRKwrZ40ztbfA
Fushimimachi Kakoiyama,https://guide.michelin.com/en/osaka-region/osaka/restaurant/fushimimachi-kakoiyama,1_star,Osaka,Japan,"2-4-12 Fushimimachi, Chuo-ku Osaka Osaka 541-0044 JPN",Osaka,Osaka,541-0044,34.6893127,135.5047021,ChIJr8GWY1HnAGAR5LZM0UD40Ps
GOAT,https://guide.michelin.com/en/bangkok-region/bangkok/restaurant/goat,1_star,Bangkok,Thailand,"12 Soi Ekkamai 10 Lane 2, Khlong Tan Nuea, Vadhana Bangkok Bangkok Region 10110 THA",Bangkok,Bangkok Region,10110,13.7274374,100.5872681,ChIJpe0yABKf4jARAc0xgSi-RgY
Gabelspiel,https://guide.michelin.com/en/bayern/mnchen/restaurant/gabelspiel,1_star,Munich,Germany,Zehentbauernstraße 20 Munich Bavaria 81539 DEU,Munich,Bavaria,81539,48.1136274,11.5776507,ChIJJwA5pRLfnUcR37q5yOMXZlA
Gaggan,https://guide.michelin.com/en/bangkok-region/bangkok/restaurant/gaggan-anand,1_star,Bangkok,Thailand,"68 Soi Sukhumvit 31, Sukhumvit Road, Khlong Tan Nuea, Vadhana Bangkok Bangkok Region 10110 THA",Bangkok,Bangkok Region,10110,13.7407839,100.5675867,ChIJi_nHcf-f4jARAI6VOXH0wII
Galanga,https://guide.michelin.com/en/ile-de-france/paris/restaurant/galanga,1_star,Paris,France,"Hôtel Monsieur George, 17 rue Washington Paris Ile-de-France 75008 FRA",Paris,Ile-de-France,75008,48.8729381,2.3025769,ChIJS4mhxwhv5kcR6nPiuO1DG6M
Gaya par Pierre Gagnaire,https://guide.michelin.com/en/ile-de-france/paris/restaurant/gaya-par-pierre-gagnaire,1_star,Paris,France,6 rue de Saint-Simon Paris Ile-de-France 75007 FRA,Paris,Ile-de-France,75007,48.856578,2.323987,ChIJHxHFCSpu5kcRJCFKQQug9Fg
Gaytán,https://guide.michelin.com/en/comunidad-de-madrid/madrid/restaurant/gaytan,1_star,Madrid,Spain,Príncipe de Vergara 205 Madrid Community of Madrid 28002 ESP,Madrid,Community of Madrid,28002,40.4498349,-3.678551600000001,ChIJd6M8r94oQg0RwUOiAobTPIo
Gigas,https://guide.michelin.com/en/seoul-capital-area/kr-seoul/restaurant/gigas,1_star,Seoul,South Korea,"3F, 30 Toegye-ro 6ga-gil, Jung-gu Seoul Seoul Capital Area 04635 KOR",Seoul,Seoul Capital Area,04635,37.5569672,126.9780934,ChIJ971zYXGjfDURWeiU2g-VPvI
Ginza Kitagawa,https://guide.michelin.com/en/tokyo-region/tokyo/restaurant/ginza-kitagawa,1_star,Tokyo,Japan,"3F, 2-10-11 Ginza, Chuo-ku Tokyo Tokyo 104-0061 JPN",Tokyo,Tokyo,104-0061,35.672129,139.7682689,ChIJv1ZzHuWLGGAR80F7_9EUMCU
Ginza Kousui,https://guide.michelin.com/en/tokyo-region/tokyo/restaurant/ginza-kousui,1_star,Tokyo,Japan,"8F, 6-12-14 Ginza, Chuo-ku Tokyo Tokyo 104-0061 JPN",Tokyo,Tokyo,104-0061,35.6684684,139.7612701,ChIJu3eG8uiLGGAR14kVvD_YrHI
Gucci Osteria da Massimo Bottura,https://guide.michelin.com/en/toscana/firenze/restaurant/gucci-osteria-da-massimo-bottura,1_star,Florence,Italy,piazza della Signoria 10 Florence Tuscany 50122 ITA,Florence,Tuscany,50122,43.769737,11.2568188,ChIJXWil3wBUKhMRCNkg3KPI-FY
Guchokuni,https://guide.michelin.com/en/tokyo-region/tokyo/restaurant/guchokuni,1_star,Tokyo,Japan,"4F, 4-3 Kagurazaka, Shinjuku-ku Tokyo Tokyo 162-0825 JPN",Tokyo,Tokyo,162-0825,35.70158869999999,139.7400216,ChIJfWmTv_2NGGARObiNI3xIl1I
Haobin,https://guide.michelin.com/en/seoul-capital-area/kr-seoul/restaurant/haobin,1_star,Seoul,South Korea,"2F, Ambassador-Pullman Hotel, 287 Dongho-ro, Jung-gu Seoul Seoul Capital Area 04618 KOR",Seoul,Seoul Capital Area,04618,37.560651,126.98625,ChIJw3NLnfCifDURQ0rPjilJiOw
Haoma,https://guide.michelin.com/en/bangkok-region/bangkok/restaurant/haoma,1_star,Bangkok,Thailand,"231/3 Soi Sukhumvit 31, Khlong Toei Nuea, Vadhana Bangkok Bangkok Region 10110 THA",Bangkok,Bangkok Region,10110,13.7430038,100.5676651,ChIJ8c3kP_qe4jARjg8dTyubyiA
Helen,https://guide.michelin.com/en/ile-de-france/paris/restaurant/helen,1_star,Paris,France,3 rue Berryer Paris Ile-de-France 75008 FRA,Paris,Ile-de-France,75008,48.875053,2.304002,ChIJQYII-cBv5kcRK4u21uvRoFE
Herzig,https://guide.michelin.com/en/vienna/wien/restaurant/herzig,1_star,Vienna,Austria,Schanzstrasse 14 Vienna Vienna 1150 AUT,Vienna,Vienna,1150,48.2000984,16.316951,ChIJhx36L7EHbUcRgtI0wP_b_Vw
Higashichaya Nakamura,https://guide.michelin.com/en/osaka-region/osaka/restaurant/higashichaya-nakamura,1_star,Osaka,Japan,"1-25-8 Honjohigashi, Kita-ku Osaka Osaka 531-0074 JPN",Osaka,Osaka,531-0074,34.7121026,135.5068314,ChIJJSDc2rfnAGARhSfE8r5BqkE
Higashiyama Muku,https://guide.michelin.com/en/tokyo-region/tokyo/restaurant/higashiyama-muku,1_star,Tokyo,Japan,"1-15-5 Higashiyama, Meguro-ku Tokyo Tokyo 153-0043 JPN",Tokyo,Tokyo,153-0043,35.6473676,139.6930936,ChIJn_QOCmyLGGARf8LM_E4TTzM
Hiroo Ishizaka,https://guide.michelin.com/en/tokyo-region/tokyo/restaurant/hiroo-ishizaka,1_star,Tokyo,Japan,"2F, 5-19-1 Hiro, Shibuya-ku Tokyo Tokyo 150-0012 JPN",Tokyo,Tokyo,150-0012,35.6490063,139.7195864,ChIJbxNqhnKLGGARQ9iU7QiDSlE
Hisop,https://guide.michelin.com/en/catalunya/barcelona/restaurant/hisop,1_star,Barcelona,Spain,Passatge de Marimon 9 Barcelona Catalonia 08021 ESP,Barcelona,Catalonia,08021,41.3944585,2.1480343,ChIJx2nrT5yipBIRcT4_prXJJck
Hofmann,https://guide.michelin.com/en/catalunya/barcelona/restaurant/hofmann,1_star,Barcelona,Spain,La Granada del Penedès 14-16 Barcelona Catalonia 08006 ESP,Barcelona,Catalonia,08006,41.3972052,2.152967,ChIJU2yMmZmipBIRincP1doW8ak
Hyakuyaku by Tokuyamazushi,https://guide.michelin.com/en/tokyo-region/tokyo/restaurant/hyakuyaku-by-tokuyamazushi,1_star,Tokyo,Japan,"9F, 4-4-2 Ginza, Chuo-ku Tokyo Tokyo 104-0061 JPN",Tokyo,Tokyo,104-0061,35.6664811,139.7565902,ChIJR-JKhQ2LGGAR8rt8mX3Xc5M
Héritage by Kei Kobayashi,https://guide.michelin.com/en/tokyo-region/tokyo/restaurant/heritage-by-kei-kobayashi,1_star,Tokyo,Japan,"45F, The Ritz-Carlton, Tokyo, 9-7-1 Akasaka, Minato-ku Tokyo Tokyo 107-6245 JPN",Tokyo,Tokyo,107-6245,35.6662932,139.7312789,ChIJGUC_l3iLGGARJ0V_A5BfZJs
IDÉAL bistro,https://guide.michelin.com/en/osaka-region/osaka/restaurant/ideal-bistro,1_star,Osaka,Japan,"2F, 1-6-5 Tanimachi, Chuo-ku Osaka Osaka 540-0012 JPN",Osaka,Osaka,540-0012,34.6888704,135.5170648,ChIJKek-8yjnAGARHJZE6D2BCsk
IGNIV,https://guide.michelin.com/en/bangkok-region/bangkok/restaurant/igniv,1_star,Bangkok,Thailand,"GF, The St. Regis, 159 Ratchadamri Road, Lumphini, Pathum Wan Bangkok Bangkok Region 10330 THA",Bangkok,Bangkok Region,10330,13.740062,100.539962,ChIJLcAZ8Kqf4jARcqRxTY1Ajx8
INEO,https://guide.michelin.com/en/lazio/roma/restaurant/ineo,1_star,Rome,Italy,piazza della Repubblica 46 Rome Lazio 00184 ITA,Rome,Lazio,00184,41.9019457,12.49618,ChIJK9E6ZZJhLxMRm79uE0FEZmk
Il Carpaccio,https://guide.michelin.com/en/ile-de-france/paris/restaurant/il-carpaccio300866,1_star,Paris,France,"Le Royal Monceau, 37 avenue Hoche Paris Ile-de-France 75008 FRA",Paris,Ile-de-France,75008,48.8757401,2.3004153,ChIJaQacl-pv5kcRZEBerrFI3lM
Il Palagio,https://guide.michelin.com/en/toscana/firenze/restaurant/il-palagio,1_star,Florence,Italy,borgo Pinti 99 Florence Tuscany 50121 ITA,Florence,Tuscany,50121,43.7769771,11.2662074,ChIJeQnHJxBUKhMRX5S3veq0ZXw
Il Ristorante - Niko Romito,https://guide.michelin.com/en/tokyo-region/tokyo/restaurant/il-ristorante-niko-romito-1208307,1_star,Tokyo,Japan,"40F, Bvlgari Hotel Tokyo, 2-2-1 Yaesu, Chuo-ku Tokyo Tokyo 104-0028 JPN",Tokyo,Tokyo,104-0028,35.6796513,139.7692772,ChIJbbRmoIGLGGARy78MxhsOHB0
Iwaki,https://guide.michelin.com/en/osaka-region/osaka/restaurant/iwaki,1_star,Osaka,Japan,"2F, 1-6-29 Sonezakishinchi, Kita-ku Osaka Osaka 530-0002 JPN",Osaka,Osaka,530-0002,34.697448,135.499424,ChIJs9OgM-zmAGAR3KuZmzW6zi8
JO,https://guide.michelin.com/en/tokyo-region/tokyo/restaurant/jo,1_star,Tokyo,Japan,"B1F, 2-24-14 Nishiazabu, Minato-ku Tokyo Tokyo 106-0031 JPN",Tokyo,Tokyo,106-0031,35.6600425,139.7227708,ChIJ_e1Wu3qLGGARF91CUEJsa8I
Jamavar,https://guide.michelin.com/en/greater-london/london/restaurant/jamavar,1_star,London,United Kingdom,"8 Mount Street, Mayfair London Greater London W1K 3NF GBR",London,Greater London,W1K 3NF,51.510334,-0.148399,ChIJmyw0PSwFdkgRTdpWlbA5OmU
Jay Fai,https://guide.michelin.com/en/bangkok-region/bangkok/restaurant/jay-fai,1_star,Bangkok,Thailand,"327 Maha Chai Road, Samran Rat, Phra Nakhon Bangkok Bangkok Region 10200 THA",Bangkok,Bangkok Region,10200,13.7525826,100.5048022,ChIJaxq89xaZ4jARQtKhE1uqq9c
Jizozushi,https://guide.michelin.com/en/tokyo-region/tokyo/restaurant/jizozushi,1_star,Tokyo,Japan,"2F, 3-18-5 Shirokanedai, Minato-ku Tokyo Tokyo 108-0071 JPN",Tokyo,Tokyo,108-0071,35.6353034,139.7209992,ChIJM4cEpRyLGGARlLKEdtigV8U
Juksunchae,https://guide.michelin.com/en/bangkok-region/bangkok/restaurant/juksunchae,1_star,Bangkok,Thailand,"Town Hall, 88/8 Soi Sukhumvit 49, Khlong Tan Nuea, Vadhana Bangkok Bangkok Region 10110 THA",Bangkok,Bangkok Region,10110,13.7327986,100.57668,ChIJ_xRKVDuf4jAR3CyXriUaZGA
Jushu,https://guide.michelin.com/en/tokyo-region/tokyo/restaurant/jushu,1_star,Tokyo,Japan,"2-16-1 Nishiazabu, Minato-ku Tokyo Tokyo 106-0031 JPN",Tokyo,Tokyo,106-0031,35.661855,139.7203131,ChIJ11DE6mSLGGAR--iGdJ0IqSk
KANG MINCHUL Restaurant,https://guide.michelin.com/en/seoul-capital-area/kr-seoul/restaurant/kang-minchul-restaurant,1_star,Seoul,South Korea,"5F, 18 Dosan-daero 63-gil, Gangnam-gu Seoul Seoul Capital Area 06064 KOR",Seoul,Seoul Capital Area,06064,37.5249753,127.0436445,ChIJX-lvM5WlfDURSDv31GaVe4g
KHAO,https://guide.michelin.com/en/tokyo-region/tokyo/restaurant/khao-1217131,1_star,Tokyo,Japan,"2-12-7 Kandajimbocho, Chiyoda-ku Tokyo Tokyo 101-0051 JPN",Tokyo,Tokyo,101-0051,35.6965393,139.7569876,ChIJNQnCOb-NGGARiB0LJimpocc
KIBUN,https://guide.michelin.com/en/tokyo-region/tokyo/restaurant/kibun,1_star,Tokyo,Japan,"2F, 4-11-28 Nishiazabu, Minato-ku Tokyo Tokyo 106-0031 JPN",Tokyo,Tokyo,106-0031,35.6593434,139.7225143,ChIJIxSTcQCLGGARofa-1jGSarY
KOL,https://guide.michelin.com/en/greater-london/london/restaurant/kol,1_star,London,United Kingdom,"9 Seymour Street, Marylebone London Greater London W1H 7BA GBR",London,Greater London,W1H 7BA,51.5147644,-0.1575223999999999,ChIJvfnOCgUbdkgR3FvbixhS2cw
Kamigatachuka SHINTANI,https://guide.michelin.com/en/osaka-region/osaka/restaurant/kamigatachuka-shintani,1_star,Osaka,Japan,"1-4-21 Nakazaki, Kita-ku Osaka Osaka 530-0016 JPN",Osaka,Osaka,530-0016,34.7063527,135.5059564,ChIJYR5b5uXnAGARTGEKJ9AzKi4
Kamikaze,https://guide.michelin.com/en/catalunya/barcelona/restaurant/taberna-kamikaze,1_star,Barcelona,Spain,Roselló 197 Barcelona Catalonia 08036 ESP,Barcelona,Catalonia,08036,41.3923223,2.1557491,ChIJb8OJj6GjpBIR15m3GfR9CsY
Kappo Muroi,https://guide.michelin.com/en/tokyo-region/tokyo/restaurant/kappo-muroi,1_star,Tokyo,Japan,"2-16-4 Nishiazabu, Minato-ku Tokyo Tokyo 106-0031 JPN",Tokyo,Tokyo,106-0031,35.6617,139.7207781,ChIJD7jmvWiLGGARZ7KIXeeVv7U
Kashiwaya Osaka Kitashinchi,https://guide.michelin.com/en/osaka-region/osaka/restaurant/kashiwaya-osaka-kitashinchi,1_star,Osaka,Japan,"5F, 1-7-4 Sonezakishinchi, Kita-ku Osaka Osaka 530-0002 JPN",Osaka,Osaka,530-0002,34.696899,135.5005309,ChIJfZuMrWDnAGARvDBc5K1awM4
Katamachi Kawaguchi,https://guide.michelin.com/en/osaka-region/osaka/restaurant/katamachi-kawaguchi,1_star,Osaka,Japan,"1-3-11 Katamachi, Miyakojima-ku Osaka Osaka 534-0025 JPN",Osaka,Osaka,534-0025,34.6930154,135.5262456,ChIJxSf6ZQDhAGARF9QJxoo_AI4
Konoha,https://guide.michelin.com/en/osaka-region/osaka/restaurant/konoha,1_star,Osaka,Japan,"2-6-22 Minamihommachi, Chuo-ku Osaka Osaka 541-0054 JPN",Osaka,Osaka,541-0054,34.6825589,135.5041405,ChIJdbwd8tLnAGARYyJuR0cRlV8
Koshikiryori Koki,https://guide.michelin.com/en/tokyo-region/tokyo/restaurant/koshikiryori-koki,1_star,Tokyo,Japan,"2-13-6 Nishishimbashi, Minato-ku Tokyo Tokyo 105-0003 JPN",Tokyo,Tokyo,105-0003,35.6667039,139.7516436,ChIJ4WfgFW-LGGAR9UCN92NJzAA
Koy Shunka,https://guide.michelin.com/en/catalunya/barcelona/restaurant/koy-shunka,1_star,Barcelona,Spain,De Copons 7 Barcelona Catalonia 08002 ESP,Barcelona,Catalonia,08002,41.3859452,2.1753627,ChIJzwnCHfqipBIRBQbVUnQ5gXU
KushinGarando,https://guide.michelin.com/en/osaka-region/osaka/restaurant/kushingarando,1_star,Osaka,Japan,"4F, 1-5-18 Sonezakishinchi, Kita-ku Osaka Osaka 530-0002 JPN",Osaka,Osaka,530-0002,34.695347,135.4881778,ChIJyffEVvXmAGARKKzuFe2U1_I
L'ARGENT,https://guide.michelin.com/en/tokyo-region/tokyo/restaurant/l-argent,1_star,Tokyo,Japan,"2F, Tokyo Club Bldg, 3-2-6 Kasumigaseki, Chiyoda-ku Tokyo Tokyo 100-0013 JPN",Tokyo,Tokyo,100-0013,35.6705256,139.7468514,ChIJDXFH5MyLGGARMytSvZtzpvM
L'ATELIER de Joël Robuchon,https://guide.michelin.com/en/tokyo-region/tokyo/restaurant/l-atelier-de-joel-robuchon-1194216,1_star,Tokyo,Japan,"2F, Roppongi Hills Hillside, 6-10-1 Roppongi, Minato-ku Tokyo Tokyo 106-0032 JPN",Tokyo,Tokyo,106-0032,35.66011659999999,139.7294315,ChIJK0TdDneLGGARW8iHQb4cVzE
L'Amant Secret,https://guide.michelin.com/en/seoul-capital-area/kr-seoul/restaurant/l-amant-secret,1_star,Seoul,South Korea,"26F L'Escape Hotel, 67 Toegye-ro, Jung-gu Seoul Seoul Capital Area 04529 KOR",Seoul,Seoul Capital Area,04529,37.5598403,126.9795134,ChIJVZ4zFyOjfDURrY5_G1k5F7A
L'Amitié,https://guide.michelin.com/en/seoul-capital-area/kr-seoul/restaurant/l-amitie,1_star,Seoul,South Korea,"2F, 30 Dosan-daero 67-gil, Gangnam-gu Seoul Seoul Capital Area 06015 KOR",Seoul,Seoul Capital Area,06015,37.52591770000001,127.0445553,ChIJH2jZ86GlfDURAVZBp3imf64
L'ÉTERRE,https://guide.michelin.com/en/tokyo-region/tokyo/restaurant/l-eterre,1_star,Tokyo,Japan,"2F, 3-6-53 Kagurazaka, Shinjuku-ku Tokyo Tokyo 162-0825 JPN",Tokyo,Tokyo,162-0825,35.7038248,139.7362929,ChIJr79lJ1eMGGARPdMVRrlwAaA
LA TABLE de Joël Robuchon,https://guide.michelin.com/en/tokyo-region/tokyo/restaurant/la-table-de-joel-robuchon,1_star,Tokyo,Japan,"Yebisu Garden Place, 1-13-1 Mita, Meguro-ku Tokyo Tokyo 153-0062 JPN",Tokyo,Tokyo,153-0062,35.6419144,139.7145374,ChIJtxdIhBaLGGARvCnhexq9s74
LATURE,https://guide.michelin.com/en/tokyo-region/tokyo/restaurant/lature,1_star,Tokyo,Japan,"B1F, 2-2-2 Shibuya, Shibuya-ku Tokyo Tokyo 150-0002 JPN",Tokyo,Tokyo,150-0002,35.660762,139.708599,ChIJ5S6oA1-LGGAREG-V6VQQP_0
LE PONT DE CIEL,https://guide.michelin.com/en/osaka-region/osaka/restaurant/le-pont-de-ciel,1_star,Osaka,Japan,"B1F, Nihonseimei Yodoyabashi Bldg, 3-5-29 Kitahama, Chuo-ku Osaka Osaka 540-0031 JPN",Osaka,Osaka,540-0031,34.6921556,135.5023114,ChIJT5BbLd_mAGARRXNK4edQb5I
LEVITATE,https://guide.michelin.com/en/prague/prague/restaurant/levitate-1208342,1_star,Prague,Czech Republic,Vinohradská 1228/47 Prague Prague 12000 CZE,Prague,Prague,12000,50.077502,14.4401108,ChIJUzk2Jo2UC0cRfXNiQEekSYk
La Baie,https://guide.michelin.com/en/osaka-region/osaka/restaurant/la-baie,1_star,Osaka,Japan,"5F, The Ritz-Carlton, Osaka, 2-5-25 Umeda, Kita-ku Osaka Osaka 530-0001 JPN",Osaka,Osaka,530-0001,34.698098,135.4924465,ChIJz4HJq4zmAGAR-YQ7Xv7XU4E
La Degustation Bohême Bourgeoise,https://guide.michelin.com/en/prague/prague/restaurant/la-degustation-boheme-bourgeoise,1_star,Prague,Czech Republic,Haštalská 18 Prague Prague 110 00 CZE,Prague,Prague,110 00,50.090995,14.425084,ChIJV126_8GUC0cR13kZj9XQV-M
La Gloire,https://guide.michelin.com/en/tokyo-region/tokyo/restaurant/la-gloire-1218215,1_star,Tokyo,Japan,"2-17-7 Akasaka, Minato-ku Tokyo Tokyo 107-0052 JPN",Tokyo,Tokyo,107-0052,35.6717652,139.7389936,ChIJF9RNWx6LGGARWCDFdjkiPEI
La Grande Cascade,https://guide.michelin.com/en/ile-de-france/paris/restaurant/la-grande-cascade,1_star,Paris,France,"Allée de Longchamp, Bois de Boulogne Paris Ile-de-France 75016 FRA",Paris,Ile-de-France,75016,48.8626993,2.2404366,ChIJBU9a9RVl5kcRauGO7npEArM
La Paix,https://guide.michelin.com/en/tokyo-region/tokyo/restaurant/la-paix-1194221,1_star,Tokyo,Japan,"B1F, 1-9-4 Nihombashimuromachi, Chuo-ku Tokyo Tokyo 103-0022 JPN",Tokyo,Tokyo,103-0022,35.6850961,139.7755719,ChIJ6dVNgFaJGGARe4Y9eEX_EdQ
Le Du,https://guide.michelin.com/en/bangkok-region/bangkok/restaurant/le-du,1_star,Bangkok,Thailand,"399/3 Soi Si Lom 7, Si Lom, Bang Rak Bangkok Bangkok Region 10500 THA",Bangkok,Bangkok Region,10500,13.7250312,100.5293521,ChIJL7-My9KY4jARzlw1ffk9vo8
Le Faham,https://guide.michelin.com/en/ile-de-france/paris/restaurant/le-faham,1_star,Paris,France,108 rue Cardinet Paris Ile-de-France 75017 FRA,Paris,Ile-de-France,75017,48.885508,2.3118679,ChIJh7RqoiVv5kcR5w3Op2E4r2k
Le George,https://guide.michelin.com/en/ile-de-france/paris/restaurant/le-george,1_star,Paris,France,"Four Seasons George V, 31 avenue George-V Paris Ile-de-France 75008 FRA",Paris,Ile-de-France,75008,48.8688199,2.3008259,ChIJD3IF1elv5kcRXNjbG86rzcE
Les Deux,https://guide.michelin.com/en/bayern/mnchen/restaurant/les-deux,1_star,Munich,Germany,Maffeistraße 3a Munich Bavaria 80333 DEU,Munich,Bavaria,80333,48.1393859,11.5747171,ChIJJT5JpfR1nkcRG1zJ91or5eg
Les Saisons,https://guide.michelin.com/en/tokyo-region/tokyo/restaurant/les-saisons-1194250,1_star,Tokyo,Japan,"MF, Main Bldg, Imperial Hotel Tokyo, 1-1-1 Uchisaiwaicho, Chiyoda-ku Tokyo Tokyo 100-8558 JPN",Tokyo,Tokyo,100-8558,35.6724056,139.7583398,ChIJT7wVXe6LGGAR53FVJzNY8gU
Lita,https://guide.michelin.com/en/greater-london/london/restaurant/lita,1_star,London,United Kingdom,"7-9 Paddington Street, Marylebone London Greater London W1U 5QH GBR",London,Greater London,W1U 5QH,51.52080850000001,-0.1526924999999999,ChIJpyhiLAAbdkgRGUaeAOxxRLc
Local,https://guide.michelin.com/en/veneto/venezia/restaurant/local,1_star,Venice,Italy,"salizzada dei Greci, sestiere Castello 3303 Venice Veneto 30122 ITA",Venice,Veneto,30122,45.4356801,12.345955,ChIJdzcksyeufkcRKolpWat_x9M
Long Trieu,https://guide.michelin.com/en/ho-chi-minh/ho-chi-minh_2978179/restaurant/long-trieu,1_star,Ho Chi Minh City,Vietnam,"4F, The Reverie Saigon, Times Square Building, 22-36 Nguyen Hue Boulevard, Ben Nghe Ward, District 1 Ho Chi Minh City Hồ Chí Minh 700000 VNM",Ho Chi Minh City,Hồ Chí Minh,700000,10.7739212,106.7050054,ChIJ6UU_dNwvdTERFpGN89SPZgQ
Luca,https://guide.michelin.com/en/greater-london/london/restaurant/luca,1_star,London,United Kingdom,"88 St John Street, Clerkenwell London Greater London EC1M 4EH GBR",London,Greater London,EC1M 4EH,51.5220361,-0.1016721999999999,ChIJpyQHEFEbdkgR1KctxC2Recc
Légume,https://guide.michelin.com/en/seoul-capital-area/kr-seoul/restaurant/legume,1_star,Seoul,South Korea,"2F, Sinsa Square, 652 Gangnam-daero, Gangnam-gu Seoul Seoul Capital Area 06027 KOR",Seoul,Seoul Capital Area,06027,37.519457,127.0191187,ChIJG4cH3j6jfDURUapdZ0hDtX0
MAE Barcelona,https://guide.michelin.com/en/catalunya/barcelona/restaurant/mae-barcelona,1_star,Barcelona,Spain,Sant Elíes 22 Barcelona Catalonia 08006 ESP,Barcelona,Catalonia,08006,41.4011965,2.1443841,ChIJjWu7nsuZpBIRgX4WmQwdOps
MAKIYAKI GINZA ONODERA,https://guide.michelin.com/en/tokyo-region/tokyo/restaurant/makiyaki-ginza-onodera,1_star,Tokyo,Japan,"9F, 5-14-14 Ginza, Chuo-ku Tokyo Tokyo 104-0061 JPN",Tokyo,Tokyo,104-0061,35.6685747,139.7669052,ChIJdYKMBu2LGGAR_tKmVDXMcks
MANOIR,https://guide.michelin.com/en/tokyo-region/tokyo/restaurant/manoir,1_star,Tokyo,Japan,"1-10-6 Hiro, Shibuya-ku Tokyo Tokyo 150-0012 JPN",Tokyo,Tokyo,150-0012,35.6484184,139.7171969,ChIJIzR1r2yLGGARlsseCRlHdoE
Maison Dunand,https://guide.michelin.com/en/bangkok-region/bangkok/restaurant/maison-dunand,1_star,Bangkok,Thailand,"55 Soi Sathon 10, Si Lom, Bang Rak Bangkok Bangkok Region 10500 THA",Bangkok,Bangkok Region,10500,13.7228824,100.5274535,ChIJP2w4zdmf4jARdiVjvr2ZPWk
Marco Martini Restaurant,https://guide.michelin.com/en/lazio/roma/restaurant/marco-martini-restaurant,1_star,Rome,Italy,viale Aventino 121 Rome Lazio 00153 ITA,Rome,Lazio,00153,41.8805477,12.4847413,ChIJPcztJc1hLxMRBaztLYCX_fQ
Matthias,https://guide.michelin.com/en/berlin-region/berlin/restaurant/matthias,1_star,Berlin,Germany,Kollwitzstraße 87 Berlin Berlin 10435 DEU,Berlin,Berlin,10435,52.5383341,13.4199555,ChIJte69WIFPqEcRK-m9QqI74xE
Mauro Colagreco at Raffles London at The OWO,https://guide.michelin.com/en/greater-london/london/restaurant/mauro-colagreco-at-raffles-london-at-the-owo,1_star,London,United Kingdom,Whitehall London Greater London SW1A 2BX GBR,London,Greater London,SW1A 2BX,51.50510560000001,-0.1256712999999999,ChIJs8xCnzIFdkgR_zipkqUZols
Mavrommatis,https://guide.michelin.com/en/ile-de-france/paris/restaurant/mavrommatis,1_star,Paris,France,42 rue Daubenton Paris Ile-de-France 75005 FRA,Paris,Ile-de-France,75005,48.8406046,2.3511574,ChIJBUtKLOxx5kcRddHIo2VDCew
Mia,https://guide.michelin.com/en/bangkok-region/bangkok/restaurant/mia,1_star,Bangkok,Thailand,"30 Soi Athakravi 1, Rama 4 Road, Khlong Tan, Khlong Toei Bangkok Bangkok Region 10110 THA",Bangkok,Bangkok Region,10110,13.7213487,100.5712787,ChIJTbzH3iWf4jARdfwR4GLGTZ8
Miyasaka,https://guide.michelin.com/en/tokyo-region/tokyo/restaurant/miyasaka,1_star,Tokyo,Japan,"5-4-30 Minamiaoyama, Minato-ku Tokyo Tokyo 107-0062 JPN",Tokyo,Tokyo,107-0062,35.6624562,139.7143784,ChIJ-2EUbPmLGGARkgBRK0jZmac
MoSuke,https://guide.michelin.com/en/ile-de-france/paris/restaurant/mosuke,1_star,Paris,France,11 rue Raymond-Losserand Paris Ile-de-France 75014 FRA,Paris,Ile-de-France,75014,48.8362615,2.3224834,ChIJZf2wJx9x5kcRTD2DAPk3rP0
Mori,https://guide.michelin.com/en/busan-region/busan_1025838/restaurant/mori,1_star,Busan,South Korea,"#311, 3F, LEEIN: VIEW 2 Commercial Building, 21 Gunan-ro, Haeundae-gu Busan Busan 48095 KOR",Busan,Busan,48095,35.1634631,129.1612004,ChIJxYhym0KNaDURznUJelakfU0
Mountain,https://guide.michelin.com/en/greater-london/london/restaurant/mountain,1_star,London,United Kingdom,"16-18 Beak Street, Soho London Greater London W1F 9RD GBR",London,Greater London,W1F 9RD,51.5120181,-0.1382302,ChIJGXGPYsEFdkgRAIIfSSET698
Mountain Hub Gourmet,https://guide.michelin.com/en/bayern/mnchen/restaurant/mountain-hub-gourmet,1_star,Munich,Germany,Terminalstraße Mitte 20 Munich Bavaria 85356 DEU,Munich,Bavaria,85356,48.3554643,11.7887266,ChIJsd8P8BkVnkcR8Ey42-m-B98
Murano,https://guide.michelin.com/en/greater-london/london/restaurant/murano,1_star,London,United Kingdom,"20 Queen Street, Mayfair London Greater London W1J 5PP GBR",London,Greater London,W1J 5PP,51.5071387,-0.1471746,ChIJTUlS0S4FdkgRAGTHjEn0wF4
Muse by Tom Aikens,https://guide.michelin.com/en/greater-london/london/restaurant/muse-1188132,1_star,London,United Kingdom,"38 Groom Place, Belgravia London Greater London SW1X 7BA GBR",London,Greater London,SW1X 7BA,51.4994772,-0.1509024,ChIJp65UQTAFdkgREFotZ21mwPs
Mutsukari,https://guide.michelin.com/en/tokyo-region/tokyo/restaurant/mutsukari,1_star,Tokyo,Japan,"6F, 5-5-19 Ginza, Chuo-ku Tokyo Tokyo 104-0061 JPN",Tokyo,Tokyo,104-0061,35.6717277,139.7637404,ChIJrW5n5uWLGGARqwYg3HvgOFc
Mētis Roppongi,https://guide.michelin.com/en/tokyo-region/tokyo/restaurant/metis-roppongi,1_star,Tokyo,Japan,"5-18-22 Roppongi, Minato-ku Tokyo Tokyo 106-0032 JPN",Tokyo,Tokyo,106-0032,35.6611352,139.7369704,ChIJB9dzubyLGGARssbpJf9vcyM
NAWA,https://guide.michelin.com/en/bangkok-region/bangkok/restaurant/nawa,1_star,Bangkok,Thailand,"1F, Parklane, 18 Soi Sukhumvit 61, Khlong Tan Nuea, Vadhana Bangkok Bangkok Region 10110 THA",Bangkok,Bangkok Region,10110,13.7232756,100.5838735,ChIJBcsS30qf4jARijfxeJq66YI
Nahm,https://guide.michelin.com/en/bangkok-region/bangkok/restaurant/nahm,1_star,Bangkok,Thailand,"GF, COMO Metropolitan Bangkok, 27 Sathon Tai Road, Thung Maha Mek, Sathon Bangkok Bangkok Region 10120 THA",Bangkok,Bangkok Region,10120,13.7235741,100.5391861,ChIJHULm2C-f4jAR-phOAtQVND4
Naniwaryori Yu,https://guide.michelin.com/en/osaka-region/osaka/restaurant/naniwaryori-yu,1_star,Osaka,Japan,"1-9-17 Higashitemma, Kita-ku Osaka Osaka 530-0044 JPN",Osaka,Osaka,530-0044,34.696416,135.5149788,ChIJt8bcbtrmAGARCk7sihgrtrw
NéMo,https://guide.michelin.com/en/tokyo-region/tokyo/restaurant/nemo,1_star,Tokyo,Japan,"B1F, 6-15-4 Minamiaoyama, Minato-ku Tokyo Tokyo 107-0062 JPN",Tokyo,Tokyo,107-0062,35.6594485,139.7141548,ChIJYZOf1P2LGGARI2qUrl8L2Ac
Nishiazabu Taku,https://guide.michelin.com/en/tokyo-region/tokyo/restaurant/nishiazabu-taku,1_star,Tokyo,Japan,"2-11-5 Nishiazabu, Minato-ku Tokyo Tokyo 106-0031 JPN",Tokyo,Tokyo,106-0031,35.6613187,139.7222959,ChIJHSE313qLGGARaWJnpWIgkkw
Nogizaka Shin,https://guide.michelin.com/en/tokyo-region/tokyo/restaurant/nogizaka-shin,1_star,Tokyo,Japan,"8-11-19 Akasaka, Minato-ku Tokyo Tokyo 107-0052 JPN",Tokyo,Tokyo,107-0052,35.6685799,139.7289823,ChIJQ4ig-X6LGGAR7jKZ0y3b8T0
Nomicos,https://guide.michelin.com/en/ile-de-france/paris/restaurant/nomicos,1_star,Paris,France,16 avenue Hubert-Germain Paris Ile-de-France 75116 FRA,Paris,Ile-de-France,75116,48.8702882,2.2830139,ChIJxZgG1_Zv5kcR07nvyjrPAS4
OMA,https://guide.michelin.com/en/greater-london/london/restaurant/oma-1213973,1_star,London,United Kingdom,"3 Bedale Street, Borough Market London Greater London SE1 9AL GBR",London,Greater London,SE1 9AL,51.505349,-0.090019,ChIJ4co2k5kDdkgROKjVBk6wD8k
Oimatsu Kitagawa,https://guide.michelin.com/en/osaka-region/osaka/restaurant/oimatsu-kitagawa,1_star,Osaka,Japan,"4-12-27 Nishitemma, Kita-ku Osaka Osaka 530-0047 JPN",Osaka,Osaka,530-0047,34.6970229,135.5028681,ChIJoUJJOejmAGARrAMPH_hs3s0
Oku,https://guide.michelin.com/en/tokyo-region/tokyo/restaurant/oku,1_star,Tokyo,Japan,"3-42-11 Asakusa, Taito-ku Tokyo Tokyo 111-0032 JPN",Tokyo,Tokyo,111-0032,35.7180444,139.7931343,ChIJwbn3eVKPGGARm29oMa6ZjeI
Omar Dhiab,https://guide.michelin.com/en/ile-de-france/paris/restaurant/omar-dhiab,1_star,Paris,France,23 rue Hérold Paris Ile-de-France 75001 FRA,Paris,Ile-de-France,75001,48.8651795,2.3418771,ChIJR7fpoO5v5kcRlFje00R0PpI
Onjium,https://guide.michelin.com/en/seoul-capital-area/kr-seoul/restaurant/onjium,1_star,Seoul,South Korea,"4F, 49 Hyoja-ro, Jongno-gu Seoul Seoul Capital Area 03043 KOR",Seoul,Seoul Capital Area,03043,37.5804867,126.9733488,ChIJk5DRDD2jfDURUA4aAk0Frx0
Onor,https://guide.michelin.com/en/ile-de-france/paris/restaurant/onor,1_star,Paris,France,258 rue du Faubourg-Saint-Honoré Paris Ile-de-France 75008 FRA,Paris,Ile-de-France,75008,48.8773647,2.3005429,ChIJswl0oJdv5kcR5M9tkvzjpnM
Origines Restaurant,https://guide.michelin.com/en/ile-de-france/paris/restaurant/origines1186415,1_star,Paris,France,6 rue de Ponthieu Paris Ile-de-France 75008 FRA,Paris,Ile-de-France,75008,48.8702721,2.311283,ChIJ9fe5qYZv5kcRmU6zbLZxuEM
Oro Restaurant,https://guide.michelin.com/en/veneto/venezia/restaurant/oro-restaurant,1_star,Venice,Italy,isola della Giudecca 10 Venice Veneto 30133 ITA,Venice,Veneto,30133,25.7902572,-80.137023,ChIJv499FAC12YgRXpJ_AvZtPfU
Oryori Horikawa,https://guide.michelin.com/en/osaka-region/osaka/restaurant/oryori-horikawa,1_star,Osaka,Japan,"4-8-17 Temma, Kita-ku Osaka Osaka 530-0043 JPN",Osaka,Osaka,530-0043,34.6937631,135.5142189,ChIJd5LKltnmAGARpmCOawM7OZg
Oryori Tsuji,https://guide.michelin.com/en/tokyo-region/tokyo/restaurant/oryori-tsuji,1_star,Tokyo,Japan,"B1F, 3-3-9 Higashiazabu, Minato-ku Tokyo Tokyo 106-0044 JPN",Tokyo,Tokyo,106-0044,35.65721509999999,139.738861,ChIJE3_OcaKLGGARmskzAnuOsl8
Oryori Yamada,https://guide.michelin.com/en/osaka-region/osaka/restaurant/oryori-yamada,1_star,Osaka,Japan,"4F, 4-7-7 Nishitemma, Kita-ku Osaka Osaka 530-0047 JPN",Osaka,Osaka,530-0047,34.6997138,135.4847484,ChIJodUYZQDnAGARP2hZY3Z0LxI
Oxte,https://guide.michelin.com/en/ile-de-france/paris/restaurant/oxte,1_star,Paris,France,5 rue Troyon Paris Ile-de-France 75017 FRA,Paris,Ile-de-France,75017,48.8758634,2.2953101,ChIJCU_1nuxv5kcRmfS3m_h6mCg
PRESQU'ÎLE,https://guide.michelin.com/en/osaka-region/osaka/restaurant/presqu%E2%80%99ile,1_star,Osaka,Japan,"2F, Yodoyabashi odona, 4-1-1 Imabashi, Chuo-ku Osaka Osaka 541-0042 JPN",Osaka,Osaka,541-0042,34.690275,135.5061942,ChIJx8fRUufmAGARKejunjC-E2Q
PRIMO PASSO,https://guide.michelin.com/en/tokyo-region/tokyo/restaurant/primo-passo,1_star,Tokyo,Japan,"B1F, 1-5-11 Tsukiji, Chuo-ku Tokyo Tokyo 104-0045 JPN",Tokyo,Tokyo,104-0045,35.6702219,139.7717367,ChIJ2SbS7YuLGGAR5cWQy8HeHk4
PRUNIER,https://guide.michelin.com/en/tokyo-region/tokyo/restaurant/prunier-1200289,1_star,Tokyo,Japan,"2F, Tokyo Kaikan, 3-2-1 Marunouchi, Chiyoda-ku Tokyo Tokyo 100-0005 JPN",Tokyo,Tokyo,100-0005,35.6776535,139.7610353,ChIJH9G03ZKLGGARqztLmhGB36w
Pabú,https://guide.michelin.com/en/comunidad-de-madrid/madrid/restaurant/pabu,1_star,Madrid,Spain,Panamá 4 Madrid Community of Madrid 28036 ESP,Madrid,Community of Madrid,28036,40.4565122,-3.689135,ChIJl37AmnwpQg0R2pcFRgLqEBE
Pages,https://guide.michelin.com/en/ile-de-france/paris/restaurant/pages,1_star,Paris,France,4 rue Auguste-Vacquerie Paris Ile-de-France 75016 FRA,Paris,Ile-de-France,75016,48.8709186,2.2961518,ChIJQ6gX3jFv5kcRoGqtiEhHaWE
Palais Royal Restaurant,https://guide.michelin.com/en/veneto/venezia/restaurant/palais-royal-restaurant,1_star,Venice,Italy,Calle Larga 22 Marzo 2032 Venice Veneto 30124 ITA,Venice,Veneto,30124,45.432971,12.3346522,ChIJa-BzWdmxfkcRGvz0MBzI7vE
Pantagruel,https://guide.michelin.com/en/ile-de-france/paris/restaurant/pantagruel,1_star,Paris,France,10 rue de Richelieu Paris Ile-de-France 75001 FRA,Paris,Ile-de-France,75001,48.8641807,2.3362644,ChIJdwLJVERv5kcRzAkzVCFMhBc
Pavyllon London,https://guide.michelin.com/en/greater-london/london/restaurant/pavyllon-london,1_star,London,United Kingdom,"Four Seasons Hotel, Hamilton Place, Mayfair London Greater London W1J 7DR GBR",London,Greater London,W1J 7DR,51.5041707,-0.1499474999999999,ChIJBfOjfiUFdkgRvsanD9nfpA0
Pavyllon Paris,https://guide.michelin.com/en/ile-de-france/paris/restaurant/pavyllon,1_star,Paris,France,8 avenue Dutuit Paris Ile-de-France 75008 FRA,Paris,Ile-de-France,75008,48.8662387,2.3164818,ChIJNb0Vrftv5kcRMegtKrTeefg
Piao-Xiang,https://guide.michelin.com/en/tokyo-region/tokyo/restaurant/piao-xiang,1_star,Tokyo,Japan,"5-19-1 Hiro, Shibuya-ku Tokyo Tokyo 150-0012 JPN",Tokyo,Tokyo,150-0012,35.6608003,139.7292994,ChIJ9dKEVI2LGGARLJAiXJsnZOE
Pied à Terre,https://guide.michelin.com/en/greater-london/london/restaurant/pied-a-terre,1_star,London,United Kingdom,"34 Charlotte Street, Fitzrovia London Greater London W1T 2NH GBR",London,Greater London,W1T 2NH,51.5190723,-0.1351421,ChIJh8IKCiwbdkgRiefHU7gpZfU
Pierre,https://guide.michelin.com/en/osaka-region/osaka/restaurant/pierre-1193242,1_star,Osaka,Japan,"20F, InterContinental Osaka, 3-60 Ofukacho, Kita-ku Osaka Osaka 530-0011 JPN",Osaka,Osaka,530-0011,34.7064706,135.4946187,ChIJw0LI_YvmAGARyXFgKZkMnq0
Plates London,https://guide.michelin.com/en/greater-london/london/restaurant/plates-london,1_star,London,United Kingdom,"320 Old Street, Shoreditch London Greater London EC1V 9DR GBR",London,Greater London,EC1V 9DR,51.5265887,-0.0820096999999999,ChIJ8UUT9LscdkgRUpwod2WlxEg
Point,https://guide.michelin.com/en/osaka-region/osaka/restaurant/point,1_star,Osaka,Japan,"3-12-20 Fukushima, Fukushima-ku Osaka Osaka 553-0003 JPN",Osaka,Osaka,553-0003,34.6941394,135.4855178000001,ChIJy5DTz1_mAGAROeLjilov-K4
Potong,https://guide.michelin.com/en/bangkok-region/bangkok/restaurant/potong,1_star,Bangkok,Thailand,"422 Vanich 1 Road, Samphanthawong Bangkok Bangkok Region 10100 THA",Bangkok,Bangkok Region,10100,13.7391549,100.5084933,ChIJd7grWxeZ4jAR8KwClMpGmHo
Pramerl & the Wolf,https://guide.michelin.com/en/vienna/wien/restaurant/pramerl-the-wolf,1_star,Vienna,Austria,Pramergasse 21 Vienna Vienna 1090 AUT,Vienna,Vienna,1090,48.2220759,16.364955899999998,ChIJ8QjCUrcHbUcRm-Osr0bkZmY
Prodigi,https://guide.michelin.com/en/catalunya/barcelona/restaurant/prodigi,1_star,Barcelona,Spain,Girona 145 Barcelona Catalonia 08037 ESP,Barcelona,Catalonia,08037,41.3985094,2.1658429,ChIJZ6c9NnyjpBIR1rxzO3DHze4
Pulejo,https://guide.michelin.com/en/lazio/roma/restaurant/pulejo,1_star,Rome,Italy,via dei Gracchi 31 Rome Lazio 00192 ITA,Rome,Lazio,00192,41.9072148,12.4595928,ChIJmYbImQNhLxMRHBgz6XzHZXA
Pur' - Jean-François Rouquette,https://guide.michelin.com/en/ile-de-france/paris/restaurant/pur-jean-francois-rouquette,1_star,Paris,France,"Park Hyatt Paris-Vendôme, 5 rue de la Paix Paris Ile-de-France 75002 FRA",Paris,Ile-de-France,75002,48.8689056,2.3301781,ChIJlVvipTFu5kcR6VwB1PiwKv8
Pétrus by Gordon Ramsay,https://guide.michelin.com/en/greater-london/london/restaurant/petrus284688,1_star,London,United Kingdom,"1 Kinnerton Street, Belgravia London Greater London SW1X 8EA GBR",London,Greater London,SW1X 8EA,51.4995924,-0.1567467,ChIJBWbG7DsFdkgRUoGawp2ooK8
Quadri,https://guide.michelin.com/en/veneto/venezia/restaurant/quadri,1_star,Venice,Italy,piazza San Marco 121 (primo piano) Venice Veneto 30124 ITA,Venice,Veneto,30124,45.43438440000001,12.3381001,ChIJYcgbZtexfkcRjH-7WAds73s
Quilon,https://guide.michelin.com/en/greater-london/london/restaurant/quilon,1_star,London,United Kingdom,"Taj 51 Hotel, 41 Buckingham Gate, Westminster London Greater London SW1E 6AF GBR",London,Greater London,SW1E 6AF,51.4987366,-0.1377048,ChIJu3jc0d4EdkgRmVLp_Cwwti4
Quimbaya,https://guide.michelin.com/en/comunidad-de-madrid/madrid/restaurant/quimbaya,1_star,Madrid,Spain,Zurbano 63 Madrid Community of Madrid 28010 ESP,Madrid,Community of Madrid,28010,40.4362375,-3.6931502,ChIJRxnN-xspQg0Rw7yGicV9UGM
RavioXO,https://guide.michelin.com/en/comunidad-de-madrid/madrid/restaurant/ravioxo,1_star,Madrid,Spain,Plaza de Manuel Gómez Moreno 5 Madrid Community of Madrid 28020 ESP,Madrid,Community of Madrid,28020,40.4480245,-3.6941652,ChIJw1etuCMpQg0RBhRII--BcQI
Ren Mishina,https://guide.michelin.com/en/tokyo-region/tokyo/restaurant/ren-mishina,1_star,Tokyo,Japan,"B1F, 7-3-13 Ginza, Chuo-ku Tokyo Tokyo 104-0061 JPN",Tokyo,Tokyo,104-0061,35.6701641,139.7601647,ChIJAQBb8VqMGGARQj2V66mdcv0
Resonance,https://guide.michelin.com/en/bangkok-region/bangkok/restaurant/resonance,1_star,Bangkok,Thailand,"108, 4 Soi Sukhumvit 65, Phra Khanong Nuea, Vadhana Bangkok Bangkok Region 10110 THA",Bangkok,Bangkok Region,10110,13.7213667,100.5919884,ChIJdZFTPMmf4jARVricLfz3k7M
Ricardo Sanz Wellington,https://guide.michelin.com/en/comunidad-de-madrid/madrid/restaurant/kabuki-wellington,1_star,Madrid,Spain,Velázquez 6 Madrid Community of Madrid 28001 ESP,Madrid,Community of Madrid,28001,40.421899,-3.6841793,ChIJGZ1FQ5goQg0RnX2RjocHAMM
River Café,https://guide.michelin.com/en/greater-london/london/restaurant/river-cafe,1_star,London,United Kingdom,"Thames Wharf, Rainville Road, Hammersmith London Greater London W6 9HA GBR",London,Greater London,W6 9HA,51.4839988,-0.2242253,ChIJxxa_ELAPdkgRF2wx7RLroiY
Rooots Nakanoshima,https://guide.michelin.com/en/osaka-region/osaka/restaurant/rooots-nakanoshima,1_star,Osaka,Japan,"6-1-45 Nakanoshima, Kita-ku Osaka Osaka 530-0005 JPN",Osaka,Osaka,530-0005,34.6886227,135.4860746,ChIJzQ9SuzjnAGARMMFoVKjyomc
Ryoriya Inaya,https://guide.michelin.com/en/osaka-region/osaka/restaurant/ryoriya-inaya,1_star,Osaka,Japan,"7F, 1-10-2 Sonezakishinchi, Kita-ku Osaka Osaka 530-0002 JPN",Osaka,Osaka,530-0002,34.6978815,135.4996035,ChIJaejxSezmAGARqicYNGCN6IY
SCAPAR,https://guide.michelin.com/en/catalunya/barcelona/restaurant/scapar,1_star,Barcelona,Spain,Rector Ubach 53 Barcelona Catalonia 08021 ESP,Barcelona,Catalonia,08021,41.3967636,2.1420129,ChIJiTMZSgCZpBIRBUPBFrB8Wl8
SINAE,https://guide.michelin.com/en/osaka-region/osaka/restaurant/sinae,1_star,Osaka,Japan,"2F, 2-4-12 Fushimimachi, Chuo-ku Osaka Osaka 541-0044 JPN",Osaka,Osaka,541-0044,34.6893227985115,135.50474607423,ChIJjzzNY2TnAGARUgkc6rfI2f8
SO|LA,https://guide.michelin.com/en/greater-london/london/restaurant/so-la,1_star,London,United Kingdom,"64 Dean Street, Soho London Greater London W1D 4QQ GBR",London,Greater London,W1D 4QQ,51.5131265,-0.1323504999999999,ChIJI1jlHNMEdkgR5iNEDgGNnpU
Saddle,https://guide.michelin.com/en/comunidad-de-madrid/madrid/restaurant/saddle,1_star,Madrid,Spain,Amador de los Ríos 6 Madrid Community of Madrid 28010 ESP,Madrid,Community of Madrid,28010,40.4274198,-3.6911186,ChIJf6BKBFcpQg0R2JMv9g5gOyA
Saneh Jaan,https://guide.michelin.com/en/bangkok-region/bangkok/restaurant/saneh-jaan,1_star,Bangkok,Thailand,"Sindhorn Tower, 130-132 Wireless Road, Lumphini, Pathum Wan Bangkok Bangkok Region 10330 THA",Bangkok,Bangkok Region,10330,13.7355537,100.5457857,ChIJUWI9ztie4jARZTiHjCyTWao
Santerra,https://guide.michelin.com/en/comunidad-de-madrid/madrid/restaurant/santerra,1_star,Madrid,Spain,General Pardiñas 56 Madrid Community of Madrid 28001 ESP,Madrid,Community of Madrid,28001,40.4289477,-3.6782173,ChIJR1X3p74oQg0RSlUbR4y-AfM
Sassa,https://guide.michelin.com/en/tokyo-region/tokyo/restaurant/sassa,1_star,Tokyo,Japan,"5-13-6 Hiro, Shibuya-ku Tokyo Tokyo 150-0012 JPN",Tokyo,Tokyo,150-0012,35.649496,139.7210467,ChIJsbfaq2uLGGAR0RygA6m_kqw
Saucer,https://guide.michelin.com/en/tokyo-region/tokyo/restaurant/saucer,1_star,Tokyo,Japan,"B1F, 2-7-10 Ebisunishi, Shibuya-ku Tokyo Tokyo 150-0021 JPN",Tokyo,Tokyo,150-0021,35.6505226,139.7071529,ChIJnx73T0GLGGARVnaHu4mjG1c
Sawada,https://guide.michelin.com/en/osaka-region/osaka/restaurant/sawada-1210686,1_star,Osaka,Japan,"4-2-50 Fukushima, Fukushima-ku Osaka Osaka 553-0003 JPN",Osaka,Osaka,553-0003,34.6930705,135.4825167,ChIJF_KejkPnAGARbqXEXI55f3U
Seiju,https://guide.michelin.com/en/tokyo-region/tokyo/restaurant/seiju,1_star,Tokyo,Japan,"B1F, 3-16-9 Tsukiji, Chuo-ku Tokyo Tokyo 104-0045 JPN",Tokyo,Tokyo,104-0045,35.6663144,139.771167,ChIJG1lyFt-LGGARncAz9dvAwlg
Series,https://guide.michelin.com/en/tokyo-region/tokyo/restaurant/series,1_star,Tokyo,Japan,"3-4-11 Azabudai, Minato-ku Tokyo Tokyo 106-0041 JPN",Tokyo,Tokyo,106-0041,35.6605992,139.7389946,ChIJcRghh6aLGGARO-6JpGPVY-Y
Sharikimon Onozawa,https://guide.michelin.com/en/tokyo-region/tokyo/restaurant/sharikimon-onozawa,1_star,Tokyo,Japan,"6-39 Arakicho, Shinjuku-ku Tokyo Tokyo 160-0007 JPN",Tokyo,Tokyo,160-0007,35.6892271,139.7225863,ChIJEW1EjtWNGGAR_RWUwNDAiy0
Shigeyuki,https://guide.michelin.com/en/tokyo-region/tokyo/restaurant/shigeyuki,1_star,Tokyo,Japan,"2-17-3 Nishihara, Shibuya-ku Tokyo Tokyo 151-0066 JPN",Tokyo,Tokyo,151-0066,35.673143,139.6787508,ChIJz2_eg2DzGGARN4nqTinkTxA
Shimbashi Sasada,https://guide.michelin.com/en/tokyo-region/tokyo/restaurant/shimbashi-sasada,1_star,Tokyo,Japan,"1-23-7 Nishishimbashi, Minato-ku Tokyo Tokyo 105-0003 JPN",Tokyo,Tokyo,105-0003,35.6681572,139.7515746,ChIJtWLCpOyLGGARvwp1ZVmN3Kw
Shinchi Yamamoto,https://guide.michelin.com/en/osaka-region/osaka/restaurant/shinchi-yamamoto,1_star,Osaka,Japan,"1-1-13 Dojima, Kita-ku Osaka Osaka 530-0003 JPN",Osaka,Osaka,530-0003,34.6960517,135.5000444,ChIJ49w6ku7mAGAR3HJXw1AcP-0
ShinoiS,https://guide.michelin.com/en/tokyo-region/tokyo/restaurant/shinois,1_star,Tokyo,Japan,"2F, 4-2-7 Shirokanedai, Minato-ku Tokyo Tokyo 108-0071 JPN",Tokyo,Tokyo,108-0071,35.6392852,139.7281731,ChIJoVieO_GLGGARmorh-DZUURk
Shokuzen Abe,https://guide.michelin.com/en/tokyo-region/tokyo/restaurant/shokuzen-abe,1_star,Tokyo,Japan,"4F, 5-6-10 Ginza, Chuo-ku Tokyo Tokyo 104-0061 JPN",Tokyo,Tokyo,104-0061,35.6707451,139.7636606,ChIJi7BFZuaLGGARIeRRYNU6SzM
Showroom,https://guide.michelin.com/en/bayern/mnchen/restaurant/showroom,1_star,Munich,Germany,Lilienstraße 6 Munich Bavaria 81169 DEU,Munich,Bavaria,81169,48.1305459,11.5873261,ChIJMxqS5nzfnUcRJkSjS3G6tRs
Sincère,https://guide.michelin.com/en/tokyo-region/tokyo/restaurant/sincere,1_star,Tokyo,Japan,"B1F, 3-7-13 Sendagaya, Shibuya-ku Tokyo Tokyo 151-0051 JPN",Tokyo,Tokyo,151-0051,35.676892,139.704306,ChIJXfAVBLmMGGARVMUiNhNEcNg
Slow & Low,https://guide.michelin.com/en/catalunya/barcelona/restaurant/slow-low,1_star,Barcelona,Spain,Comte Borrell 119 Barcelona Catalonia 08015 ESP,Barcelona,Catalonia,08015,41.3804983,2.1583145,ChIJhft_0L2jpBIRAEXOfVG5HOM
Solbam,https://guide.michelin.com/en/seoul-capital-area/kr-seoul/restaurant/solbam,1_star,Seoul,South Korea,"2F, 231 Hakdong-ro, Gangnam-gu Seoul Seoul Capital Area 06053 KOR",Seoul,Seoul Capital Area,06053,37.5157568,127.0341109,ChIJL2hHUjujfDURbxzijlzZtxs
Sorahana,https://guide.michelin.com/en/tokyo-region/tokyo/restaurant/sorahana,1_star,Tokyo,Japan,"5-3-3 Toranomon, Minato-ku Tokyo Tokyo 105-0001 JPN",Tokyo,Tokyo,105-0001,35.6626878,139.7442581,ChIJMf2LOOKLGGARDeHguUL6iSw
Soseoul Hannam,https://guide.michelin.com/en/seoul-capital-area/kr-seoul/restaurant/soseoul-hannam,1_star,Seoul,South Korea,"B1F, 21-18 Hannam-daero 20-gil, Yongsan-gu Seoul Seoul Capital Area 04419 KOR",Seoul,Seoul Capital Area,04419,37.5352946,127.0092129,ChIJ8R_CLEWjfDUR3HHfL-sNAiA
Soul,https://guide.michelin.com/en/seoul-capital-area/kr-seoul/restaurant/soul-dining,1_star,Seoul,South Korea,"B1F, 35 Sinheung-ro 26-gil, Yongsan-gu Seoul Seoul Capital Area 04337 KOR",Seoul,Seoul Capital Area,04337,37.5453354,126.9844339,ChIJWQe-N-6jfDUR8a_Qr2Xrhfk
Sparkling Bistro,https://guide.michelin.com/en/bayern/mnchen/restaurant/sparkling-bistro,1_star,Munich,Germany,Amalienstraße 89/ Türkenstraße 86 Munich Bavaria 80799 DEU,Munich,Bavaria,80799,48.151811,11.5777627,ChIJsby3GOt1nkcRpZ4xQ78l6jA
St. Barts,https://guide.michelin.com/en/greater-london/london/restaurant/st-barts,1_star,London,United Kingdom,"63 Bartholomew Close, City of London London Greater London EC1A 7BF GBR",London,Greater London,EC1A 7BF,51.518365,-0.0992851999999999,ChIJ921POt8bdkgRwx80KJsqCRk
St. JOHN,https://guide.michelin.com/en/greater-london/london/restaurant/st-john,1_star,London,United Kingdom,"26 St. John Street, Clerkenwell London Greater London EC1M 4AY GBR",London,Greater London,EC1M 4AY,51.5204534,-0.1014303999999999,ChIJFzO5YVEbdkgR1zdv5_hzZwg
Sui Oya,https://guide.michelin.com/en/osaka-region/osaka/restaurant/sui-oya,1_star,Osaka,Japan,"2F, 3-1-2 Temma, Kita-ku Osaka Osaka 530-0043 JPN",Osaka,Osaka,530-0043,34.6922188,135.5155661,ChIJobKYvhbnAGARFc8kFVwsFck
Sushi Hashimoto,https://guide.michelin.com/en/tokyo-region/tokyo/restaurant/sushi-hashimoto,1_star,Tokyo,Japan,"1-8-2 Shintomi, Chuo-ku Tokyo Tokyo 104-0041 JPN",Tokyo,Tokyo,104-0041,35.67293009999999,139.7744693,ChIJdYcitl-JGGARRN6dClrsF9w
Sushi Hoshiyama,https://guide.michelin.com/en/osaka-region/osaka/restaurant/sushi-hoshiyama,1_star,Osaka,Japan,"1-16 Sugaharacho, Kita-ku Osaka Osaka 530-0046 JPN",Osaka,Osaka,530-0046,34.6926737,135.5106755,ChIJX6eVtu3mAGARs4MZ53vxI74
Sushi Kanesaka,https://guide.michelin.com/en/greater-london/london/restaurant/sushi-kanesaka-1210127,1_star,London,United Kingdom,"45 Park Lane, Mayfair London Greater London W1K 1PN GBR",London,Greater London,W1K 1PN,51.5065008,-0.1517378999999999,ChIJz6Z6V5wFdkgRQ9AZGAlIpzU
Sushi Masashi,https://guide.michelin.com/en/tokyo-region/tokyo/restaurant/sushi-masashi,1_star,Tokyo,Japan,"7F, 2-9-9 Kitaaoyama, Minato-ku Tokyo Tokyo 107-0061 JPN",Tokyo,Tokyo,107-0061,35.6713881,139.7167184,ChIJyTFxpuKNGGARxdaK4WpltA8
Sushi Matsumoto,https://guide.michelin.com/en/seoul-capital-area/kr-seoul/restaurant/sushi-matsumoto-1195338,1_star,Seoul,South Korea,"24 Dosan-daero 75-gil, Gangnam-gu Seoul Seoul Capital Area 06015 KOR",Seoul,Seoul Capital Area,06015,37.5257571,127.0456661,ChIJ5WOsGoyjfDUR9wNJyWemF5A
Sushi Matsuura,https://guide.michelin.com/en/tokyo-region/tokyo/restaurant/sushi-matsuura,1_star,Tokyo,Japan,"5-7-8 Shirokane, Minato-ku Tokyo Tokyo 108-0072 JPN",Tokyo,Tokyo,108-0072,35.6444824,139.7276922,ChIJyfbUCk-LGGARtkHwR4hgy-Y
Sushi Miura,https://guide.michelin.com/en/tokyo-region/tokyo/restaurant/sushi-miura,1_star,Tokyo,Japan,"6-19-46 Akasaka, Minato-ku Tokyo Tokyo 107-0052 JPN",Tokyo,Tokyo,107-0052,35.6677379,139.733579,ChIJ8cnaHjOLGGAR8ph1h6MVHxk
Sushi Murakami Jiro,https://guide.michelin.com/en/osaka-region/osaka/restaurant/sushi-murakami-jiro,1_star,Osaka,Japan,"1-5-7 Sonezakishinchi, Kita-ku Osaka Osaka 530-0002 JPN",Osaka,Osaka,530-0002,34.6977399,135.4973094,ChIJGXSbjannAGARFlEyxuyjF3g
Sushi Oya,https://guide.michelin.com/en/tokyo-region/tokyo/restaurant/sushi-oya,1_star,Tokyo,Japan,"3F, 3-6 Fukuromachi, Shinjuku-ku Tokyo Tokyo 162-0828 JPN",Tokyo,Tokyo,162-0828,35.6950662,139.704482,ChIJzxTtD9mMGGARxm4IUM0ns48
Sushi Ryujiro,https://guide.michelin.com/en/tokyo-region/tokyo/restaurant/sushi-ryujiro,1_star,Tokyo,Japan,"2-11-11 Minamiaoyama, Minato-ku Tokyo Tokyo 107-0062 JPN",Tokyo,Tokyo,107-0062,35.6713126,139.7210433,ChIJwaYqX1CNGGARY7CAGDEQOIE
Sushi Saito,https://guide.michelin.com/en/bangkok-region/bangkok/restaurant/sushi-saito-1208794,1_star,Bangkok,Thailand,"Four Seasons Private Residences Bangkok, 300 Charoen Krung Road, Yan Nawa, Sathon Bangkok Bangkok Region 10120 THA",Bangkok,Bangkok Region,10120,13.7123478,100.5099212,ChIJhyrbUDeZ4jARrb1yWJ54qGc
Sushi Tanaka,https://guide.michelin.com/en/tokyo-region/tokyo/restaurant/sushi-tanaka,1_star,Tokyo,Japan,"2-7-23 Minamiazabu, Minato-ku Tokyo Tokyo 106-0047 JPN",Tokyo,Tokyo,106-0047,35.6472242,139.7365974,ChIJuXdhUjWLGGARPCm51rrL-CE
Sushidokoro Amano,https://guide.michelin.com/en/osaka-region/osaka/restaurant/sushidokoro-amano,1_star,Osaka,Japan,"1-13-2 Shitennoji, Tennoji-ku Osaka Osaka 543-0051 JPN",Osaka,Osaka,543-0051,34.6553508,135.514159,ChIJJ4DyYwDnAGARUERAhIL5Ymo
Suto,https://guide.michelin.com/en/catalunya/barcelona/restaurant/suto,1_star,Barcelona,Spain,Violant de Hungría Reina de Aragón 134 Barcelona Catalonia 08028 ESP,Barcelona,Catalonia,08028,41.3799336,2.1335246,ChIJv31mchmZpBIRwcQH2AzA_RE
TEN-MASA,https://guide.michelin.com/en/tokyo-region/tokyo/restaurant/tenmasa-1194080,1_star,Tokyo,Japan,"B1F, 3-16-13 Kamimeguro, Meguro-ku Tokyo Tokyo 153-0051 JPN",Tokyo,Tokyo,153-0051,35.6458407,139.6955846,ChIJlWXdMUyLGGARtnSfWiqv5U0
TOKi,https://guide.michelin.com/en/tokyo-region/tokyo/restaurant/toki,1_star,Tokyo,Japan,"2F, 1-8-4 Shimbashi, Minato-ku Tokyo Tokyo 105-0004 JPN",Tokyo,Tokyo,105-0004,35.6670775,139.7605238,ChIJ96McnkaLGGAR_nCjL4ZxXIk
TROIS VISAGES,https://guide.michelin.com/en/tokyo-region/tokyo/restaurant/trois-visages,1_star,Tokyo,Japan,"7-16-21 Ginza, Chuo-ku Tokyo Tokyo 104-0061 JPN",Tokyo,Tokyo,104-0061,35.6671539,139.7656474,ChIJZ6S6tmaLGGARzKiPwbhy4aU
Taku,https://guide.michelin.com/en/greater-london/london/restaurant/taku-1205623,1_star,London,United Kingdom,"36 Albemarle Street, Mayfair London Greater London W1S 4JE GBR",London,Greater London,W1S 4JE,51.5088241,-0.1419234999999999,ChIJFcwu1NYFdkgRhppS-6fihaI
Takumi Tatsuhiro,https://guide.michelin.com/en/tokyo-region/tokyo/restaurant/takumi-tatsuhiro,1_star,Tokyo,Japan,"1-11-7 Shinjuku, Shinjuku-ku Tokyo Tokyo 160-0022 JPN",Tokyo,Tokyo,160-0022,35.6887738,139.7131158,ChIJtaK7lumMGGARpQ2aPbzVFek
Tanimoto,https://guide.michelin.com/en/tokyo-region/tokyo/restaurant/tanimoto,1_star,Tokyo,Japan,"3F, 3-1 Kagurazaka, Shinjuku-ku Tokyo Tokyo 162-0825 JPN",Tokyo,Tokyo,162-0825,35.7022415,139.7410465,ChIJScElk_KMGGARgaxmq-wDEIs
Tantris DNA,https://guide.michelin.com/en/bayern/mnchen/restaurant/tantris-dna,1_star,Munich,Germany,Johann-Fichte-Straße 7 Munich Bavaria 80805 DEU,Munich,Bavaria,80805,48.1699232,11.5883839,ChIJ3e2l_Fx1nkcRFcnwMcy9OO4
Tempura Maehira,https://guide.michelin.com/en/tokyo-region/tokyo/restaurant/tempura-maehira,1_star,Tokyo,Japan,"4F, 2-8-16 Azabujuban, Minato-ku Tokyo Tokyo 106-0045 JPN",Tokyo,Tokyo,106-0045,35.6556252,139.7338957,ChIJVVVYl5-LGGARHez2jki67g4
Tempura Yaguchi,https://guide.michelin.com/en/tokyo-region/tokyo/restaurant/tempura-yaguchi,1_star,Tokyo,Japan,"2-9-7 Nihombashiningyocho, Chuo-ku Tokyo Tokyo 103-0013 JPN",Tokyo,Tokyo,103-0013,35.686154,139.784015,ChIJvdV87IiJGGARleVGizDqYLw
Ten Yokota,https://guide.michelin.com/en/tokyo-region/tokyo/restaurant/ten-yokota,1_star,Tokyo,Japan,"2F, 3-10-5 Motoazabu, Minato-ku Tokyo Tokyo 106-0046 JPN",Tokyo,Tokyo,106-0046,35.6569925,139.7325047,ChIJ_QGYGmmLGGAR-YlgCpayN5w
Tenoshima,https://guide.michelin.com/en/tokyo-region/tokyo/restaurant/tenoshima,1_star,Tokyo,Japan,"2F, 1-3-21 Minamiaoyama, Minato-ku Tokyo Tokyo 107-0062 JPN",Tokyo,Tokyo,107-0062,35.671019,139.7251853,ChIJ9wG2MD2NGGARC-51T31cfAo
Terada,https://guide.michelin.com/en/osaka-region/osaka/restaurant/terada,1_star,Osaka,Japan,"2F, 2-35 Tamatsukurimotomachi, Tennoji-ku Osaka Osaka 543-0014 JPN",Osaka,Osaka,543-0014,34.6742436760111,135.53277304418,ChIJQSJ7-LDgAGARDy7MFF3xM5I
Teruya,https://guide.michelin.com/en/osaka-region/osaka/restaurant/teruya,1_star,Osaka,Japan,"2-1-24 Ueshio, Chuo-ku Osaka Osaka 542-0064 JPN",Osaka,Osaka,542-0064,34.6692821,135.517796,ChIJaXa70zLnAGARSe4PQ0ga4ks
The Ninth,https://guide.michelin.com/en/greater-london/london/restaurant/the-ninth,1_star,London,United Kingdom,"22 Charlotte Street, Fitzrovia London Greater London W1T 2NB GBR",London,Greater London,W1T 2NB,51.5187346,-0.1348487,ChIJl9_NdCwbdkgRpKEhBGIYGmU
The White Room by Jacob Jan Boerma,https://guide.michelin.com/en/noord-holland/amsterdam/restaurant/the-white-room-by-jacob-jan-boerma,1_star,Amsterdam,Netherlands,Dam 9 Amsterdam Noord-Holland 1012 JS NLD,Amsterdam,Noord-Holland,1012 JS,52.3726464,4.8948151,ChIJsfwjUMcJxkcRcRi3dxYbCKo
Toki,https://guide.michelin.com/en/comunidad-de-madrid/madrid/restaurant/toki-1205025,1_star,Madrid,Spain,Sagasta 28 Madrid Community of Madrid 28004 ESP,Madrid,Community of Madrid,28004,40.4278318,-3.697447999999999,ChIJlayPgPMpQg0RTfnpWV0v1bg
Torakuro,https://guide.michelin.com/en/tokyo-region/tokyo/restaurant/torakuro,1_star,Tokyo,Japan,"B1F, Imperial Hotel Tokyo Main, 1-1-1 Uchisaiwaicho, Chiyoda-ku Tokyo Tokyo 100-8558 JPN",Tokyo,Tokyo,100-8558,35.67236949999999,139.758955,ChIJOwbvfLuLGGARZTYC3D7ELdk
Torisho Ishii,https://guide.michelin.com/en/osaka-region/osaka/restaurant/torisho-ishii,1_star,Osaka,Japan,"3-11-4 Nishitemma, Kita-ku Osaka Osaka 530-0047 JPN",Osaka,Osaka,530-0047,34.6956719,135.5060603,ChIJWX0dhV_mAGAR63OlmHS4Kao
Tour D'argent Tokyo,https://guide.michelin.com/en/tokyo-region/tokyo/restaurant/tour-d-argent-1194082,1_star,Tokyo,Japan,"Lobby floor, Hotel New Otani Tokyo (The Main), 4-1 Kioicho, Chiyoda-ku Tokyo Tokyo 102-8578 JPN",Tokyo,Tokyo,102-8578,35.6809101,139.7340409,ChIJ89uL5HyMGGARlpOzGKydhQI
Towa,https://guide.michelin.com/en/tokyo-region/tokyo/restaurant/towa,1_star,Tokyo,Japan,"2F, 4-11-25 Nishiazabu, Minato-ku Tokyo Tokyo 106-0031 JPN",Tokyo,Tokyo,106-0031,35.6592118,139.722365,ChIJS23v00uLGGARcfZS2ZmUOV0
Trente-Trois,https://guide.michelin.com/en/ile-de-france/paris/restaurant/trente-trois,1_star,Paris,France,"Maison Villeroy, 33 rue Jean-Goujon Paris Ile-de-France 75008 FRA",Paris,Ile-de-France,75008,48.8652293,2.3047616,ChIJAcfncI5v5kcR1JqbYutYwrU
Tutoiement,https://guide.michelin.com/en/seoul-capital-area/kr-seoul/restaurant/tutoiement,1_star,Seoul,South Korea,"20 Gwangnaru-ro 11-gil, Seongdong-gu Seoul Seoul Capital Area 04801 KOR",Seoul,Seoul Capital Area,04801,37.5496704,127.066647,ChIJkTTxM1GlfDURaFBGMDEIHQc
Ubuka,https://guide.michelin.com/en/tokyo-region/tokyo/restaurant/ubuka,1_star,Tokyo,Japan,"2-14 Arakicho, Shinjuku-ku Tokyo Tokyo 160-0007 JPN",Tokyo,Tokyo,160-0007,35.6886432,139.7224323,ChIJhUiHj_KMGGARITbHliNHtTc
Ugo Chan,https://guide.michelin.com/en/comunidad-de-madrid/madrid/restaurant/ugo-chan,1_star,Madrid,Spain,Félix Boix 6 Madrid Community of Madrid 28036 ESP,Madrid,Community of Madrid,28036,40.4632224,-3.6882732,ChIJh67g7DApQg0RNGfPlGDvLg4
Umu,https://guide.michelin.com/en/greater-london/london/restaurant/umu,1_star,London,United Kingdom,"14-16 Bruton Place, Mayfair London Greater London W1J 6LX GBR",London,Greater London,W1J 6LX,51.5113865,-0.1444028,ChIJ9cBDsSsFdkgR79Fc_1y6_cI
VINHO,https://guide.michelin.com/en/seoul-capital-area/kr-seoul/restaurant/vinho,1_star,Seoul,South Korea,"#162 Wellstone Bldg, 38 Hakdong-ro 43-gil, Gangnam-gu Seoul Seoul Capital Area 06059 KOR",Seoul,Seoul Capital Area,06059,37.5186361,127.0381596,ChIJqWOZj6KjfDURWWKxJdKW6-I
Vaisseau,https://guide.michelin.com/en/ile-de-france/paris/restaurant/vaisseau,1_star,Paris,France,35 rue Faidherbe Paris Ile-de-France 75011 FRA,Paris,Ile-de-France,75011,48.8531489,2.3826207,ChIJA73L0W9z5kcRqULmP_W05uw
VelascoAbellà,https://guide.michelin.com/en/comunidad-de-madrid/madrid/restaurant/velascoabella,1_star,Madrid,Spain,Víctor Andrés Belaúnde 25 Madrid Community of Madrid 28016 ESP,Madrid,Community of Madrid,28016,40.4562497,-3.6798992,ChIJ47mISlQpQg0RM1RQwirQGsw
Via Veneto,https://guide.michelin.com/en/catalunya/barcelona/restaurant/via-veneto,1_star,Barcelona,Spain,Ganduxer 10 Barcelona Catalonia 08021 ESP,Barcelona,Catalonia,08021,41.3923798,2.1391095,ChIJI8Kpv3CYpBIRgYfrEaTZnyc
Werneckhof Sigi Schelling,https://guide.michelin.com/en/bayern/mnchen/restaurant/werneckhof-sigi-schelling,1_star,Munich,Germany,Werneckstraße 11 Munich Bavaria 80802 DEU,Munich,Bavaria,80802,48.1593017,11.5884135,ChIJmyWezhp1nkcR3xaIsAZUQE4
Wild Honey St James,https://guide.michelin.com/en/greater-london/london/restaurant/wild-honey-st-james,1_star,London,United Kingdom,"8 Pall Mall, St James’s London Greater London SW1Y 5NG GBR",London,Greater London,SW1Y 5NG,51.5074924,-0.1322098,ChIJCXHRB9EEdkgRrOgHyE2YKbs
Wils,https://guide.michelin.com/en/noord-holland/amsterdam/restaurant/wils,1_star,Amsterdam,Netherlands,Stadionplein 26 Amsterdam Noord-Holland 1076 CM NLD,Amsterdam,Noord-Holland,1076 CM,52.3431985,4.8563632,ChIJVWJPJUHhxUcR4eHuJtj8zMc
Wistèria,https://guide.michelin.com/en/veneto/venezia/restaurant/wisteria,1_star,Venice,Italy,"fondamenta del Forner, sestiere San Polo 2908 Venice Veneto 30125 ITA",Venice,Veneto,30125,45.4357728,12.3266918,ChIJC9bavOOxfkcRQ1E-5SEBVZw
YUN,https://guide.michelin.com/en/seoul-capital-area/kr-seoul/restaurant/yun,1_star,Seoul,South Korea,"805 Seolleung-ro, Gangnam-gu Seoul Seoul Capital Area 06019 KOR",Seoul,Seoul Capital Area,06019,37.5241019,127.0390343,ChIJT4iUTU6ZfDURTYMMNDveRLo
YUNiCO,https://guide.michelin.com/en/osaka-region/osaka/restaurant/yunico-1194638,1_star,Osaka,Japan,"4F, 1-5-17 Sonezakishinchi, Kita-ku Osaka Osaka 530-0002 JPN",Osaka,Osaka,530-0002,34.6978815,135.4996035,ChIJaejxSezmAGARqicYNGCN6IY
Yakitori Ichimatsu,https://guide.michelin.com/en/osaka-region/osaka/restaurant/yakitori-ichimatsu,1_star,Osaka,Japan,"1-5-1 Dojima, Kita-ku Osaka Osaka 530-0003 JPN",Osaka,Osaka,530-0003,34.695967,135.497041,ChIJ73kd-e3mAGAReHcWfOpdGA8
Yakitori Takahashi,https://guide.michelin.com/en/tokyo-region/tokyo/restaurant/yakitori-takahashi,1_star,Tokyo,Japan,"2F, 2-10-11 Nihombashi, Chuo-ku Tokyo Tokyo 103-0027 JPN",Tokyo,Tokyo,103-0027,35.6809853,139.7745479,ChIJMV-9G12LGGAR0oiaGsScWNY
Yakitori Torisen,https://guide.michelin.com/en/osaka-region/osaka/restaurant/yakitori-torisen,1_star,Osaka,Japan,"3F, 1-4-26 Dojima, Kita-ku Osaka Osaka 530-0003 JPN",Osaka,Osaka,530-0003,34.696158,135.4980618,ChIJicrhe1TnAGARRL4ACXnFRs8
Yama,https://guide.michelin.com/en/tokyo-region/tokyo/restaurant/yama-1214953,1_star,Tokyo,Japan,"6-16-41 Shirokane, Minato-ku Tokyo Tokyo 108-0072 JPN",Tokyo,Tokyo,108-0072,35.6437985,139.7229034,ChIJewCB5KeLGGARj2HrKRvkR_M
Yoshiko,https://guide.michelin.com/en/osaka-region/osaka/restaurant/yoshiko,1_star,Osaka,Japan,"1-8-5 Sonezakishinchi, Kita-ku Osaka Osaka 530-0002 JPN",Osaka,Osaka,530-0002,34.6974109,135.5002582,ChIJb6TyI-zmAGARNBQuqjLYhDA
Yotsuya Minemura,https://guide.michelin.com/en/tokyo-region/tokyo/restaurant/yotsuya-minemura,1_star,Tokyo,Japan,"2F, 3-21 Arakicho, Shinjuku-ku Tokyo Tokyo 160-0007 JPN",Tokyo,Tokyo,160-0007,35.6895278,139.7218459,ChIJJ22dd_KMGGARRXTxl-4mIKo
Yu Yuan,https://guide.michelin.com/en/seoul-capital-area/kr-seoul/restaurant/yu-yuan,1_star,Seoul,South Korea,"11F Four Seasons Hotel, 97 Saemunan-ro, Jongno-gu Seoul Seoul Capital Area 03183 KOR",Seoul,Seoul Capital Area,03183,37.570896,126.9754786,ChIJ3dVqNJOifDURoB_zAowK8I0
Yugo The Bunker,https://guide.michelin.com/en/comunidad-de-madrid/madrid/restaurant/yugo,1_star,Madrid,Spain,San Blas 4 Madrid Community of Madrid 28014 ESP,Madrid,Community of Madrid,28014,40.4106783,-3.6947231,ChIJx8vqfrAoQg0RMc6ahl5daPk
Z'SOM,https://guide.michelin.com/en/vienna/wien/restaurant/z-som,1_star,Vienna,Austria,Gußhausstraße 12 Vienna Vienna 1040 AUT,Vienna,Vienna,1040,48.1975648,16.3720652,ChIJ6w5ZaIwHbUcR6ZoNnsCe_-k
ZURRIOLA,https://guide.michelin.com/en/tokyo-region/tokyo/restaurant/zurriola,1_star,Tokyo,Japan,"4F, Kojun Bldg, 6-8-7 Ginza, Chuo-ku Tokyo Tokyo 104-0061 JPN",Tokyo,Tokyo,104-0061,35.6701309,139.7628592,ChIJl5BHHOaLGGAR3z0Dg9Gyf3g
Zeshin,https://guide.michelin.com/en/osaka-region/osaka/restaurant/zeshin,1_star,Osaka,Japan,"B1F, 2-9-3 Nishitemma, Kita-ku Osaka Osaka 530-0047 JPN",Osaka,Osaka,530-0047,34.6964488,135.5023972,ChIJYa0kO-nmAGARcxE3U5Dt-hw
Zia,https://guide.michelin.com/en/lazio/roma/restaurant/zia,1_star,Rome,Italy,via Goffredo Mameli 45 Rome Lazio 00153 ITA,Rome,Lazio,00153,41.88700040000001,12.4681516,ChIJmaZ8kGFhLxMR4ojW0oHmpgE
abysse,https://guide.michelin.com/en/tokyo-region/tokyo/restaurant/abysse,1_star,Tokyo,Japan,"1-30-12 Ebisunishi, Shibuya-ku Tokyo Tokyo 150-0021 JPN",Tokyo,Tokyo,150-0021,35.6484697,139.7056689,ChIJAQAAAGOLGGARxWRVGcdrynM
amarantos,https://guide.michelin.com/en/tokyo-region/tokyo/restaurant/amarantos,1_star,Tokyo,Japan,"9F, 5-6-7 Ginza, Chuo-ku Tokyo Tokyo 104-0061 JPN",Tokyo,Tokyo,104-0061,35.6709865,139.7638602,ChIJ2bQw_tmLGGARprV9Gllket0
apothéose,https://guide.michelin.com/en/tokyo-region/tokyo/restaurant/apotheose,1_star,Tokyo,Japan,"49F, Toranomon Hills Station Tower, 2-6-2 Toranomon, Minato-ku Tokyo Tokyo 105-5549 JPN",Tokyo,Tokyo,105-5549,35.6675344,139.7468959,ChIJMWff46CLGGARtLaIj--0ZcU
capi,https://guide.michelin.com/en/osaka-region/osaka/restaurant/capi,1_star,Osaka,Japan,"6F, 1-10-2 Sonezakishinchi, Kita-ku Osaka Osaka 530-0002 JPN",Osaka,Osaka,530-0002,34.6978815,135.4996035,ChIJaejxSezmAGARqicYNGCN6IY
etcha,https://guide.michelin.com/en/bangkok-region/bangkok/restaurant/etcha,1_star,Bangkok,Thailand,"7F, Chatrium Grand Bangkok, 728 Phetchaburi Road, Phetchaburi, Ratchathewi Bangkok Bangkok Region 10400 THA",Bangkok,Bangkok Region,10400,13.7498873,100.5348944,ChIJeY8lii2f4jARa9-Po0Ov8g8
hortensia,https://guide.michelin.com/en/tokyo-region/tokyo/restaurant/hortensia,1_star,Tokyo,Japan,"2F, 1-5-12 Shintomi, Chuo-ku Tokyo Tokyo 104-0041 JPN",Tokyo,Tokyo,104-0041,35.6724272,139.7728258,ChIJL7tb0CSLGGARJWOhdejXMYE
itsuka,https://guide.michelin.com/en/tokyo-region/tokyo/restaurant/itsuka,1_star,Tokyo,Japan,"2F, 2-14-15 Minamiaoyama, Minato-ku Tokyo Tokyo 107-0062 JPN",Tokyo,Tokyo,107-0062,35.6702649,139.7202398,ChIJ__-T5pyMGGARoS5HMM3m1nA
l'élan,https://guide.michelin.com/en/tokyo-region/tokyo/restaurant/l-elan,1_star,Tokyo,Japan,"4F, GYRE, 5-10-1 Jingumae, Shibuya-ku Tokyo Tokyo 150-0001 JPN",Tokyo,Tokyo,150-0001,35.6674536,139.7068537,ChIJlSwXD5yNGGAR7IGdG0ASpLs
mærge,https://guide.michelin.com/en/tokyo-region/tokyo/restaurant/maerge,1_star,Tokyo,Japan,"3-8-14 Minamiaoyama, Minato-ku Tokyo Tokyo 107-0062 JPN",Tokyo,Tokyo,107-0062,35.666978,139.7155967,ChIJGxxcwTqNGGAR5oaHvuYXXng
nôl,https://guide.michelin.com/en/tokyo-region/tokyo/restaurant/nol,1_star,Tokyo,Japan,"1F, DDD HOTEL, 2-2-1 Nihombashibakurocho, Chuo-ku Tokyo Tokyo 103-0002 JPN",Tokyo,Tokyo,103-0002,35.695272,139.7836202,ChIJW5Xqk7-PGGARQ22bS6qik9Y
pars Restaurant,https://guide.michelin.com/en/berlin-region/berlin/restaurant/pars-restaurant,1_star,Berlin,Germany,Grolmanstraße 53 Berlin Berlin 10623 DEU,Berlin,Berlin,10623,52.5074948,13.3214413,ChIJ7VnVhkJRqEcRZwN0INGn-EU
y'east,https://guide.michelin.com/en/seoul-capital-area/kr-seoul/restaurant/y-east,1_star,Seoul,South Korea,"3F, 26-6 Eonju-ro 170-gil, Gangnam-gu Seoul Seoul Capital Area 06017 KOR",Seoul,Seoul Capital Area,06017,37.5263299,127.0355669,ChIJB2BRX3OjfDURrLzEVUCryxk
Èter,https://guide.michelin.com/en/comunidad-de-madrid/madrid/restaurant/eter,1_star,Madrid,Spain,Granito 20 Madrid Community of Madrid 28045 ESP,Madrid,Community of Madrid,28045,40.393108,-3.6918007,ChIJl8Vm314nQg0RdSw5ZpYvHM4
Édition Koji Shimomura,https://guide.michelin.com/en/tokyo-region/tokyo/restaurant/edition-koji-shimomura,1_star,Tokyo,Japan,"1F, Roppongi T-Cube, 3-1-1 Roppongi, Minato-ku Tokyo Tokyo 106-0032 JPN",Tokyo,Tokyo,106-0032,35.6655427,139.7382225,ChIJd56XtISLGGARgym0xO42yCw
Ñ,https://guide.michelin.com/en/osaka-region/osaka/restaurant/n,1_star,Osaka,Japan,"1-6-3 Azuchimachi, Chuo-ku Osaka Osaka 541-0052 JPN",Osaka,Osaka,541-0052,34.6840099,135.5082569,ChIJNUNcmCHnAGARQDwu1kYZ_Vc
Štangl,https://guide.michelin.com/en/prague/prague/restaurant/stangl,1_star,Prague,Czech Republic,Pernerova 49 Prague Prague 18600 CZE,Prague,Prague,18600,50.0913526,14.4544686,ChIJ_7EAWgGVC0cRCWr7pUQ4Y20
A-Fusion,https://guide.michelin.com/en/noord-holland/amsterdam/restaurant/a-fusion,bib_gourmand,Amsterdam,Netherlands,Zeedijk 130 Amsterdam Noord-Holland 1012 BC NLD,Amsterdam,Noord-Holland,1012 BC,52.3732492,4.900118,ChIJTeNvFrkJxkcR9rWzAHq0Kes
AGORA,https://guide.michelin.com/en/greater-london/london/restaurant/agora-1214525,bib_gourmand,London,United Kingdom,"4 Bedale Street, Borough Market London Greater London SE1 9AL GBR",London,Greater London,SE1 9AL,51.505369,-0.0899915999999999,ChIJO-l8RlUDdkgRtQdsyN3j7ho
AKA to SHIRO,https://guide.michelin.com/en/osaka-region/osaka/restaurant/aka-to-shiro,bib_gourmand,Osaka,Japan,"3F, 1-1-41 Sonezakishinchi, Kita-ku Osaka Osaka 530-0002 JPN",Osaka,Osaka,530-0002,34.6966904,135.5005022,ChIJH-7wJHjnAGARcLJ4Vq7YjeA
ARROCERÍA La Panza,https://guide.michelin.com/en/tokyo-region/tokyo/restaurant/arroceria-la-panza,bib_gourmand,Tokyo,Japan,"1-15-8 Ginza, Chuo-ku Tokyo Tokyo 104-0061 JPN",Tokyo,Tokyo,104-0061,35.6734068,139.7700451,ChIJj0VoeeGLGGAREpLjY_rN8-w
AUDACE,https://guide.michelin.com/en/tokyo-region/tokyo/restaurant/audace,bib_gourmand,Tokyo,Japan,"3-8-1 Kamimeguro, Meguro-ku Tokyo Tokyo 153-0051 JPN",Tokyo,Tokyo,153-0051,35.64475669999999,139.6979137,ChIJ3a4raTaLGGARPjGP4CRC3zo
AlCeppo,https://guide.michelin.com/en/tokyo-region/tokyo/restaurant/alceppo,bib_gourmand,Tokyo,Japan,"2F, 1-25-32 Shirokane, Minato-ku Tokyo Tokyo 108-0072 JPN",Tokyo,Tokyo,108-0072,35.6446613,139.731582,ChIJy84eyKmLGGARVC-Np75-VsQ
Alba,https://guide.michelin.com/en/noord-holland/amsterdam/restaurant/alba-1212950,bib_gourmand,Amsterdam,Netherlands,Wibautstraat 105H Amsterdam Noord-Holland 1091 GL NLD,Amsterdam,Noord-Holland,1091 GL,52.3560247,4.9118732,ChIJ1cZszgUJxkcRHZ_bA9Ip9og
Alma,https://guide.michelin.com/en/prague/prague/restaurant/alma-1218075,bib_gourmand,Prague,Czech Republic,V Jirchářích 8 Prague Prague 11000 CZE,Prague,Prague,11000,50.0800807,14.4165604,ChIJyUyE1AGVC0cRYm23uQ301qY
Ann Tha Din Daeng,https://guide.michelin.com/en/bangkok-region/bangkok/restaurant/ann-tha-din-daeng,bib_gourmand,Bangkok,Thailand,"167 Tha Din Daeng Road, Khlong San Bangkok Bangkok Region 10600 THA",Bangkok,Bangkok Region,10600,13.7327986,100.5023054,ChIJNyAJd-GY4jARj8lfyBxKsiQ
Aozora blue,https://guide.michelin.com/en/osaka-region/osaka/restaurant/aozora-blue,bib_gourmand,Osaka,Japan,"4-5-8 Hiranomachi, Chuo-ku Osaka Osaka 541-0046 JPN",Osaka,Osaka,541-0046,34.6878611,135.4983942,ChIJW3IBmuTmAGARuXFyHPB9B5g
Arrocería Sal y Amor,https://guide.michelin.com/en/tokyo-region/tokyo/restaurant/arroceria-sal-y-amor,bib_gourmand,Tokyo,Japan,"B1F, 12-19 Daikanyamacho, Shibuya-ku Tokyo Tokyo 150-0034 JPN",Tokyo,Tokyo,150-0034,35.6508206,139.7034791,ChIJnQnzI0WLGGARjy7bLpkSd18
Avenir,https://guide.michelin.com/en/catalunya/barcelona/restaurant/avenir,bib_gourmand,Barcelona,Spain,Carrer de l'Avenir 72 Barcelona Catalonia 08021 ESP,Barcelona,Catalonia,08021,41.3944348,2.144302,ChIJ49jAjgqZpBIRBZ_98C0DITg
Ayamuya,https://guide.michelin.com/en/osaka-region/osaka/restaurant/ayamuya,bib_gourmand,Osaka,Japan,"5-17-39 Fukushima, Fukushima-ku Osaka Osaka 553-0003 JPN",Osaka,Osaka,553-0003,34.695507,135.485455,ChIJc1AOZGDmAGARf-mjIglu2JU
Az,https://guide.michelin.com/en/osaka-region/osaka/restaurant/az,bib_gourmand,Osaka,Japan,"B1F, 4-4-8 Nishitemma, Kita-ku Osaka Osaka 530-0047 JPN",Osaka,Osaka,530-0047,34.7047014,135.4961473,ChIJK58ZLmHnAGARzi96ugXQHz8
BRAMASOLE,https://guide.michelin.com/en/tokyo-region/tokyo/restaurant/bramasole,bib_gourmand,Tokyo,Japan,"3-42-5 Jingumae, Shibuya-ku Tokyo Tokyo 150-0001 JPN",Tokyo,Tokyo,150-0001,35.67100629999999,139.7137766,ChIJk7XbU9CNGGAR7YgAHLCwIvc
Baan Pee Lek,https://guide.michelin.com/en/bangkok-region/bangkok/restaurant/baan-pee-lek,bib_gourmand,Bangkok,Thailand,"39 Chalermprakhet 9 Soi 9, Nong Bon, Prawet Bangkok Bangkok Region 10250 THA",Bangkok,Bangkok Region,10250,13.6812269,100.6545807,ChIJ3d9FmtdfHTERC01d3CYJCTY
Baca'v par Gilles Choukroun,https://guide.michelin.com/en/ile-de-france/paris/restaurant/baca-v,bib_gourmand,Paris,France,6 rue des Fossés-Saint-Marcel Paris Ile-de-France 75005 FRA,Paris,Ile-de-France,75005,48.83919,2.356063,ChIJ4x6GRPJx5kcRYEiThcBqZM4
Bacaro,https://guide.michelin.com/en/catalunya/barcelona/restaurant/bacaro-1206273,bib_gourmand,Barcelona,Spain,Jerusalem 6 Barcelona Catalonia 08001 ESP,Barcelona,Catalonia,08001,41.381219,2.171539,ChIJ6aENL_aipBIRN9fMOpVeAt8
Bacira,https://guide.michelin.com/en/comunidad-de-madrid/madrid/restaurant/bacira,bib_gourmand,Madrid,Spain,Castillo 16 Madrid Community of Madrid 28010 ESP,Madrid,Community of Madrid,28010,40.433787,-3.699074,ChIJv5fZyfQoQg0RvOCfeOykIo0
Bancone,https://guide.michelin.com/en/greater-london/london/restaurant/bancone,bib_gourmand,London,United Kingdom,"39 William IV Street, Covent Garden London Greater London WC2N 4DD GBR",London,Greater London,WC2N 4DD,51.5095795,-0.1264051,ChIJL5RXfs4EdkgRe0KWUsAHugI
Bao,https://guide.michelin.com/en/greater-london/london/restaurant/bao,bib_gourmand,London,United Kingdom,"53 Lexington Street, Soho London Greater London W1F 9AS GBR",London,Greater London,W1F 9AS,51.5132162,-0.1365562,ChIJxc4vk9QEdkgRjJ2al7_P9uw
Bardeni-Caldeni,https://guide.michelin.com/en/catalunya/barcelona/restaurant/bardeni-caldeni,bib_gourmand,Barcelona,Spain,Valencia 454 Barcelona Catalonia 08013 ESP,Barcelona,Catalonia,08013,41.4029156,2.1770971,ChIJCeXlq92ipBIRpdK__54n0FI
Beer Hima (Chatuchak),https://guide.michelin.com/en/bangkok-region/bangkok/restaurant/beer-hima-prachachuen,bib_gourmand,Bangkok,Thailand,"12/21, 99/231 Thetsaban Songkhro Road, Lat Yao, Chatuchak Bangkok Bangkok Region 10900 THA",Bangkok,Bangkok Region,10900,13.8399229,100.5475665,ChIJL3QFAZOc4jARhQg2MNwRM-E
Berbena,https://guide.michelin.com/en/catalunya/barcelona/restaurant/berbena,bib_gourmand,Barcelona,Spain,Minerva 6 Barcelona Catalonia 08006 ESP,Barcelona,Catalonia,08006,41.3964581,2.1565436,ChIJAZFXgNujpBIRH2tz97NCL38
Berenjak,https://guide.michelin.com/en/greater-london/london/restaurant/berenjak,bib_gourmand,London,United Kingdom,"27 Romilly Street, Soho London Greater London W1D 5AL GBR",London,Greater London,W1D 5AL,51.5130327,-0.1307591,ChIJm2ZLEzMFdkgRZrDcaZENVrw
Bibijae,https://guide.michelin.com/en/busan-region/busan_1025838/restaurant/bibijae,bib_gourmand,Busan,South Korea,"45 Namcheonbada-ro 10 beon-gil, Suyeong-gu Busan Busan 48314 KOR",Busan,Busan,48314,35.1479544,129.1114233,ChIJd13rH-TtaDURYgi7r2FNPk4
Biriyani Osawa,https://guide.michelin.com/en/tokyo-region/tokyo/restaurant/biriyani-osawa,bib_gourmand,Tokyo,Japan,"B1F, 1-15-12 Uchikanda, Chiyoda-ku Tokyo Tokyo 101-0047 JPN",Tokyo,Tokyo,101-0047,35.6922197,139.7660551,ChIJMXNbfZCNGGARA2fy1rGY0KA
Bokkia Tha Din Daeng,https://guide.michelin.com/en/bangkok-region/bangkok/restaurant/bokkia-tha-din-daeng,bib_gourmand,Bangkok,Thailand,"323 Tha Din Daeng Road, Somdet Chao Phraya, Khlong San Bangkok Bangkok Region 10600 THA",Bangkok,Bangkok Region,10600,13.7335746,100.5025841,ChIJUZqnmeGY4jARu0Jb3Ri5pH0
Buchon Yukhoe,https://guide.michelin.com/en/seoul-capital-area/kr-seoul/restaurant/buchon-yukhoe,bib_gourmand,Seoul,South Korea,"200-12 Jong-ro, Jongno-gu Seoul Seoul Capital Area 03195 KOR",Seoul,Seoul Capital Area,03195,37.5703409,126.999913,ChIJQR1ODmCjfDUREpgR7iCRQDI
Buda Myeonoak,https://guide.michelin.com/en/busan-region/busan_1025838/restaurant/buda-myeonoak,bib_gourmand,Busan,South Korea,"2F, 36 Jungdong 1-ro, Haeundae-gu Busan Busan 48095 KOR",Busan,Busan,48095,35.1623676,129.1629743,ChIJvUYp_lySaDURSxcMD3TcvvU
Bunloet (Pom Prap Sattru Phai),https://guide.michelin.com/en/bangkok-region/bangkok/restaurant/bunloet,bib_gourmand,Bangkok,Thailand,"360 Soi Nakhon Sawan 8, Nakhon Sawan Road, Wat Sommanat, Pom Prap Sattru Phai Bangkok Bangkok Region 10100 THA",Bangkok,Bangkok Region,10100,13.7597659,100.5123167,ChIJuyAMy0CZ4jARcJcKfKgoW-E
Bà Đông,https://guide.michelin.com/en/da-nang-region/da-nang_2984390/restaurant/ba-%C4%91ong,bib_gourmand,Da Nang,Vietnam,"145 Huynh Thuc Khang Street, Binh Hien Ward, Hai Chau District Da Nang Da Nang Region 550000 VNM",Da Nang,Da Nang Region,550000,16.0573962,108.2182213,ChIJyeVQackZQjER9wUZ_45wYgw
Bánh Xèo 46A,https://guide.michelin.com/en/ho-chi-minh/ho-chi-minh_2978179/restaurant/banh-xeo-46a,bib_gourmand,Ho Chi Minh City,Vietnam,"46 Dinh Cong Trang Street, Tan Dinh Ward, District 1 Ho Chi Minh City Hồ Chí Minh 710776 VNM",Ho Chi Minh City,Hồ Chí Minh,710776,10.7895674,106.6913428,ChIJOwpR9U0vdTER7VWboFERAEk
Bánh Xèo 76,https://guide.michelin.com/en/da-nang-region/da-nang_2984390/restaurant/banh-xeo-76,bib_gourmand,Da Nang,Vietnam,"85A Le Van Huu Street, Bac My An Ward, Ngu Hanh Son District Da Nang Da Nang Region 550000 VNM",Da Nang,Da Nang Region,550000,16.0416482,108.2400885,ChIJyyYpNmMXQjERpF7o-AgLzb4
Bánh Xèo Tôm Nhảy Cô Ba,https://guide.michelin.com/en/da-nang-region/da-nang_2984390/restaurant/banh-xeo-tom-nhay-co-ba,bib_gourmand,Da Nang,Vietnam,"248 Trung Nu Vuong Street, Binh Thuan Ward, Hai Chau District Da Nang Da Nang Region 550000 VNM",Da Nang,Da Nang Region,550000,16.0545008,108.2197597,ChIJc0I_y8gZQjERH3FU5Qy1PK0
Bánh Xèo Tôm Nhảy Năm Hiền (Phan Thanh Street),https://guide.michelin.com/en/da-nang-region/da-nang_2984390/restaurant/nam-hien-phan-thanh-street,bib_gourmand,Da Nang,Vietnam,"46 Phan Thanh Street, Thac Gian Ward, Thanh Khe District Da Nang Da Nang Region 550000 VNM",Da Nang,Da Nang Region,550000,16.0646855,108.2079332,ChIJxa1RjLQZQjERoAbCYACPM1M
Bé Ni 2,https://guide.michelin.com/en/da-nang-region/da-nang_2984390/restaurant/be-ni-2,bib_gourmand,Da Nang,Vietnam,"228 Vo Nguyen Giap Street, Phuoc My Ward, Son Tra District Da Nang Da Nang Region 550000 VNM",Da Nang,Da Nang Region,550000,16.0668016,108.2449953,ChIJySI1VxkXQjERUSItJZQgxBE
Bò Kho Gánh,https://guide.michelin.com/en/ho-chi-minh/ho-chi-minh_2978179/restaurant/bo-kho-ganh,bib_gourmand,Ho Chi Minh City,Vietnam,"029 Lot H, Ngo Gia Tu Apartment, Su Van Hanh Street, Ward 2, District 10 Ho Chi Minh City Hồ Chí Minh 700000 VNM",Ho Chi Minh City,Hồ Chí Minh,700000,10.7617974,106.6730176,ChIJVfMBtOMudTER_FcDGyRHsSE
Bún Bò Bà Rơi (Hai Chau),https://guide.michelin.com/en/da-nang-region/da-nang_2984390/restaurant/bun-bo-ba-roi-hai-chau,bib_gourmand,Da Nang,Vietnam,"5 Phan Thanh Tai Street, Hoa Thuan Dong Ward, Hai Chau District Da Nang Da Nang Region 550000 VNM",Da Nang,Da Nang Region,550000,16.0537181,108.2214331,ChIJ1c-TY6MZQjERznx5zPDB9kc
Bún Bò Huế 14B,https://guide.michelin.com/en/ho-chi-minh/ho-chi-minh_2978179/restaurant/bun-bo-hue-14b,bib_gourmand,Ho Chi Minh City,Vietnam,"14B Street 46, Ward 2, District 4 Ho Chi Minh City Hồ Chí Minh 754000 VNM",Ho Chi Minh City,Hồ Chí Minh,754000,10.7594131,106.6974049,ChIJs4tLc4EvdTERNq9U-DMhrKE
Bún Bò Huế Bà Thương,https://guide.michelin.com/en/da-nang-region/da-nang_2984390/restaurant/bun-bo-hue-ba-thuong,bib_gourmand,Da Nang,Vietnam,"23 Tran Quoc Toan Street, Hai Chau 1 Ward, Hai Chau District Da Nang Da Nang Region 550000 VNM",Da Nang,Da Nang Region,550000,16.0661111,108.2230556,ChIJtZ-j_DIYQjERp4pBNhnHIww
Bún Chả Cá 109,https://guide.michelin.com/en/da-nang-region/da-nang_2984390/restaurant/bun-cha-ca-109,bib_gourmand,Da Nang,Vietnam,"109 Nguyen Chi Thanh Street, Hai Chau 1 Ward, Hai Chau District Da Nang Da Nang Region 550000 VNM",Da Nang,Da Nang Region,550000,16.0744219,108.2208132,ChIJuRo-ujAYQjER1Zn689p6UQQ
Bún Chả Cá Hờn,https://guide.michelin.com/en/da-nang-region/da-nang_2984390/restaurant/bun-cha-ca-hon,bib_gourmand,Da Nang,Vietnam,"113/03 Nguyen Chi Thanh Street, Hai Chau 1 Ward, Hai Chau District Da Nang Da Nang Region 550000 VNM",Da Nang,Da Nang Region,550000,16.0741012,108.221255,ChIJaac3vzAYQjER7QSBWSi6Ho8
Bếp Mẹ ỉn (Le Thanh Ton Street),https://guide.michelin.com/en/ho-chi-minh/ho-chi-minh_2978179/restaurant/bep-me-in-le-thanh-ton,bib_gourmand,Ho Chi Minh City,Vietnam,"136 Le Thanh Ton Street, Ben Thanh Ward, District 1 Ho Chi Minh City Hồ Chí Minh 700000 VNM",Ho Chi Minh City,Hồ Chí Minh,700000,10.7738567,106.6980798,ChIJcwyUxjgvdTERFwXMvGKDY0U
Chay Garden (District 3),https://guide.michelin.com/en/ho-chi-minh/ho-chi-minh_2978179/restaurant/chay-garden,bib_gourmand,Ho Chi Minh City,Vietnam,"52 Vo Van Tan Street, Ward 6, District 3 Ho Chi Minh City Hồ Chí Minh 700000 VNM",Ho Chi Minh City,Hồ Chí Minh,700000,10.7782235,106.690683,ChIJYYSPjP8vdTERMv9Ug1QLIn4
Chez Bernard,https://guide.michelin.com/en/vienna/wien/restaurant/chez-bernard,bib_gourmand,Vienna,Austria,Mariahilfer Straße 71A Vienna Vienna 1060 AUT,Vienna,Vienna,1060,48.1982683,16.3509136,ChIJB9G_RioHbUcRaLI6MfcRdKw
Chukasoba Ginza Hachigou,https://guide.michelin.com/en/tokyo-region/tokyo/restaurant/chukasoba-ginza-hachigo,bib_gourmand,Tokyo,Japan,"3-14-2 Ginza, Chuo-ku Tokyo Tokyo 104-0061 JPN",Tokyo,Tokyo,104-0061,35.6705477,139.77015,ChIJX05jZOaLGGAR2rUy9EXaYLk
Chukasoba Mugen,https://guide.michelin.com/en/osaka-region/osaka/restaurant/chukasoba-mugen,bib_gourmand,Osaka,Japan,"5-5-10 Ebie, Fukushima-ku Osaka Osaka 553-0001 JPN",Osaka,Osaka,553-0001,34.6966027,135.4722006,ChIJ3T9Dk23mAGARZkLf5iAfKRU
Chukasoba Uemachi,https://guide.michelin.com/en/osaka-region/osaka/restaurant/chukasoba-uemachi,bib_gourmand,Osaka,Japan,"A-22 Uemachi, Chuo-ku Osaka Osaka 540-0005 JPN",Osaka,Osaka,540-0005,34.6769013,135.5210235,ChIJD2-x3DXnAGARb6Q8qg6UPkU
Cor Pasta bar,https://guide.michelin.com/en/busan-region/busan_1025838/restaurant/cor-pasta-bar,bib_gourmand,Busan,South Korea,"2F, 13 Dongseong-ro 25 beon-gil, Busanjin-gu Busan Busan 47305 KOR",Busan,Busan,47305,35.1526436,129.0676946,ChIJgSV5xWTraDURae9x-JoXEYE
Cruix,https://guide.michelin.com/en/catalunya/barcelona/restaurant/cruix,bib_gourmand,Barcelona,Spain,Entença 57 Barcelona Catalonia 08015 ESP,Barcelona,Catalonia,08015,41.3781699,2.1522946,ChIJG8wtVnyipBIRru4JNK9EdkM
Cô Chủ Nhỏ,https://guide.michelin.com/en/da-nang-region/da-nang_2984390/restaurant/co-chu-nho,bib_gourmand,Da Nang,Vietnam,"36 Phan Tu Street, My An Ward, Ngu Hanh Son District Da Nang Da Nang Region 550000 VNM",Da Nang,Da Nang Region,550000,16.0461044,108.2454697,ChIJ--QFL_UXQjERfcsy8OcNAT8
Cơm Tấm Ba Ghiền,https://guide.michelin.com/en/ho-chi-minh/ho-chi-minh_2978179/restaurant/com-tam-ba-ghien,bib_gourmand,Ho Chi Minh City,Vietnam,"84 Dang Van Ngu Street, Ward 10, Phu Nhuan District Ho Chi Minh City Hồ Chí Minh 725000 VNM",Ho Chi Minh City,Hồ Chí Minh,725000,10.7944422,106.6693599,ChIJVdCmZwApdTERst5D1YIjVbQ
Cục Gạch Quán,https://guide.michelin.com/en/ho-chi-minh/ho-chi-minh_2978179/restaurant/cuc-gach-quan,bib_gourmand,Ho Chi Minh City,Vietnam,"10 Dang Tat Street, Tan Dinh Ward, District 1 Ho Chi Minh City Hồ Chí Minh 71008 VNM",Ho Chi Minh City,Hồ Chí Minh,71008,10.792844,106.6890089,ChIJpaATms0odTERiyQ7q1ewGIs
DIALOGUE,https://guide.michelin.com/en/tokyo-region/tokyo/restaurant/dialogue-1200268,bib_gourmand,Tokyo,Japan,"3-23-21 Kitazawa, Setagaya-ku Tokyo Tokyo 155-0031 JPN",Tokyo,Tokyo,155-0031,35.6649676,139.6697175,ChIJ4ZuauWrzGGARhl7VPpHpMiI
Da Burde,https://guide.michelin.com/en/toscana/firenze/restaurant/da-burde,bib_gourmand,Florence,Italy,via Pistoiese 154 Florence Tuscany 50145 ITA,Florence,Tuscany,50145,43.7941421,11.1858446,ChIJ1423i15XKhMRE1QWz8txuEs
Daidokoro Kamiya,https://guide.michelin.com/en/osaka-region/osaka/restaurant/daidokoro-kamiya,bib_gourmand,Osaka,Japan,"1-10-12 Kyomachibori, Nishi-ku Osaka Osaka 550-0003 JPN",Osaka,Osaka,550-0003,34.6879463,135.4952369,ChIJsc7n6GfnAGARALL1_84qxkc
Damiok,https://guide.michelin.com/en/busan-region/busan_1025838/restaurant/damiok,bib_gourmand,Busan,South Korea,"#103, 15 Bokji-ro, Busanjin-gu Busan Busan 47328 KOR",Busan,Busan,47328,35.151864,129.0205481,ChIJ1aV0ZkLraDURgWep9M1JIqA
Damtaek,https://guide.michelin.com/en/seoul-capital-area/kr-seoul/restaurant/damtaek,bib_gourmand,Seoul,South Korea,"51 Donggyo-ro 12an-gil, Mapo-gu Seoul Seoul Capital Area 04029 KOR",Seoul,Seoul Capital Area,04029,37.5544873,126.9151284,ChIJi-ZS7o2ZfDURcffutblKC4o
Dejvická 34 by Tomáš Černý,https://guide.michelin.com/en/prague/prague/restaurant/dejvicka-34-by-tomas-cerny,bib_gourmand,Prague,Czech Republic,Dejvická 34 Prague Prague 16000 CZE,Prague,Prague,16000,50.0988391,14.3992935,ChIJyxPBfqiVC0cR9g0qJBchm6c
Domenico dal 1968,https://guide.michelin.com/en/lazio/roma/restaurant/domenico-dal-1968,bib_gourmand,Rome,Italy,via Satrico 23 Rome Lazio 00183 ITA,Rome,Lazio,00183,41.8774783,12.5070374,ChIJMXHYIOhhLxMRh_7nt0r5Hog
Donostia,https://guide.michelin.com/en/osaka-region/osaka/restaurant/donostia-1193223,bib_gourmand,Osaka,Japan,"1F, Daibiruhonkan, 3-6-32 Nakanoshima, Kita-ku Osaka Osaka 530-0005 JPN",Osaka,Osaka,530-0005,34.6933649,135.4930534,ChIJITtdTvHmAGARoYsAZREHb8o
Egg & Flour,https://guide.michelin.com/en/seoul-capital-area/kr-seoul/restaurant/egg-flour,bib_gourmand,Seoul,South Korea,"2F, 35 Shinheung-ro 26-gil, Yongsan-gu Seoul Seoul Capital Area 04337 KOR",Seoul,Seoul Capital Area,04337,37.5453341,126.9842856,ChIJoeybIEajfDURxsAVU7lM9V0
Elsa,https://guide.michelin.com/en/greater-london/london/restaurant/elsa,bib_gourmand,London,United Kingdom,"10 Charlotte Street, Fitzrovia London Greater London W1T 2LT GBR",London,Greater London,W1T 2LT,51.518393,-0.1344098,ChIJC5lhdwAbdkgROUHR4UtoSf0
Farang,https://guide.michelin.com/en/greater-london/london/restaurant/farang557348,bib_gourmand,London,United Kingdom,"72 Highbury Park, Highbury London Greater London N5 2XE GBR",London,Greater London,N5 2XE,51.5570231,-0.0977480999999999,ChIJRQ4C2IEbdkgR7h4L8oxsFqI
GINZA KATSUKAMI II,https://guide.michelin.com/en/tokyo-region/tokyo/restaurant/ginza-katsukami-ii,bib_gourmand,Tokyo,Japan,"4F, Kojun Bldg, 6-8-7 Ginza, Chuo-ku Tokyo Tokyo 104-0061 JPN",Tokyo,Tokyo,104-0061,35.6710688,139.7693912,ChIJdYn9dleLGGARpRBoVyIa93M
Gaeseong Mandu Koong,https://guide.michelin.com/en/seoul-capital-area/kr-seoul/restaurant/gaeseong-mandu-koong,bib_gourmand,Seoul,South Korea,"11-3 Insadong 10-gil, Jongno-gu Seoul Seoul Capital Area 03146 KOR",Seoul,Seoul Capital Area,03146,37.5742823,126.9854083,ChIJBXBbv8KifDURu3CVFSwMyjg
Gala,https://guide.michelin.com/en/comunidad-de-madrid/madrid/restaurant/gala,bib_gourmand,Madrid,Spain,Espronceda 14 Madrid Community of Madrid 28003 ESP,Madrid,Community of Madrid,28003,40.440398,-3.698067699999999,ChIJLZJ00_YoQg0Ri8E97TTYnnw
Gasthaus Waltz,https://guide.michelin.com/en/bayern/mnchen/restaurant/gasthaus-waltz,bib_gourmand,Munich,Germany,Ickstattstr. 13 Munich Bavaria 80469 DEU,Munich,Bavaria,80469,48.128215,11.5730476,ChIJMcSugUbfnUcR-Fe4SpYAfoo
Gim Nguan Noodle,https://guide.michelin.com/en/bangkok-region/bangkok/restaurant/grim-nguan-noodle,bib_gourmand,Bangkok,Thailand,"75/70 Soi Chom Thong 16, Chom Thong Road, Bang Kho, Chom Thong Bangkok Bangkok Region 10150 THA",Bangkok,Bangkok Region,10150,13.700143400796,100.471169690805,ChIJS1P4CraZ4jARIGmLC04UVDI
Glug,https://guide.michelin.com/en/catalunya/barcelona/restaurant/glug,bib_gourmand,Barcelona,Spain,Viladomat 289 Barcelona Catalonia 08029 ESP,Barcelona,Catalonia,08029,41.3883248,2.1456521,ChIJP1F0JgCjpBIRtOimmX8JjJo
Gunpowder Spitalfields,https://guide.michelin.com/en/greater-london/london/restaurant/gunpowder,bib_gourmand,London,United Kingdom,"11 White's Row, Spitalfields London Greater London E1 7NF GBR",London,Greater London,E1 7NF,51.5182804,-0.07478,ChIJA3MOaLQcdkgRlkFw-Mm0_jM
HOPPERS,https://guide.michelin.com/en/tokyo-region/tokyo/restaurant/hoppers-1206470,bib_gourmand,Tokyo,Japan,"7-1 Nihombashikabutocho, Chuo-ku Tokyo Tokyo 103-0026 JPN",Tokyo,Tokyo,103-0026,35.6812057,139.7781479,ChIJXzGOzuWJGGARVqPVm-bGqLA
Hanwolgwan,https://guide.michelin.com/en/busan-region/busan_1025838/restaurant/hanwolgwan,bib_gourmand,Busan,South Korea,"10 Gwangan-ro 62 beon-gil, Suyeong-gu Busan Busan 48303 KOR",Busan,Busan,48303,35.15469119999999,129.1185433,ChIJjXcyIb7taDURc6S9txRteto
Hapjeongok,https://guide.michelin.com/en/seoul-capital-area/kr-seoul/restaurant/hapjeongok,bib_gourmand,Seoul,South Korea,"2F, 21 Yanghwa-ro 1-gil, Mapo-gu Seoul Seoul Capital Area 04026 KOR",Seoul,Seoul Capital Area,04026,37.549534,126.910347,ChIJBdTS-SmZfDUR_MbKRFwtUNU
Here Hai (Vadhana),https://guide.michelin.com/en/bangkok-region/bangkok/restaurant/here-hai,bib_gourmand,Bangkok,Thailand,"112/1 Soi Sukhumvit 63, Khlong Tan Nuea, Vadhana Bangkok Bangkok Region 10110 THA",Bangkok,Bangkok Region,10110,13.7302655,100.586342,ChIJTUsNVjOf4jARkGF5xIeIJCY
Hia Wan Khao Tom Pla,https://guide.michelin.com/en/bangkok-region/bangkok/restaurant/hia-wan-khao-tom-pla,bib_gourmand,Bangkok,Thailand,"816 Chan Road, Thung Wat Don, Sathon Bangkok Bangkok Region 10120 THA",Bangkok,Bangkok Region,10120,13.7077863,100.5194527,ChIJm9g6QbeY4jAR4GzLDQVEpHM
Hommachi Seimenjo Chukasobakobo,https://guide.michelin.com/en/osaka-region/osaka/restaurant/hommachi-seimenjo-chukasobakobo,bib_gourmand,Osaka,Japan,"B2F, Semba Centar Bldg Nigokan, 1-3-2 Sembachuo, Chuo-ku Osaka Osaka 541-0055 JPN",Osaka,Osaka,541-0055,34.6817207,135.5081192,ChIJly5P5t7dAGARPXjyv0AktRg
Hoppers,https://guide.michelin.com/en/greater-london/london/restaurant/hoppers,bib_gourmand,London,United Kingdom,"49 Frith Street, Soho London Greater London W1D 4SG GBR",London,Greater London,W1D 4SG,51.5136031,-0.1316696,ChIJr0tb59IEdkgRv-YdFGtD1CA
Hum Garden,https://guide.michelin.com/en/ho-chi-minh/ho-chi-minh_2978179/restaurant/hum-garden,bib_gourmand,Ho Chi Minh City,Vietnam,"32 D10 Street, Thao Dien Ward, Thu Duc City Ho Chi Minh City Hồ Chí Minh 700000 VNM",Ho Chi Minh City,Hồ Chí Minh,700000,10.8042095,106.7440478,ChIJS_8AYhQmdTERZQQLqFEyveM
Hồng Phát (District 3),https://guide.michelin.com/en/ho-chi-minh/ho-chi-minh_2978179/restaurant/hong-phat-district-3,bib_gourmand,Ho Chi Minh City,Vietnam,"389-391 Vo Van Tan Street, Ward 5, District 3 Ho Chi Minh City Hồ Chí Minh 70000 VNM",Ho Chi Minh City,Hồ Chí Minh,70000,10.7705485,106.6847932,ChIJa84CUSIvdTERyXeHC2uw9K4
IL BALLOND'ORO,https://guide.michelin.com/en/tokyo-region/tokyo/restaurant/il-ballond-oro,bib_gourmand,Tokyo,Japan,"1-24-10 Ebisu, Shibuya-ku Tokyo Tokyo 150-0013 JPN",Tokyo,Tokyo,150-0013,35.646651,139.715463,ChIJkeqk6T2LGGARg_HPrA-iekU
In-Pulso,https://guide.michelin.com/en/comunidad-de-madrid/madrid/restaurant/in-pulso,bib_gourmand,Madrid,Spain,Ariel 15 Madrid Community of Madrid 28045 ESP,Madrid,Community of Madrid,28045,40.392553,-3.6801418,ChIJU_RYAcUnQg0Rht44lja2dts
Indian Aroma,https://guide.michelin.com/en/da-nang-region/da-nang_2984390/restaurant/indian-aroma-restaurant,bib_gourmand,Da Nang,Vietnam,"24 An Thuong 6 Street, My An Ward, Ngu Hanh Son District Da Nang Da Nang Region 550000 VNM",Da Nang,Da Nang Region,550000,16.0471001,108.2454776,ChIJeaoZL80ZQjER-P1160MSdeI
Izakaya Tokitame,https://guide.michelin.com/en/osaka-region/osaka/restaurant/izakaya-tokitame,bib_gourmand,Osaka,Japan,"6-9-17 Fukushima, Fukushima-ku Osaka Osaka 553-0003 JPN",Osaka,Osaka,553-0003,34.6999249,135.4879198,ChIJhTUf857nAGAR1DzhU1iyyvk
Jaan by Khun Jim,https://guide.michelin.com/en/bangkok-region/bangkok/restaurant/jaan-by-khun-jim,bib_gourmand,Bangkok,Thailand,"9 Soi Chan 7, Chong Nonsi, Yan Nawa Bangkok Bangkok Region 10120 THA",Bangkok,Bangkok Region,10120,13.7056241,100.53575,ChIJ8XJV7Guf4jAR4XhBhDE18YE
Japanese Ramen Gokan,https://guide.michelin.com/en/tokyo-region/tokyo/restaurant/japanese-ramen-gokan,bib_gourmand,Tokyo,Japan,"2-57-2 Higashiikebukuro, Toshima-ku Tokyo Tokyo 170-0013 JPN",Tokyo,Tokyo,170-0013,35.7330795,139.7179055,ChIJ6XK00umNGGAR56saMFWNS7A
Jeongmyeon,https://guide.michelin.com/en/seoul-capital-area/kr-seoul/restaurant/jeongmyeon,bib_gourmand,Seoul,South Korea,"88 Neungdong-ro 13-gil, Gwangjin-gu Seoul Seoul Capital Area 05012 KOR",Seoul,Seoul Capital Area,05012,37.5455262,127.0687454,ChIJNzgZOqalfDURp8oGe93cVsI
Josephine Bouchon,https://guide.michelin.com/en/greater-london/london/restaurant/josephine-1212913,bib_gourmand,London,United Kingdom,"315 Fulham Road, Chelsea London Greater London SW10 9QH GBR",London,Greater London,SW10 9QH,51.4865618,-0.1794704,ChIJDezRSQAFdkgRGpiHhcnAPOQ
K. Panich,https://guide.michelin.com/en/bangkok-region/bangkok/restaurant/k-panich,bib_gourmand,Bangkok,Thailand,"431-433 Tanao Road, Sao Chingcha, Phra Nakhon Bangkok Bangkok Region 10200 THA",Bangkok,Bangkok Region,10200,13.7520958,100.4983613,ChIJWZU0mRGZ4jARFdWbuetBFRo
Kamigata Rainbow,https://guide.michelin.com/en/osaka-region/osaka/restaurant/kamigata-rainbow,bib_gourmand,Osaka,Japan,"4-6-3 Katsuyama, Tennoji-ku Osaka Osaka 543-0043 JPN",Osaka,Osaka,543-0043,34.6547906,135.5259001,ChIJb4k86lXfAGARURFghzkBQCc
Katchar Batchar,https://guide.michelin.com/en/tokyo-region/tokyo/restaurant/katchar-batchar,bib_gourmand,Tokyo,Japan,"2F, 3-2-10 Minamiotsuka, Toshima-ku Tokyo Tokyo 170-0005 JPN",Tokyo,Tokyo,170-0005,35.7273104,139.7294694,ChIJKeJf33SNGGAREiG6980xtdI
Kateh,https://guide.michelin.com/en/greater-london/london/restaurant/kateh,bib_gourmand,London,United Kingdom,"5 Warwick Place, Little Venice London Greater London W9 2PX GBR",London,Greater London,W9 2PX,51.5220581,-0.1837622,ChIJiXZx8TgFdkgRgHLsZ8cg-sA
Katsuo Shokudo,https://guide.michelin.com/en/tokyo-region/tokyo/restaurant/katsuo-shokudo,bib_gourmand,Tokyo,Japan,"B1F, 7-12 Uguisudanicho, Shibuya-ku Tokyo Tokyo 150-0032 JPN",Tokyo,Tokyo,150-0032,35.6541103,139.7021029,ChIJ5VahuViLGGARdhxzaSEMQ6w
Keawloon,https://guide.michelin.com/en/bangkok-region/bangkok/restaurant/keawloon,bib_gourmand,Bangkok,Thailand,"21/3 Soi Saeng Chan, Phra Khanong, Khlong Toei Bangkok Bangkok Region 10110 THA",Bangkok,Bangkok Region,10110,13.7148398,100.5790397,ChIJ0RF8eQCf4jARlhEtxUTBaOc
Kin Kub Koi,https://guide.michelin.com/en/bangkok-region/bangkok/restaurant/kin-kub-koi,bib_gourmand,Bangkok,Thailand,"83/3 Phuttha Monthon Sai 2 Road, Sala Thammasop, Thawi Watthana Bangkok Bangkok Region 10170 THA",Bangkok,Bangkok Region,10170,13.7774575,100.394546,ChIJEwhdrnyR4jARhFimgCdzFdY
Kinoshita,https://guide.michelin.com/en/tokyo-region/tokyo/restaurant/kinoshita-1197753,bib_gourmand,Tokyo,Japan,"3-37-1 Yoyogi, Shibuya-ku Tokyo Tokyo 151-0053 JPN",Tokyo,Tokyo,151-0053,35.6818523,139.6933909,ChIJD_Eo_MyMGGARvoO1fJh3vDM
Kolae,https://guide.michelin.com/en/greater-london/london/restaurant/kolae,bib_gourmand,London,United Kingdom,"6 Park Street, Borough Market London Greater London SE1 9AB GBR",London,Greater London,SE1 9AB,51.5054582,-0.0916343,ChIJawZwMzUDdkgRTmInf-sKA8g
Kricket,https://guide.michelin.com/en/greater-london/london/restaurant/kricket,bib_gourmand,London,United Kingdom,"12 Denman Street, Soho London Greater London W1D 7HH GBR",London,Greater London,W1D 7HH,51.5108075,-0.1351688,ChIJXWnxCtQEdkgRcG32UcQZFVQ
Krua Apsorn (Dusit),https://guide.michelin.com/en/bangkok-region/bangkok/restaurant/krua-apsorn-sam-sen,bib_gourmand,Bangkok,Thailand,"503-505 Sam Sen Road, Wachira Payaban, Dusit Bangkok Bangkok Region 10300 THA",Bangkok,Bangkok Region,10300,13.7740734,100.5062943,ChIJ2ayngBOZ4jARqgvyGWQ_aGY
Kudu,https://guide.michelin.com/en/greater-london/london/restaurant/kudu,bib_gourmand,London,United Kingdom,"7 Moxon Street, Marylebone London Greater London W1U 4EP GBR",London,Greater London,W1U 4EP,51.5197206,-0.152286,ChIJWTIkDggDdkgRwo3fbxXdVkc
Kyewol,https://guide.michelin.com/en/seoul-capital-area/kr-seoul/restaurant/kyewol-gomtang,bib_gourmand,Seoul,South Korea,"8 Seongdeokjeong 3-gil, Seongdong-gu Seoul Seoul Capital Area 04774 KOR",Seoul,Seoul Capital Area,04774,37.5395267,127.0476224,ChIJ3z3vJ3ulfDUR893XkU1Inyk
Kyodaiya,https://guide.michelin.com/en/seoul-capital-area/kr-seoul/restaurant/kyodaiya,bib_gourmand,Seoul,South Korea,"39 Seongji-gil, Mapo-gu Seoul Seoul Capital Area 04083 KOR",Seoul,Seoul Capital Area,04083,37.5469039,126.913187,ChIJn5sM9u6efDURMountCMxj_Y
Kyomachibori Nakamura,https://guide.michelin.com/en/osaka-region/osaka/restaurant/kyomachibori-nakamura,bib_gourmand,Osaka,Japan,"1-17-9 Kyomachibori, Nishi-ku Osaka Osaka 550-0003 JPN",Osaka,Osaka,550-0003,34.6871484,135.49337,ChIJmWriOS7nAGARYt3G9M224tk
Kyorakutei,https://guide.michelin.com/en/tokyo-region/tokyo/restaurant/kyorakutei,bib_gourmand,Tokyo,Japan,"3-6 Kagurazaka, Shinjuku-ku Tokyo Tokyo 162-0825 JPN",Tokyo,Tokyo,162-0825,35.70077620000001,139.7395083,ChIJQ-hQ_FqMGGARXvSIGai2obk
L'AS,https://guide.michelin.com/en/tokyo-region/tokyo/restaurant/l-as,bib_gourmand,Tokyo,Japan,"4-16-3 Minamiaoyama, Minato-ku Tokyo Tokyo 107-0062 JPN",Tokyo,Tokyo,107-0062,35.6659734,139.7171079,ChIJW_jeBGKLGGARH3w_v_2Mz_A
LA BETTOLA da Ochiai,https://guide.michelin.com/en/tokyo-region/tokyo/restaurant/la-bettola-da-ochiai,bib_gourmand,Tokyo,Japan,"1-21-2 Ginza, Chuo-ku Tokyo Tokyo 104-0061 JPN",Tokyo,Tokyo,104-0061,35.6727778,139.7711111,ChIJEwV9u-GLGGARr1t6pIavjsY
LANBRoA,https://guide.michelin.com/en/tokyo-region/tokyo/restaurant/lanbroa,bib_gourmand,Tokyo,Japan,"3-11-15 Yoga, Setagaya-ku Tokyo Tokyo 158-0097 JPN",Tokyo,Tokyo,158-0097,35.6286968,139.6362922,ChIJK6v_N3H0GGAR9nrPuuxVbzo
LOLA,https://guide.michelin.com/en/vienna/wien/restaurant/lola-1201445,bib_gourmand,Vienna,Austria,Gonzagagasse 14 Vienna Vienna 1010 AUT,Vienna,Vienna,1010,48.2154484,16.3704879,ChIJ31aoYaMHbUcRuZyYyGVwSZ8
La MaMá,https://guide.michelin.com/en/comunidad-de-madrid/madrid/restaurant/la-mama,bib_gourmand,Madrid,Spain,Avenida del Brasil 6 Madrid Community of Madrid 28020 ESP,Madrid,Community of Madrid,28020,40.454173,-3.6932683,ChIJ9exHE_ooQg0R0HJAVPzv_OA
La Montería,https://guide.michelin.com/en/comunidad-de-madrid/madrid/restaurant/la-monteria,bib_gourmand,Madrid,Spain,Lope de Rueda 35 Madrid Community of Madrid 28009 ESP,Madrid,Community of Madrid,28009,40.4202791,-3.6775336,ChIJxwh3iqMoQg0RulSwkxukTas
La bonne tâche,https://guide.michelin.com/en/osaka-region/osaka/restaurant/la-bonne-tache,bib_gourmand,Osaka,Japan,"4-1-8 Nishitemma, Kita-ku Osaka Osaka 530-0047 JPN",Osaka,Osaka,530-0047,34.6961658,135.5052224,ChIJK3R3P-jmAGARWPU87qOz-iE
Las Tortillas de Gabino,https://guide.michelin.com/en/comunidad-de-madrid/madrid/restaurant/las-tortillas-de-gabino,bib_gourmand,Madrid,Spain,Rafael Calvo 20 Madrid Community of Madrid 28010 ESP,Madrid,Community of Madrid,28010,40.4338707,-3.6938244,ChIJtxP3tvIoQg0R8vW7cUOKZ_I
Le Nougat,https://guide.michelin.com/en/tokyo-region/tokyo/restaurant/le-nougat,bib_gourmand,Tokyo,Japan,"6-12-2 Ginza, Chuo-ku Tokyo Tokyo 104-0061 JPN",Tokyo,Tokyo,104-0061,35.66929289999999,139.7648908,ChIJH_2Bq-eLGGARYoUjkDDPqEQ
Les 2 Garçons,https://guide.michelin.com/en/greater-london/london/restaurant/les-2-garcons,bib_gourmand,London,United Kingdom,"14 Middle Lane, Crouch End London Greater London N8 8PL GBR",London,Greater London,N8 8PL,51.5810718,-0.1235583,ChIJBUmrulwbdkgREyF_urZP6Dc
Les six,https://guide.michelin.com/en/tokyo-region/tokyo/restaurant/les-six,bib_gourmand,Tokyo,Japan,"2F, 5-15-25 Minamiazabu, Minato-ku Tokyo Tokyo 106-0047 JPN",Tokyo,Tokyo,106-0047,35.6529476,139.7249297,ChIJ65kwBHOLGGARcFEy2lkpE7o
Loiseau de France,https://guide.michelin.com/en/tokyo-region/tokyo/restaurant/loiseau-de-france,bib_gourmand,Tokyo,Japan,"15 Ichigayafunagawaramachi, Shinjuku-ku Tokyo Tokyo 162-0826 JPN",Tokyo,Tokyo,162-0826,35.6980708,139.7400359,ChIJA65-VQCNGGARoVzRLOg9KPk
Lucky Seafood,https://guide.michelin.com/en/bangkok-region/bangkok/restaurant/lucky-seafood,bib_gourmand,Bangkok,Thailand,"28/1 Phran Nok-Phutthamonthon 4 Road, Bang Phrom, Taling Chan Bangkok Bangkok Region 10170 THA",Bangkok,Bangkok Region,10170,13.7535447,100.4556389,ChIJ-QxcPcSZ4jAR_wp0PJMtJLY
Ma Cuisine,https://guide.michelin.com/en/tokyo-region/tokyo/restaurant/ma-cuisine-1194175,bib_gourmand,Tokyo,Japan,"B1F, 1-2-14 Nishiazabu, Minato-ku Tokyo Tokyo 106-0031 JPN",Tokyo,Tokyo,106-0031,35.6609927,139.7266246,ChIJ3T6e3O2LGGARwHbHCg_w0Wk
Ma Poule,https://guide.michelin.com/en/tokyo-region/tokyo/restaurant/ma-poule,bib_gourmand,Tokyo,Japan,"2-19-17 Nishikata, Bunkyo-ku Tokyo Tokyo 113-0024 JPN",Tokyo,Tokyo,113-0024,35.7162532,139.7572183,ChIJVTAudzSMGGARE0Q9yROj_Zk
MaMi's,https://guide.michelin.com/en/berlin-region/berlin/restaurant/mami-s,bib_gourmand,Berlin,Germany,Oderberger Straße 13 Berlin Berlin 10435 DEU,Berlin,Berlin,10435,52.539163,13.4087825,ChIJHxuv2UlRqEcRP9CLzD5upAc
Maan Muang,https://guide.michelin.com/en/bangkok-region/bangkok/restaurant/maan-muang,bib_gourmand,Bangkok,Thailand,"165/7 Soi Ramkhamhaeng 112, Ramkhamhaeng Road, Saphan Sung Bangkok Bangkok Region 10240 THA",Bangkok,Bangkok Region,10240,13.7690176,100.6770534,ChIJ-d2y6ddjHTERbM3vFkCvBE8
Macauda,https://guide.michelin.com/en/osaka-region/osaka/restaurant/macauda,bib_gourmand,Osaka,Japan,"2-1-3 Tokiwamachi, Chuo-ku Osaka Osaka 540-0028 JPN",Osaka,Osaka,540-0028,34.6824414,135.5143061,ChIJY3_2zsfnAGARxzASPvWFycs
Manifesto 13,https://guide.michelin.com/en/comunidad-de-madrid/madrid/restaurant/manifesto-13,bib_gourmand,Madrid,Spain,Hartzenbusch 12 Madrid Community of Madrid 28010 ESP,Madrid,Community of Madrid,28010,40.4304181,-3.7015683,ChIJk6HeU2kpQg0Run7564i10PQ
Mapo Ok,https://guide.michelin.com/en/seoul-capital-area/kr-seoul/restaurant/mapo-ok,bib_gourmand,Seoul,South Korea,"312 Tojeong-ro, Mapo-gu Seoul Seoul Capital Area 04165 KOR",Seoul,Seoul Capital Area,04165,37.5399164,126.943271,ChIJDwy2KrCYfDURK4ghAucLbSY
Marie,https://guide.michelin.com/en/noord-holland/amsterdam/restaurant/marie,bib_gourmand,Amsterdam,Netherlands,Nieuwe Doelenstraat 2 Amsterdam Noord-Holland 1012 AC NLD,Amsterdam,Noord-Holland,1012 AC,52.3673798,4.8944062,ChIJfZH2DsAJxkcRDuCPJeAvw9I
Matsunozushi,https://guide.michelin.com/en/tokyo-region/tokyo/restaurant/matsunozushi,bib_gourmand,Tokyo,Japan,"2-16-12 Minaminagasaki, Toshima-ku Tokyo Tokyo 171-0052 JPN",Tokyo,Tokyo,171-0052,35.7261192,139.6907992,ChIJDwJvMavyGGARDL8FQg1XL3w
Meierei im Stadtpark,https://guide.michelin.com/en/vienna/wien/restaurant/meierei-im-stadtpark,bib_gourmand,Vienna,Austria,Am Heumarkt 2a Vienna Vienna 1030 AUT,Vienna,Vienna,1030,48.2044578,16.3813958,ChIJKS_u4XYHbUcRFEBBkdJ8HG0
Mejiro Zorome,https://guide.michelin.com/en/tokyo-region/tokyo/restaurant/mejiro-zorome,bib_gourmand,Tokyo,Japan,"B1F, 3-3-1 Mejiro, Toshima-ku Tokyo Tokyo 171-0031 JPN",Tokyo,Tokyo,171-0031,35.7215335,139.7063746,ChIJP9iiNWmNGGARkExWPfOpAmQ
Miga,https://guide.michelin.com/en/greater-london/london/restaurant/miga-1215552,bib_gourmand,London,United Kingdom,"1 Mare Street, Hackney London Greater London E8 4RP GBR",London,Greater London,E8 4RP,51.5345336,-0.0576598,ChIJtUWINwAddkgRZpNHXJfDHaE
Mignonette,https://guide.michelin.com/en/greater-london/london/restaurant/mignonette-1216451,bib_gourmand,London,United Kingdom,"109 Kew Road, Richmond London Greater London TW9 2PN GBR",London,Greater London,TW9 2PN,51.46535650000001,-0.2994759999999999,ChIJBdWCns4NdkgRroAaWJ-K8N4
Mijin,https://guide.michelin.com/en/seoul-capital-area/kr-seoul/restaurant/mijin,bib_gourmand,Seoul,South Korea,"#116-2 le Meilleur Jongno town, 19 Jong-ro, Jongno-gu Seoul Seoul Capital Area 03157 KOR",Seoul,Seoul Capital Area,03157,37.5705973,126.9799047,ChIJUdO28-uifDURutXAwIaJQjw
Mipildam,https://guide.michelin.com/en/seoul-capital-area/kr-seoul/restaurant/mipildam,bib_gourmand,Seoul,South Korea,"22 Seongji 3-gil, Mapo-gu Seoul Seoul Capital Area 04083 KOR",Seoul,Seoul Capital Area,04083,37.5465836,126.9141903,ChIJFxPP-oOZfDURqlOrwJdGEqI
Mochibuta Tonkatsu Taiyo,https://guide.michelin.com/en/tokyo-region/tokyo/restaurant/mochibuta-tonkatsu-taiyo,bib_gourmand,Tokyo,Japan,"3-22-7 Koyama, Shinagawa-ku Tokyo Tokyo 142-0062 JPN",Tokyo,Tokyo,142-0062,35.6188166,139.7064203,ChIJf4gUh9uKGGARrKDd6nCOlNk
Mono-bis,https://guide.michelin.com/en/tokyo-region/tokyo/restaurant/mono-bis,bib_gourmand,Tokyo,Japan,"2-8-12 Shibuya, Shibuya-ku Tokyo Tokyo 150-0002 JPN",Tokyo,Tokyo,150-0002,35.66074400000001,139.7077265,ChIJ27WygMOLGGAR81uBGe1RNXw
Morchella,https://guide.michelin.com/en/greater-london/london/restaurant/morchella,bib_gourmand,London,United Kingdom,"84-86 Rosebery Avenue, Islington London Greater London EC1R 4QY GBR",London,Greater London,EC1R 4QY,51.5266656,-0.1085559,ChIJ32FZACcbdkgRdTQY9tfLbnM
Mặn Mòi (Thu Duc City),https://guide.michelin.com/en/ho-chi-minh/ho-chi-minh_2978179/restaurant/man-moi-thu-duc-city,bib_gourmand,Ho Chi Minh City,Vietnam,"32 D11 Street, Thao Dien Ward, Thu Duc City Ho Chi Minh City Hồ Chí Minh 721400 VNM",Ho Chi Minh City,Hồ Chí Minh,721400,10.8044723,106.7439751,ChIJzyToihQmdTERk5dktz1npps
Mỳ Quảng Sứa Hồng Vân,https://guide.michelin.com/en/da-nang-region/da-nang_2984390/restaurant/my-quang-sua-hong-van,bib_gourmand,Da Nang,Vietnam,"59 Le Hong Phong Street, Phuoc Ninh Ward, Hai Chau District Da Nang Da Nang Region 550000 VNM",Da Nang,Da Nang Region,550000,16.0639758,108.2205721,ChIJmSUtrcwZQjERKAbtHFEaR0w
Na Kopci,https://guide.michelin.com/en/prague/prague/restaurant/na-kopci,bib_gourmand,Prague,Czech Republic,K Závěrce 2774/20 Prague Prague 150 00 CZE,Prague,Prague,150 00,50.0566767,14.4027179,ChIJ1xrRe0aUC0cRzm99y26a0Ng
Negima,https://guide.michelin.com/en/tokyo-region/tokyo/restaurant/negima,bib_gourmand,Tokyo,Japan,"B1F, 2-31-19 Kitaotsuka, Toshima-ku Tokyo Tokyo 170-0004 JPN",Tokyo,Tokyo,170-0004,35.7340586,139.7299587,ChIJQU8qiZ6SGGAR69BCdKi8fHs
Ngọc Chi,https://guide.michelin.com/en/da-nang-region/da-nang_2984390/restaurant/ngoc-chi,bib_gourmand,Da Nang,Vietnam,"202 Hoang Dieu Street, Nam Duong Ward, Hai Chau District Da Nang Da Nang Region 50000 VNM",Da Nang,Da Nang Region,50000,16.0618803,108.2174326,ChIJPwlvPjMYQjERE56T1OCbYpM
Nhà Tú,https://guide.michelin.com/en/ho-chi-minh/ho-chi-minh_2978179/restaurant/nha-tu,bib_gourmand,Ho Chi Minh City,Vietnam,"129/4 Vo Van Tan Street, Vo Thi Sau Ward, District 3 Ho Chi Minh City Hồ Chí Minh 722700 VNM",Ho Chi Minh City,Hồ Chí Minh,722700,10.7751517,106.6895494,ChIJj1X3PTsvdTERpzNHBvL_XuY
Night Market,https://guide.michelin.com/en/tokyo-region/tokyo/restaurant/night-market-1241936,bib_gourmand,Tokyo,Japan,"2-6-6 Shibuya, Shibuya-ku Tokyo Tokyo 150-0002 JPN",Tokyo,Tokyo,150-0002,35.6597526,139.7079907,ChIJPwzEe16LGGARw8vMhl0NXg4
Nihonshuzammai Utsutsuyo,https://guide.michelin.com/en/osaka-region/osaka/restaurant/nihonshuzammai-utsutsuyo,bib_gourmand,Osaka,Japan,"2F, 3-2-1 Hommachi, Chuo-ku Osaka Osaka 541-0053 JPN",Osaka,Osaka,541-0053,34.6658532,135.5045661,ChIJnzYH92rnAGARGasuE5obYTY
Nishimuramen,https://guide.michelin.com/en/seoul-capital-area/kr-seoul/restaurant/nishimuramen,bib_gourmand,Seoul,South Korea,"4F, 265 Donggyo-ro, Mapo-gu Seoul Seoul Capital Area 03983 KOR",Seoul,Seoul Capital Area,03983,37.5633741,126.925263,ChIJpXffNqGZfDUR74ZT2Gzgu2M
Niurou mian guan zi,https://guide.michelin.com/en/busan-region/busan_1025838/restaurant/niurou-mian-guan-zi,bib_gourmand,Busan,South Korea,"25-4 Suyeong-ro 388 beon-gil, Suyeong-gu Busan Busan 48311 KOR",Busan,Busan,48311,35.1402841,129.1084217,ChIJYTUq5LXtaDURp5QSpTu_x6k
Niuroumianguan,https://guide.michelin.com/en/seoul-capital-area/kr-seoul/restaurant/niroumianguan,bib_gourmand,Seoul,South Korea,"75-2 Cheonggyecheon-ro, Jongno-gu Seoul Seoul Capital Area 03190 KOR",Seoul,Seoul Capital Area,03190,37.56850430000001,126.9861269,ChIJZVsFrO2jfDURlYhTE6iDXnk
No Name Noodle,https://guide.michelin.com/en/bangkok-region/bangkok/restaurant/no-name-noodle,bib_gourmand,Bangkok,Thailand,"1F, Room P2, 1/2 Soi Athakravi 1, Sukhumvit 26 Road, Khlong Tan, Khlong Toei Bangkok Bangkok Region 10110 THA",Bangkok,Bangkok Region,10110,13.7217015,100.5693093,ChIJ24HkH5Kf4jARCeRRTfOQX9E
Nußbaumerin,https://guide.michelin.com/en/berlin-region/berlin/restaurant/nussbaumerin,bib_gourmand,Berlin,Germany,Leibnizstraße 55 Berlin Berlin 10629 DEU,Berlin,Berlin,10629,52.5013935,13.3128906,ChIJFwMFQN1QqEcRwkulxXFy-2Q
Ogimachi Udonya Asuro,https://guide.michelin.com/en/osaka-region/osaka/restaurant/ogimachi-udonya-asuro,bib_gourmand,Osaka,Japan,"3-8-3 Tenjimbashi, Kita-ku Osaka Osaka 530-0041 JPN",Osaka,Osaka,530-0041,34.701752,135.511235,ChIJLw29ysznAGARGLqao4EPfc8
Onigiri Asakusa Yadoroku,https://guide.michelin.com/en/tokyo-region/tokyo/restaurant/onigiri-asakusa-yadoroku,bib_gourmand,Tokyo,Japan,"3-9-10 Asakusa, Taito-ku Tokyo Tokyo 111-0032 JPN",Tokyo,Tokyo,111-0032,35.716885,139.794751,ChIJL7znlOqOGGAR6Kyo4dI3Y0w
Oníric,https://guide.michelin.com/en/catalunya/barcelona/restaurant/oniric,bib_gourmand,Barcelona,Spain,Rabassa 37 Barcelona Catalonia 08024 ESP,Barcelona,Catalonia,08024,41.4078948,2.1577474,ChIJNcaqanyjpBIRso8hWh7L3tE
Oribe,https://guide.michelin.com/en/osaka-region/osaka/restaurant/oribe,bib_gourmand,Osaka,Japan,"1-6-18 Shimmachi, Nishi-ku Osaka Osaka 550-0013 JPN",Osaka,Osaka,550-0013,34.6762298,135.4961819,ChIJnxN0xwTnAGARxqiH7iPfqNg
Osteria La Cicerchia,https://guide.michelin.com/en/osaka-region/osaka/restaurant/osteria-la-cicerchia,bib_gourmand,Osaka,Japan,"3F, 2-3-4 Kyomachibori, Nishi-ku Osaka Osaka 550-0003 JPN",Osaka,Osaka,550-0003,34.6863008,135.4921617,ChIJXdOWffnmAGAREwsAaaa5nfE
Osteria da K. [káppa],https://guide.michelin.com/en/tokyo-region/tokyo/restaurant/osteria-da-k-kappa,bib_gourmand,Tokyo,Japan,"5F, 8-7-2 Ginza, Chuo-ku Tokyo Tokyo 104-0061 JPN",Tokyo,Tokyo,104-0061,35.6688459,139.7615848,ChIJheKpk-iLGGAR7fU3Hz2sqtM
Oudon Yomogi,https://guide.michelin.com/en/osaka-region/osaka/restaurant/oudon-yomogi,bib_gourmand,Osaka,Japan,"2-10-6 Sagisu, Fukushima-ku Osaka Osaka 553-0002 JPN",Osaka,Osaka,553-0002,34.6981468,135.4821663,ChIJMUNIZPrnAGARmgUQyhy5QNE
PILI PILI,https://guide.michelin.com/en/busan-region/busan_1025838/restaurant/pili-pili,bib_gourmand,Busan,South Korea,"54 Muhak-ro 33 beon-gil, Suyeong-gu Busan Busan 48268 KOR",Busan,Busan,48268,35.1638053,129.1180835,ChIJSwdWYqmTaDURGswHh5uoVMA
Pad Thai Fai Ta Lu (Phra Nakhon),https://guide.michelin.com/en/bangkok-region/bangkok/restaurant/eat-pad-thai,bib_gourmand,Bangkok,Thailand,"115/5 Dinso Road, Bowon Niwet, Phra Nakhon Bangkok Bangkok Region 10200 THA",Bangkok,Bangkok Region,10200,13.7578915,100.5022115,ChIJJy7IpBSZ4jARJOWMygJHVfM
Padella,https://guide.michelin.com/en/greater-london/london/restaurant/padella,bib_gourmand,London,United Kingdom,"6 Southwark Street, Borough Market London Greater London SE1 1TQ GBR",London,Greater London,SE1 1TQ,51.5051655,-0.0899201999999999,ChIJdZ6paFcDdkgRpPUHPngIeq8
Pae Brass Pot Porridge 38 Years,https://guide.michelin.com/en/bangkok-region/bangkok/restaurant/pae-jok-38-years,bib_gourmand,Bangkok,Thailand,"320 Pracha Rat Sai 1 Road, Bang Sue Bangkok Bangkok Region 10800 THA",Bangkok,Bangkok Region,10800,13.80742,100.5217319,ChIJi8TxToyb4jARmb_NT0ovapo
Palomar,https://guide.michelin.com/en/greater-london/london/restaurant/palomar,bib_gourmand,London,United Kingdom,"34 Rupert Street, Soho London Greater London W1D 6DN GBR",London,Greater London,W1D 6DN,51.5112365,-0.1326885,ChIJ37AHt9MEdkgRDVY9ZuyydVA
Phed Phed Bistro,https://guide.michelin.com/en/bangkok-region/bangkok/restaurant/phed-phed-bistro,bib_gourmand,Bangkok,Thailand,"Unit L1, The Circle Ratchapruk, 39 Ratchaphruek Road, Bang Ramat, Taling Chan Bangkok Bangkok Region 10170 THA",Bangkok,Bangkok Region,10170,13.7667464,100.4432475,ChIJwzjLehyZ4jARDxGl4rwgoxc
Phú Hồng,https://guide.michelin.com/en/da-nang-region/da-nang_2984390/restaurant/phu-hong,bib_gourmand,Da Nang,Vietnam,"19 Yen Bai Street, Hai Chau 1 Ward, Hai Chau District Da Nang Da Nang Region 550000 VNM",Da Nang,Da Nang Region,550000,16.0695677,108.2229792,ChIJ3xzmKjIYQjERKrkpxfu1R-Y
Phở Chào,https://guide.michelin.com/en/ho-chi-minh/ho-chi-minh_2978179/restaurant/pho-chao,bib_gourmand,Ho Chi Minh City,Vietnam,"52 Nguyen Cong Tru Street, Ward 19, Binh Thanh District Ho Chi Minh City Hồ Chí Minh 72323 VNM",Ho Chi Minh City,Hồ Chí Minh,72323,10.791118,106.7100204,ChIJxRB6LLUpdTERlTS9AIQxLKI
Phở Hoàng (Nguyen Tri Phuong Street),https://guide.michelin.com/en/ho-chi-minh/ho-chi-minh_2978179/restaurant/pho-hoang,bib_gourmand,Ho Chi Minh City,Vietnam,"460 Nguyen Tri Phuong Street, Ward 9, District 10 Ho Chi Minh City Hồ Chí Minh 740500 VNM",Ho Chi Minh City,Hồ Chí Minh,740500,10.7659755,106.6677049,ChIJJXpu-OYudTERweguc6XCmOo
Phở Hương Bình,https://guide.michelin.com/en/ho-chi-minh/ho-chi-minh_2978179/restaurant/pho-huong-binh,bib_gourmand,Ho Chi Minh City,Vietnam,"148 Vo Thi Sau Street, Ward 8, District 3 Ho Chi Minh City Hồ Chí Minh 700000 VNM",Ho Chi Minh City,Hồ Chí Minh,700000,10.7871062,106.691036,ChIJadtBADMvdTER0X9gn44_54Q
Phở Lệ (District 5),https://guide.michelin.com/en/ho-chi-minh/ho-chi-minh_2978179/restaurant/pho-le-district-5,bib_gourmand,Ho Chi Minh City,Vietnam,"413-415 Nguyen Trai Street, Ward 7, District 5 Ho Chi Minh City Hồ Chí Minh 749741 VNM",Ho Chi Minh City,Hồ Chí Minh,749741,10.7552959,106.6735196,ChIJg-GCAP0udTERBzmwi8B6NV4
Phở Minh,https://guide.michelin.com/en/ho-chi-minh/ho-chi-minh_2978179/restaurant/pho-minh,bib_gourmand,Ho Chi Minh City,Vietnam,"63/6 Pasteur Street, Ben Nghe Ward, District 1 Ho Chi Minh City Hồ Chí Minh 710000 VNM",Ho Chi Minh City,Hồ Chí Minh,710000,10.774811,106.700278,ChIJvwyvZEcvdTERo9_slmUSnOw
Phở Miến Gà Kỳ Đồng,https://guide.michelin.com/en/ho-chi-minh/ho-chi-minh_2978179/restaurant/pho-mien-ga-ky-%C4%91ong,bib_gourmand,Ho Chi Minh City,Vietnam,"14/5 Bis Ky Dong Street, Ward 9, District 3 Ho Chi Minh City Hồ Chí Minh 700000 VNM",Ho Chi Minh City,Hồ Chí Minh,700000,10.7839022,106.6819786,ChIJW3XUti4vdTEROwTSqtSbq1I
Phở Phượng,https://guide.michelin.com/en/ho-chi-minh/ho-chi-minh_2978179/restaurant/pho-phuong,bib_gourmand,Ho Chi Minh City,Vietnam,"25 Hoang Sa Street, Da Kao Ward, District 1 Ho Chi Minh City Hồ Chí Minh 71007 VNM",Ho Chi Minh City,Hồ Chí Minh,71007,10.7919219,106.7044668,ChIJZwSjtEUpdTER1upu4GfkQnw
Plaquemine Lock,https://guide.michelin.com/en/greater-london/london/restaurant/plaquemine-lock,bib_gourmand,London,United Kingdom,"139 Graham Street, Islington London Greater London N1 8LB GBR",London,Greater London,N1 8LB,51.532637,-0.10055,ChIJD3xaJVwbdkgR4OM_eQm_gi8
Plaza Khao Gaeng,https://guide.michelin.com/en/greater-london/london/restaurant/plaza-khao-gaeng,bib_gourmand,London,United Kingdom,"Arcade Food Hall, 103-105 New Oxford Street, Bloomsbury London Greater London WC1A 1DB GBR",London,Greater London,WC1A 1DB,51.516275,-0.1292201,ChIJvQutyiMbdkgRH9iuZGcbIvY
Plu,https://guide.michelin.com/en/bangkok-region/bangkok/restaurant/plu,bib_gourmand,Bangkok,Thailand,"3 Soi Phra Phinit, Suan Phlu Road, Thung Maha Mek, Sathon Bangkok Bangkok Region 10120 THA",Bangkok,Bangkok Region,10120,13.7218262,100.5362749,ChIJac9bl3Cf4jARp5lz5YSR0rk
Popolo,https://guide.michelin.com/en/greater-london/london/restaurant/popolo,bib_gourmand,London,United Kingdom,"26 Rivington Street, Shoreditch London Greater London EC2A 3DU GBR",London,Greater London,EC2A 3DU,51.5260155,-0.0820997,ChIJW37RUqUcdkgRJsCh8E9Pcsc
Prik-Yuak (Phya Thai),https://guide.michelin.com/en/bangkok-region/bangkok/restaurant/prik-yuak,bib_gourmand,Bangkok,Thailand,"108 Pradiphat Road, Phaya Thai Bangkok Bangkok Region 10400 THA",Bangkok,Bangkok Region,10400,13.7916403,100.5385589,ChIJ_Tb3gWKd4jARh91MA0ih7YE
Primeur,https://guide.michelin.com/en/greater-london/london/restaurant/primeur,bib_gourmand,London,United Kingdom,"116 Petherton Road, Canonbury London Greater London N5 2RT GBR",London,Greater London,N5 2RT,51.554482,-0.090094,ChIJI8gV4oAcdkgRta50vBcCBuM
Provender,https://guide.michelin.com/en/greater-london/london/restaurant/provender,bib_gourmand,London,United Kingdom,"17 High Street, Redbridge London Greater London E11 2AA GBR",London,Greater London,E11 2AA,51.5797963,0.0241587999999999,ChIJYckujD-n2EcR9BrjhtiGt-o
Quinqué,https://guide.michelin.com/en/comunidad-de-madrid/madrid/restaurant/quinque,bib_gourmand,Madrid,Spain,Apolonio Morales 3 Madrid Community of Madrid 28036 ESP,Madrid,Community of Madrid,28036,40.4635604,-3.6843107,ChIJzWerhxEpQg0RgfJaRGj1kCg
Quán Nhân,https://guide.michelin.com/en/da-nang-region/da-nang_2984390/restaurant/quan-nhan,bib_gourmand,Da Nang,Vietnam,"83 Phan Tu Street, My An Ward, Ngu Hanh Son District Da Nang Da Nang Region 550000 VNM",Da Nang,Da Nang Region,550000,16.0463208,108.2455588,ChIJT2L_Uq4XQjERMwFOZEbQGuw
Quê Xưa,https://guide.michelin.com/en/da-nang-region/da-nang_2984390/restaurant/que-xua,bib_gourmand,Da Nang,Vietnam,"165-167 Nui Thanh Street, Hoa Cuong Bac Ward, Hai Chau District Da Nang Da Nang Region 550000 VNM",Da Nang,Da Nang Region,550000,16.04688,108.2212191,ChIJR1aq9sMZQjERm5CGfBs-Qi4
RAMEN MATSUI,https://guide.michelin.com/en/tokyo-region/tokyo/restaurant/ramen-matsui,bib_gourmand,Tokyo,Japan,"4-25-10 Yotsuya, Shinjuku-ku Tokyo Tokyo 160-0004 JPN",Tokyo,Tokyo,160-0004,35.6890705,139.7155011,ChIJGUxqAGCNGGARO3hE-VYdT1E
REI,https://guide.michelin.com/en/tokyo-region/tokyo/restaurant/rei,bib_gourmand,Tokyo,Japan,"10-8 Motoyoyogicho, Shibuya-ku Tokyo Tokyo 151-0062 JPN",Tokyo,Tokyo,151-0062,35.6701405,139.6844972,ChIJuYMf-2_zGGARwqRg25zjQpo
ROZZO SICILIA,https://guide.michelin.com/en/tokyo-region/tokyo/restaurant/rozzo-sicilia,bib_gourmand,Tokyo,Japan,"1-1-12 Shirokane, Minato-ku Tokyo Tokyo 108-0072 JPN",Tokyo,Tokyo,108-0072,35.6469745,139.7317563,ChIJlQHTKgiLGGARI9j1F7MG3KM
Ramen Break Beats,https://guide.michelin.com/en/tokyo-region/tokyo/restaurant/ramen-break-beats,bib_gourmand,Tokyo,Japan,"4-21-19 Meguro, Meguro-ku Tokyo Tokyo 153-0063 JPN",Tokyo,Tokyo,153-0063,35.63351550000001,139.6987678,ChIJ5chAYKCLGGAREljW97UWARM
Ramen Kuon,https://guide.michelin.com/en/osaka-region/osaka/restaurant/ramen-kuon,bib_gourmand,Osaka,Japan,"B2F, Semba Centar Bldg Sangokan, 1-4-3 Sembachuo, Chuo-ku Osaka Osaka 541-0055 JPN",Osaka,Osaka,541-0055,34.6819305,135.5067901,ChIJmZMgHB7nAGARJ_ue9uLu1jU
Rang,https://guide.michelin.com/en/da-nang-region/da-nang_2984390/restaurant/rang,bib_gourmand,Da Nang,Vietnam,"384 Vo Nguyen Giap Street, My An Ward, Ngu Hanh Son District Da Nang Da Nang Region 550000 VNM",Da Nang,Da Nang Region,550000,16.043,108.247966,ChIJLePdbMMXQjERY0w1110cROQ
Rung Rueang Tung Pork Noodle,https://guide.michelin.com/en/bangkok-region/bangkok/restaurant/guay-tiew-mu-rung-rueang,bib_gourmand,Bangkok,Thailand,"10/3 Soi Sukhumvit 26, Khlong Tan, Khlong Toei Bangkok Bangkok Region 10110 THA",Bangkok,Bangkok Region,10110,13.7284371,100.5706724,ChIJMwKZPwGf4jARkgykQtmIoM8
Sakeya Sakana Yoshimura,https://guide.michelin.com/en/osaka-region/osaka/restaurant/sakeya-sakana-yoshimura,bib_gourmand,Osaka,Japan,"1-13-21 Tenjimbashi, Kita-ku Osaka Osaka 530-0041 JPN",Osaka,Osaka,530-0041,34.6946421,135.5125515,ChIJXy-tzJXnAGARt3Et6QLR25g
Samlor,https://guide.michelin.com/en/bangkok-region/bangkok/restaurant/samlor,bib_gourmand,Bangkok,Thailand,"1076 Charoen Krung Road, Bang Rak Bangkok Bangkok Region 10500 THA",Bangkok,Bangkok Region,10500,13.7302505,100.5155559,ChIJT3YcokmZ4jAR7vtBsFlKJAU
Sasaki Seimenjo,https://guide.michelin.com/en/tokyo-region/tokyo/restaurant/sasaki-seimenjo,bib_gourmand,Tokyo,Japan,"4-26-10 Nishiogikita, Suginami-ku Tokyo Tokyo 167-0042 JPN",Tokyo,Tokyo,167-0042,35.7085532,139.5923579,ChIJKRQvJWvuGGAR2g1o5EfOXLQ
Saó,https://guide.michelin.com/en/catalunya/barcelona/restaurant/sao,bib_gourmand,Barcelona,Spain,Cesare Cantù 2 Barcelona Catalonia 08023 ESP,Barcelona,Catalonia,08023,41.4169251,2.1398189,ChIJVceD_AOYpBIRGhZeCOA9vpg
Sea Palace,https://guide.michelin.com/en/noord-holland/amsterdam/restaurant/sea-palace,bib_gourmand,Amsterdam,Netherlands,Oosterdokskade 8 Amsterdam Noord-Holland 1011 AE NLD,Amsterdam,Noord-Holland,1011 AE,52.3757708,4.9062822,ChIJG8vAuLoJxkcRIubMSfPq7H8
Seoryung,https://guide.michelin.com/en/seoul-capital-area/kr-seoul/restaurant/seoryung,bib_gourmand,Seoul,South Korea,"10 Sowol-ro, Jung-gu Seoul Seoul Capital Area 04527 KOR",Seoul,Seoul Capital Area,04527,37.5585227,126.975406,ChIJe35o4oGHezURfiKkyNhIb3g
Serre Restaurant,https://guide.michelin.com/en/noord-holland/amsterdam/restaurant/serre,bib_gourmand,Amsterdam,Netherlands,Ferdinand Bolstraat 333 Amsterdam Noord-Holland 1072 LH NLD,Amsterdam,Noord-Holland,1072 LH,52.348644,4.893872,ChIJMzqLEIsJxkcR3Pi8MgRrNEI
Shamballa,https://guide.michelin.com/en/da-nang-region/da-nang_2984390/restaurant/shamballa,bib_gourmand,Da Nang,Vietnam,"277 Tran Hung Dao Street, An Hai Bac Ward, Son Tra District Da Nang Da Nang Region 550000 VNM",Da Nang,Da Nang Region,550000,16.0758608,108.2289924,ChIJb9r0g_sZQjERLrEdAwiYgWg
Shinrakuki,https://guide.michelin.com/en/tokyo-region/tokyo/restaurant/shinrakuki,bib_gourmand,Tokyo,Japan,"2-7 Wakaba, Shinjuku-ku Tokyo Tokyo 160-0011 JPN",Tokyo,Tokyo,160-0011,35.6855795,139.723911,ChIJE0g-VACNGGAR0H2D8HY2MuU
Shokudo Akari,https://guide.michelin.com/en/osaka-region/osaka/restaurant/shokudo-akari,bib_gourmand,Osaka,Japan,"2F, 1-6-27 Sonezakishinchi, Kita-ku Osaka Osaka 530-0002 JPN",Osaka,Osaka,530-0002,34.6975146,135.4992489,ChIJDRj8HhPxAGARIhEWlQFBlXg
Shokudo Wata,https://guide.michelin.com/en/tokyo-region/tokyo/restaurant/shokudo-wata,bib_gourmand,Tokyo,Japan,"1-19-11 Shinjuku, Shinjuku-ku Tokyo Tokyo 160-0022 JPN",Tokyo,Tokyo,160-0022,35.6897693,139.7130288,ChIJmaS6agCNGGAR4Ipbl0CB8zs
Shunsai Kubo,https://guide.michelin.com/en/busan-region/busan_1025838/restaurant/shunsai-kubo,bib_gourmand,Busan,South Korea,"17 Yangdal-ro 4 beon-gil, Buk-gu Busan Busan 46517 KOR",Busan,Busan,46517,35.2408856,129.0147204,ChIJUzuzuKaVaDURuXIYxTJdBvQ
Sisapo,https://guide.michelin.com/en/comunidad-de-madrid/madrid/restaurant/sisapo,bib_gourmand,Madrid,Spain,Trafalgar 14 Madrid Community of Madrid 28010 ESP,Madrid,Community of Madrid,28010,40.4318531,-3.7004301,ChIJN32hPYgpQg0ROQNoWDI137Y
Smokestak,https://guide.michelin.com/en/greater-london/london/restaurant/smokestak,bib_gourmand,London,United Kingdom,"35 Sclater Street, Shoreditch London Greater London E1 6LB GBR",London,Greater London,E1 6LB,51.5237461,-0.0729121,ChIJoVjVfDMddkgRb9dyhTLOh_I
Soba Takama,https://guide.michelin.com/en/osaka-region/osaka/restaurant/soba-takama,bib_gourmand,Osaka,Japan,"7-12-14 Tenjimbashi, Kita-ku Osaka Osaka 531-0041 JPN",Osaka,Osaka,531-0041,34.7140425,135.5111068,ChIJzZ7OobzmAGARYS2bj4Xr39A
Sobadokoro Toki,https://guide.michelin.com/en/osaka-region/osaka/restaurant/sobadokoro-toki,bib_gourmand,Osaka,Japan,"1-3-4 Dojima, Kita-ku Osaka Osaka 530-0003 JPN",Osaka,Osaka,530-0003,34.6964483,135.4982009,ChIJAQDQ3e3mAGARpQ1MxOMt1Dc
Sobakappo Nagano,https://guide.michelin.com/en/tokyo-region/tokyo/restaurant/sobakappo-nagano,bib_gourmand,Tokyo,Japan,"2-20-6 Higashimukojima, Sumida-ku Tokyo Tokyo 131-0032 JPN",Tokyo,Tokyo,131-0032,35.7192502,139.814989,ChIJP4TAGv7R918RLmxMJZec1uk
Sobakiri Arabompu,https://guide.michelin.com/en/osaka-region/osaka/restaurant/sobakiri-arabompu,bib_gourmand,Osaka,Japan,"4-1-11 Nishitemma, Kita-ku Osaka Osaka 530-0047 JPN",Osaka,Osaka,530-0047,34.6963572,135.5053096,ChIJoUJJOejmAGAROxH_i9ZMlHw
Sobakiri Suzuki,https://guide.michelin.com/en/tokyo-region/tokyo/restaurant/sobakiri-suzuki,bib_gourmand,Tokyo,Japan,"4-43-32 Minamioizumi, Nerima-ku Tokyo Tokyo 178-0064 JPN",Tokyo,Tokyo,178-0064,35.746756,139.572411,ChIJtRnVatfuGGARYHVVlWwjyEw
Sol Kitchen & Bar (District 1),https://guide.michelin.com/en/ho-chi-minh/ho-chi-minh_2978179/restaurant/sol-kitchen-bar,bib_gourmand,Ho Chi Minh City,Vietnam,"112 Ly Tu Trong Street, Ben Thanh Ward, District 1 Ho Chi Minh City Hồ Chí Minh 700000 VNM",Ho Chi Minh City,Hồ Chí Minh,700000,10.7742439,106.697015,ChIJ9SX_2pQvdTERPUHI65O6sTg
Somsak Pu Ob (Charoen Rat),https://guide.michelin.com/en/bangkok-region/bangkok/restaurant/somsak-pu-ob-charoen-rat,bib_gourmand,Bangkok,Thailand,"199-205 Soi Charoen Rat 1, Khlong San Bangkok Bangkok Region 10600 THA",Bangkok,Bangkok Region,10600,13.7254463,100.4954363,ChIJLdAHrvqY4jARGxbhVpLijuo
Sosakumenkobo NAKIRYU,https://guide.michelin.com/en/tokyo-region/tokyo/restaurant/sosakumenkobo-nakiryu,bib_gourmand,Tokyo,Japan,"2-34-4 Minamiotsuka, Toshima-ku Tokyo Tokyo 170-0005 JPN",Tokyo,Tokyo,170-0005,35.7286762,139.7303427,ChIJQ7G7DnWNGGARB3r1SP30PMk
Subaru,https://guide.michelin.com/en/seoul-capital-area/kr-seoul/restaurant/subaru,bib_gourmand,Seoul,South Korea,"7 Bangbae-jungangno 21-gil, Seocho-gu Seoul Seoul Capital Area 06560 KOR",Seoul,Seoul Capital Area,06560,37.4923967,126.98612,ChIJCQU272qhfDUR6PCzxxD7AfY
Suigyo Murabayashi,https://guide.michelin.com/en/osaka-region/osaka/restaurant/suigyo-murabayashi,bib_gourmand,Osaka,Japan,"B1F, 1-2-17 Dojima, Kita-ku Osaka Osaka 530-0003 JPN",Osaka,Osaka,530-0003,34.6967104,135.4988084,ChIJ82YrLNHnAGARtvsmXcgazhw
Sushi Mikata,https://guide.michelin.com/en/tokyo-region/tokyo/restaurant/sushi-mikata,bib_gourmand,Tokyo,Japan,"4-1-4 Mita, Minato-ku Tokyo Tokyo 108-0073 JPN",Tokyo,Tokyo,108-0073,35.6477624,139.7413979,ChIJzWVsxeaLGGARtZ__YKOv0Mw
Sushi Yoshino,https://guide.michelin.com/en/tokyo-region/tokyo/restaurant/sushi-yoshino,bib_gourmand,Tokyo,Japan,"B1F, 2-30-2 Chuo, Nakano-ku Tokyo Tokyo 164-0011 JPN",Tokyo,Tokyo,164-0011,35.6975481,139.6791871,ChIJv6lIOsXyGGARXyDMDEu2_rQ
Sushidokoro Shigeru,https://guide.michelin.com/en/tokyo-region/tokyo/restaurant/sushidokoro-shigeru,bib_gourmand,Tokyo,Japan,"15 Funamachi, Shinjuku-ku Tokyo Tokyo 160-0006 JPN",Tokyo,Tokyo,160-0006,35.6917456,139.7216833,ChIJB2h0EO6MGGAR31rYtTZG9SQ
T'astous,https://guide.michelin.com/en/tokyo-region/tokyo/restaurant/t-astous,bib_gourmand,Tokyo,Japan,"2-5-21 Minamiazabu, Minato-ku Tokyo Tokyo 106-0047 JPN",Tokyo,Tokyo,106-0047,35.6499377,139.7371162,ChIJ9Q4enqaLGGARHWN_L-lhDwQ
Tachigui Sushi Tonari,https://guide.michelin.com/en/tokyo-region/tokyo/restaurant/tachigui-sushi-tonari,bib_gourmand,Tokyo,Japan,"2F, 2-8-7 Azabujuban, Minato-ku Tokyo Tokyo 106-0045 JPN",Tokyo,Tokyo,106-0045,35.6555301,139.7347368,ChIJNeF3ix6LGGARrGJhqkkngpo
Tachiguisushi Sushikawa,https://guide.michelin.com/en/tokyo-region/tokyo/restaurant/tachiguisushi-sushikawa,bib_gourmand,Tokyo,Japan,"1-62-6 Sasazuka, Shibuya-ku Tokyo Tokyo 151-0073 JPN",Tokyo,Tokyo,151-0073,35.67276750000001,139.6623802,ChIJnW7xm6HzGGARyLJezuFbDUU
Tempura Kakiage Yukimura,https://guide.michelin.com/en/tokyo-region/tokyo/restaurant/tempura-kakiage-yukimura,bib_gourmand,Tokyo,Japan,"6-13-13 Shimbashi, Minato-ku Tokyo Tokyo 105-0004 JPN",Tokyo,Tokyo,105-0004,35.6620038,139.7535989,ChIJtxKb4qOLGGARjVoXGBN1G5k
Tempura Kozaki,https://guide.michelin.com/en/osaka-region/osaka/restaurant/tempura-kozaki,bib_gourmand,Osaka,Japan,"4-11-38 Matsuzakicho, Abeno-ku Osaka Osaka 545-0053 JPN",Osaka,Osaka,545-0053,34.638071,135.5177994,ChIJwar0e93dAGAR_W6i9Tv8tVQ
Ten Suns,https://guide.michelin.com/en/bangkok-region/bangkok/restaurant/ten-suns,bib_gourmand,Bangkok,Thailand,"456 Wisut Kasat Road, Bang Khun Phrom, Phra Nakhon Bangkok Bangkok Region 10200 THA",Bangkok,Bangkok Region,10200,13.7625387,100.5041377,ChIJP5Xfy2uZ4jARBP7Skj__UqA
Tenboshi,https://guide.michelin.com/en/osaka-region/osaka/restaurant/tenboshi,bib_gourmand,Osaka,Japan,"7-10-9 Tenjimbashi, Kita-ku Osaka Osaka 531-0041 JPN",Osaka,Osaka,531-0041,34.713765,135.5112181,ChIJ31LvfLvmAGARttTcpzhSvYI
Tensuke,https://guide.michelin.com/en/tokyo-region/tokyo/restaurant/tensuke,bib_gourmand,Tokyo,Japan,"3-22-7 Koenjikita, Suginami-ku Tokyo Tokyo 166-0002 JPN",Tokyo,Tokyo,166-0002,35.7058375,139.6487831,ChIJXaZmo33yGGARE9okpsCbz80
The Barbary,https://guide.michelin.com/en/greater-london/london/restaurant/barbary,bib_gourmand,London,United Kingdom,"16 Neal’s Yard, Covent Garden London Greater London WC2H 9DP GBR",London,Greater London,WC2H 9DP,51.5144401,-0.126181,ChIJFQE6KM0EdkgRlUwerzMDqR8
The Eatery,https://guide.michelin.com/en/prague/prague/restaurant/the-eatery,bib_gourmand,Prague,Czech Republic,U Uranie 954/18 Prague Prague 170 00 CZE,Prague,Prague,170 00,50.1074694,14.4507564,ChIJuz0vRzuVC0cRSfvtawq3UPk
The Hero,https://guide.michelin.com/en/greater-london/london/restaurant/the-hero,bib_gourmand,London,United Kingdom,"55 Shirland Road, Maida Vale London Greater London W9 2JD GBR",London,Greater London,W9 2JD,51.5243227,-0.1887564,ChIJbZyeMwARdkgRVwNMuMakX74
The Pelican,https://guide.michelin.com/en/greater-london/london/restaurant/the-pelican,bib_gourmand,London,United Kingdom,"45 All Saints Road, Notting Hill London Greater London W11 1HE GBR",London,Greater London,W11 1HE,51.5188103013965,-0.204515331152933,
Thien Duong,https://guide.michelin.com/en/bangkok-region/bangkok/restaurant/thien-duong,bib_gourmand,Bangkok,Thailand,"Baan Dusit Thani, 116 Saladaeng Road, Si Lom, Bang Rak Bangkok Bangkok Region 10500 THA",Bangkok,Bangkok Region,10500,13.7270253,100.5360533,ChIJl3YhOAKf4jARheZW4VCU2rM
Thìa Gỗ,https://guide.michelin.com/en/da-nang-region/da-nang_2984390/restaurant/thia-go%C2%A0,bib_gourmand,Da Nang,Vietnam,"53 Phan Thuc Duyen Street, My An Ward, Ngu Hanh Son District Da Nang Da Nang Region 50507 VNM",Da Nang,Da Nang Region,50507,16.0529867,108.2415777,ChIJ1xhMtcMZQjER9bUa3xuUKFA
Tiệm Cơm Thố Chuyên Ký,https://guide.michelin.com/en/ho-chi-minh/ho-chi-minh_2978179/restaurant/tiem-com-tho-chuyen-ky,bib_gourmand,Ho Chi Minh City,Vietnam,"67 Ton That Dam Street, Ben Nghe Ward, District 1 Ho Chi Minh City Hồ Chí Minh 70000 VNM",Ho Chi Minh City,Hồ Chí Minh,70000,10.771385,106.703038,ChIJc4e_IUEvdTERfdMLD248bSc
Tonkatsu Nanaido,https://guide.michelin.com/en/tokyo-region/tokyo/restaurant/tonkatsu-nanaido,bib_gourmand,Tokyo,Japan,"3-42-11 Jingumae, Shibuya-ku Tokyo Tokyo 150-0001 JPN",Tokyo,Tokyo,150-0001,35.6718214,139.7139354,ChIJd3k3CTeNGGARmUPOr0Ck8ss
Trattoria Cibrèo - Il Cibrèino,https://guide.michelin.com/en/toscana/firenze/restaurant/trattoria-cibreo-cibreino,bib_gourmand,Florence,Italy,via dei Macci 122 r Florence Tuscany 50122 ITA,Florence,Tuscany,50122,43.7712781,11.2664995,ChIJW6fDKg9UKhMR8nJYaNkwdDo
Tres por Cuatro,https://guide.michelin.com/en/comunidad-de-madrid/madrid/restaurant/tres-por-cuatro,bib_gourmand,Madrid,Spain,Montesa 9 Madrid Community of Madrid 28006 ESP,Madrid,Community of Madrid,28006,40.4273951,-3.6724862,ChIJK0HNcbsoQg0RoGBHzGeb68A
Treze,https://guide.michelin.com/en/comunidad-de-madrid/madrid/restaurant/treze,bib_gourmand,Madrid,Spain,General Pardiñas 34 Madrid Community of Madrid 28001 ESP,Madrid,Community of Madrid,28001,40.426798,-3.6783377,ChIJd-4jqGUoQg0Ri7UCUr8KiaA
Trèsde,https://guide.michelin.com/en/comunidad-de-madrid/madrid/restaurant/tresde,bib_gourmand,Madrid,Spain,Cava Alta 17 Madrid Community of Madrid 28005 ESP,Madrid,Community of Madrid,28005,40.4120285,-3.7092102,ChIJp5iX4hInQg0Rp13qDETNvZI
U Kalendů,https://guide.michelin.com/en/prague/prague/restaurant/u-kalendu,bib_gourmand,Prague,Czech Republic,Rašínovo Nábřeží 383/58 Prague Prague 10100 CZE,Prague,Prague,10100,50.0713045,14.4145502,ChIJGz-lqliUC0cRLjke2Rmkk-M
U Matěje,https://guide.michelin.com/en/prague/prague/restaurant/u-mateje,bib_gourmand,Prague,Czech Republic,U Matěje 152/1 Prague Prague 16000 CZE,Prague,Prague,16000,50.1131573,14.3797957,ChIJ6xT4LJeVC0cROf4B1jklt6w
Udondokoro Shigemi,https://guide.michelin.com/en/osaka-region/osaka/restaurant/udondokoro-shigemi,bib_gourmand,Osaka,Japan,"4-7-7 Nishitemma, Kita-ku Osaka Osaka 530-0047 JPN",Osaka,Osaka,530-0047,34.6966347,135.5038325,ChIJ0_JP-5HnAGARb2nSbzYpBxU
Ueroku wine,https://guide.michelin.com/en/osaka-region/osaka/restaurant/ueroku-wine,bib_gourmand,Osaka,Japan,"4-15 Higashikozucho, Tennoji-ku Osaka Osaka 543-0021 JPN",Osaka,Osaka,543-0021,34.6746157,135.5106432,ChIJBU9185znAGAR9f2SUTGBPKI
Upstairs (at Trinity),https://guide.michelin.com/en/greater-london/london/restaurant/upstairs-at-trinity,bib_gourmand,London,United Kingdom,"4 The Polygon, Clapham London Greater London SW4 0JG GBR",London,Greater London,SW4 0JG,51.4635207,-0.1415200999999999,ChIJ36APYg0FdkgR8DRF4-44s_k
Urai Braised Goose,https://guide.michelin.com/en/bangkok-region/bangkok/restaurant/urai-braised-goose,bib_gourmand,Bangkok,Thailand,"935 Song Wat Road, Chakkrawat, Samphanthawong Bangkok Bangkok Region 10100 THA",Bangkok,Bangkok Region,10100,13.7382155,100.5075808,ChIJy6QILCCZ4jAR5iOyP7Olb5M
Varra,https://guide.michelin.com/en/comunidad-de-madrid/madrid/restaurant/varra,bib_gourmand,Madrid,Spain,Hermosilla 7 Madrid Community of Madrid 28001 ESP,Madrid,Community of Madrid,28001,40.4266287,-3.6883178,ChIJiZAylTwpQg0RCCyNBjUDAY4
Vinoteca Moratín,https://guide.michelin.com/en/comunidad-de-madrid/madrid/restaurant/vinoteca-moratin,bib_gourmand,Madrid,Spain,Moratín 36 Madrid Community of Madrid 28014 ESP,Madrid,Community of Madrid,28014,40.4125418,-3.6954461,ChIJP8qO0ikmQg0RVZ95Zwom98s
Výčep,https://guide.michelin.com/en/prague/prague/restaurant/vycep,bib_gourmand,Prague,Czech Republic,Korunní 1304/92 Prague Prague 101 00 CZE,Prague,Prague,101 00,50.0752439,14.4536006,ChIJKyH5iTGTC0cRCpMY5gut7n0
Vị Quê Kitchen,https://guide.michelin.com/en/ho-chi-minh/ho-chi-minh_2978179/restaurant/vi-que-kitchen,bib_gourmand,Ho Chi Minh City,Vietnam,"110 Suong Nguyet Anh Street, Ben Thanh Ward, District 1 Ho Chi Minh City Hồ Chí Minh 710000 VNM",Ho Chi Minh City,Hồ Chí Minh,710000,10.7715986,106.6885602,ChIJH0cgnuUvdTER2AnGhgXomxY
Washokuya Taichi,https://guide.michelin.com/en/tokyo-region/tokyo/restaurant/washokuya-taichi,bib_gourmand,Tokyo,Japan,"3-36-14 Kitasenzoku, Ota-ku Tokyo Tokyo 145-0062 JPN",Tokyo,Tokyo,145-0062,35.6049931,139.6850815,ChIJSZ-IdDH1GGAR7XDC7cVmng0
Woracziczky,https://guide.michelin.com/en/vienna/wien/restaurant/woracziczky,bib_gourmand,Vienna,Austria,Spengergasse 52 Vienna Vienna 1050 AUT,Vienna,Vienna,1050,48.1892466,16.3530415,ChIJ-1KKJyaobUcRwE_3K3vf7so
YAKUMO,https://guide.michelin.com/en/tokyo-region/tokyo/restaurant/yakumo,bib_gourmand,Tokyo,Japan,"3-6-15 Higashiyama, Meguro-ku Tokyo Tokyo 153-0043 JPN",Tokyo,Tokyo,153-0043,35.6501307,139.6868459,ChIJGTrknqz0GGARxnC8Ps-HaWc
Yakitori Abe,https://guide.michelin.com/en/tokyo-region/tokyo/restaurant/yakitori-abe,bib_gourmand,Tokyo,Japan,"3-3-4 Kamiosaki, Shinagawa-ku Tokyo Tokyo 141-0021 JPN",Tokyo,Tokyo,141-0021,35.6339546,139.7180992,ChIJHWZpbRyLGGARLILahwepp6Y
Yakitori Onjung,https://guide.michelin.com/en/busan-region/busan_1025838/restaurant/yakitori-onjung,bib_gourmand,Busan,South Korea,"9-7 Dongcheon-ro 108 beon-gil, Busanjin-Gu Busan Busan 47247 KOR",Busan,Busan,47247,35.1586678,129.0628495,ChIJ15oIIFfraDURsGRztK9PlRs
Yakitori SANKA,https://guide.michelin.com/en/tokyo-region/tokyo/restaurant/yakitori-sanka,bib_gourmand,Tokyo,Japan,"2F, 64-4 Yaraicho, Shinjuku-ku Tokyo Tokyo 162-0805 JPN",Tokyo,Tokyo,162-0805,35.7034749,139.7328594,ChIJsz9BUxWNGGARI6jUCB6WXgE
Youhan,https://guide.michelin.com/en/seoul-capital-area/kr-seoul/restaurant/youhan,bib_gourmand,Seoul,South Korea,"10-5 Daesagwan-ro 5-gil, Yongsan-gu Seoul Seoul Capital Area 04400 KOR",Seoul,Seoul Capital Area,04400,37.5348285,127.0010836,ChIJESHUysWjfDURuaDOEmdnsuI
ZUPPERIA OSTERIA PITIGLIANO,https://guide.michelin.com/en/tokyo-region/tokyo/restaurant/zupperia-osteria-pitigliano,bib_gourmand,Tokyo,Japan,"2F, 3-4-9 Soshigaya, Setagaya-ku Tokyo Tokyo 157-0072 JPN",Tokyo,Tokyo,157-0072,35.6430189,139.6064901,ChIJD6SoBWHxGGARxwxRahOPTlc
Zeb,https://guide.michelin.com/en/toscana/firenze/restaurant/zeb,bib_gourmand,Florence,Italy,via San Miniato 2r Florence Tuscany 50125 ITA,Florence,Tuscany,50125,43.7640948,11.2612024,ChIJL6cVr_lTKhMR2YCyNbhpBtY
falò,https://guide.michelin.com/en/tokyo-region/tokyo/restaurant/falo,bib_gourmand,Tokyo,Japan,"B1F, 14-10 Daikanyamacho, Shibuya-ku Tokyo Tokyo 150-0034 JPN",Tokyo,Tokyo,150-0034,35.6500115,139.7042731,ChIJVVUI_ESLGGARVcB9OFOUd64
gastroteka bimendi,https://guide.michelin.com/en/osaka-region/osaka/restaurant/gastroteka-bimendi,bib_gourmand,Osaka,Japan,"1-5-9 Utsubohommachi, Nishi-ku Osaka Osaka 550-0004 JPN",Osaka,Osaka,550-0004,34.684618,135.4975933,ChIJPwZN2OLmAGARQIViURTXlC4
il luogo di TAKEUCHI,https://guide.michelin.com/en/osaka-region/osaka/restaurant/il-luogo-di-takeuchi,bib_gourmand,Osaka,Japan,"5-1-26 Fukushima, Fukushima-ku Osaka Osaka 553-0003 JPN",Osaka,Osaka,553-0003,34.697014,135.490055,ChIJL_yI04rmAGAR9T6HR4UyJ4M
kushiage 010,https://guide.michelin.com/en/osaka-region/osaka/restaurant/kushiage-010,bib_gourmand,Osaka,Japan,"4F, 1-1-41 Sonezakishinchi, Kita-ku Osaka Osaka 530-0002 JPN",Osaka,Osaka,530-0002,34.6966904,135.5005022,ChIJOaUTvO7mAGARFGrMg0t_a70
le bistrot des bleus,https://guide.michelin.com/en/tokyo-region/tokyo/restaurant/le-bistrot-des-bleus,bib_gourmand,Tokyo,Japan,"2F, EAT PLAY WORKS, 5-4-16 Hiro, Shibuya-ku Tokyo Tokyo 150-0012 JPN",Tokyo,Tokyo,150-0012,35.6506836,139.7219213,ChIJ3__Uw4CLGGARuBAn_Qp6kCg
pahli hill,https://guide.michelin.com/en/greater-london/london/restaurant/pahli-hill,bib_gourmand,London,United Kingdom,"70-81 Mortimer Street, Fitzrovia London Greater London W1W 7SJ GBR",London,Greater London,W1W 7SJ,51.5176102,-0.1409363,ChIJQ0ggkKQbdkgR8H1lxMkVB6I
tanpopo,https://guide.michelin.com/en/osaka-region/osaka/restaurant/tanpopo,bib_gourmand,Osaka,Japan,"6F, 1-10-16 Sonezakishinchi, Kita-ku Osaka Osaka 530-0002 JPN",Osaka,Osaka,530-0002,34.6979831,135.4977823,ChIJVVXRWvLmAGARjCExlly-tPs
via del emme,https://guide.michelin.com/en/osaka-region/osaka/restaurant/via-del-emme,bib_gourmand,Osaka,Japan,"7-7-10 Fukushima, Fukushima-ku Osaka Osaka 553-0003 JPN",Osaka,Osaka,553-0003,34.697582,135.484747,ChIJhzBfDGHmAGARAXrDA71L31c
wokotote,https://guide.michelin.com/en/tokyo-region/tokyo/restaurant/wokotote,bib_gourmand,Tokyo,Japan,"2-35-1 Nezu, Bunkyo-ku Tokyo Tokyo 113-0031 JPN",Tokyo,Tokyo,113-0031,35.72029550000001,139.7634828,ChIJPe37VkmNGGARcwZQzDx477c
Ăn Thôi,https://guide.michelin.com/en/da-nang-region/da-nang_2984390/restaurant/an-thoi,bib_gourmand,Da Nang,Vietnam,"114 Bach Dang Street, Hai Chau 1 Ward, Hai Chau District Da Nang Da Nang Region 550000 VNM",Da Nang,Da Nang Region,550000,16.0682463,108.2248133,ChIJYVPRIUkZQjERH-v3yrc3lt0
100 Mahaseth,https://guide.michelin.com/en/bangkok-region/bangkok/restaurant/100-mahaseth,selected,Bangkok,Thailand,"100 Mahaseth Road, Si Phraya, Bang Rak Bangkok Bangkok Region 10500 THA",Bangkok,Bangkok Region,10500,13.7290523,100.5183387,ChIJ3-YDqtCY4jARdkcQthC1q9Q
104 Restaurant,https://guide.michelin.com/en/greater-london/london/restaurant/restaurant-104,selected,London,United Kingdom,"104 Chepstow Road, Notting Hill London Greater London W2 5QS GBR",London,Greater London,W2 5QS,51.5188563,-0.1959984,ChIJWafXz4MRdkgRVodWW82ObL8
124. KAGURAZAKA,https://guide.michelin.com/en/tokyo-region/tokyo/restaurant/124-kagurazaka,selected,Tokyo,Japan,"3F, 12-4 Wakamiyacho, Shinjuku-ku Tokyo Tokyo 162-0827 JPN",Tokyo,Tokyo,162-0827,35.7002896,139.7393666,ChIJ4UAV4x6NGGARH2GEFGnkGQg
136,https://guide.michelin.com/en/berlin-region/berlin/restaurant/sagrantino-136,selected,Berlin,Germany,Linienstraße 136 Berlin Berlin 10115 DEU,Berlin,Berlin,10115,52.526346,13.3890424,ChIJU6pM1j5RqEcRblPfq5OJZp4
19.20 by Norbert Tarayre,https://guide.michelin.com/en/ile-de-france/paris/restaurant/19-20-by-norbert-tarayre,selected,Paris,France,"Prince de Galles, 33 avenue George-V Paris Ile-de-France 75008 FRA",Paris,Ile-de-France,75008,48.869143,2.3006579,ChIJIfDomZhv5kcRGke9wBF3AGI
1969 Buwondong Kalguksu,https://guide.michelin.com/en/busan-region/busan_1025838/restaurant/1969-buwondong-kalguksu,selected,Busan,South Korea,"3 Gudeok-ro 22 beon-gil, Jung-gu Busan Busan 48954 KOR",Busan,Busan,48954,35.0979275,129.0331436,ChIJ718kQADpaDURR1tB2EvCqAU
3G Trois Gourmands,https://guide.michelin.com/en/ho-chi-minh/ho-chi-minh_2978179/restaurant/3g-trois-gourmands,selected,Ho Chi Minh City,Vietnam,"39 Tran Ngoc Dien Street, Thao Dien Ward, Thu Duc City Ho Chi Minh City Hồ Chí Minh 721400 VNM",Ho Chi Minh City,Hồ Chí Minh,721400,10.8062378,106.7404845,ChIJbYNofhYmdTERpA1r9Y3mb6U
420 Restaurant,https://guide.michelin.com/en/prague/prague/restaurant/420-restaurant,selected,Prague,Czech Republic,Staroměstské Náměstí 480/24 Prague Prague 11000 CZE,Prague,Prague,11000,50.0867929,14.4210045,ChIJk1eLxhuVC0cRj_OcjFRHcgY
45 Jermyn St,https://guide.michelin.com/en/greater-london/london/restaurant/45-jermyn-st,selected,London,United Kingdom,"45 Jermyn Street, St James’s London Greater London SW1 6DN GBR",London,Greater London,SW1 6DN,51.5080107,-0.1382948,ChIJgyJHWdYEdkgRX_4TkG1PT9o
52 Faubourg St-Denis,https://guide.michelin.com/en/ile-de-france/paris/restaurant/52-faubourg-st-denis,selected,Paris,France,52 rue du Faubourg-Saint-Denis Paris Ile-de-France 75010 FRA,Paris,Ile-de-France,75010,48.8720295,2.3540882,ChIJgxn5zBNu5kcRjFTjWxFEtXE
74 Charlotte Street by Ben Murphy,https://guide.michelin.com/en/greater-london/london/restaurant/74-charlotte-street-by-ben-murphy,selected,London,United Kingdom,"74 Charlotte Street, Fitzrovia London Greater London W1T 4QH GBR",London,Greater London,W1T 4QH,51.5205208,-0.1366021,ChIJx9yLCRwbdkgR7PQ6kL30qJk
893 Ryotei,https://guide.michelin.com/en/berlin-region/berlin/restaurant/893-ryotei,selected,Berlin,Germany,Kantstraße 135 Berlin Berlin 10623 DEU,Berlin,Berlin,10623,52.5058908,13.316971,ChIJU7-KvONQqEcRkNDBMGGDTs4
99 sushi bar,https://guide.michelin.com/en/comunidad-de-madrid/madrid/restaurant/99-sushi-bar67656,selected,Madrid,Spain,Padre Damián 23 Madrid Community of Madrid 28036 ESP,Madrid,Community of Madrid,28036,40.4585706,-3.6857705,ChIJ94mmxB4pQg0RcOjrET6F-KA
ABBESSES,https://guide.michelin.com/en/tokyo-region/tokyo/restaurant/abbesses,selected,Tokyo,Japan,"2F, 1-26-17 Ebisu, Shibuya-ku Tokyo Tokyo 150-0013 JPN",Tokyo,Tokyo,150-0013,35.6484697,139.7056689,ChIJAQAAAGOLGGARxWRVGcdrynM
AIMY,https://guide.michelin.com/en/bayern/mnchen/restaurant/aimy,selected,Munich,Germany,Brienner Straße 10 Munich Bavaria 80333 DEU,Munich,Bavaria,80333,48.143243,11.5751323,ChIJs2mC0_V1nkcRRkdqlMDk8IU
APICIUS,https://guide.michelin.com/en/tokyo-region/tokyo/restaurant/apicius-1209867,selected,Tokyo,Japan,"B1F, 1-9-4 Yurakucho, Chiyoda-ku Tokyo Tokyo 100-0006 JPN",Tokyo,Tokyo,100-0006,35.6752464,139.761106,ChIJjTpEJPCLGGARXkD2IPjNWk8
ARMANI / RISTORANTE,https://guide.michelin.com/en/tokyo-region/tokyo/restaurant/armani-ristorante-1195701,selected,Tokyo,Japan,"10F, 5-5-4 Ginza, Chuo-ku Tokyo Tokyo 104-0061 JPN",Tokyo,Tokyo,104-0061,35.67167999999999,139.7639703,ChIJFTsH3uWLGGARvJfeVYWHeCs
Acciuga,https://guide.michelin.com/en/lazio/roma/restaurant/acciuga,selected,Rome,Italy,via Vodice 25 Rome Lazio 00195 ITA,Rome,Lazio,00195,41.9181348,12.4614856,ChIJ96iF0fJgLxMRuV96RJmV2E8
Acetaia,https://guide.michelin.com/en/bayern/mnchen/restaurant/acetaia,selected,Munich,Germany,Nymphenburger Straße 215 Munich Bavaria 80639 DEU,Munich,Bavaria,80639,48.1580435,11.527015,ChIJ5SjWDj92nkcRFQLPvWngeJs
Addiert,https://guide.michelin.com/en/vienna/wien/restaurant/addiert,selected,Vienna,Austria,Franz-Josefs-Kai 43 Vienna Vienna 1010 AUT,Vienna,Vienna,1010,48.2147369,16.3725721,ChIJJ8DMBcIHbUcR9dqbZ_tUcWo
Adelaide,https://guide.michelin.com/en/lazio/roma/restaurant/adelaide,selected,Rome,Italy,via dell'Arancio 69 Rome Lazio 00186 ITA,Rome,Lazio,00186,41.904466,12.4765466,ChIJa_uowwFhLxMRX_pS5nedRjw
Aelgerizm,https://guide.michelin.com/en/seoul-capital-area/kr-seoul/restaurant/aelgerizm,selected,Seoul,South Korea,"2F, 8 Dosan-daero 49-gil, Gangnam-gu Seoul Seoul Capital Area 06019 KOR",Seoul,Seoul Capital Area,06019,37.4991618,127.0281867,ChIJlVFiAxWhfDURi9K9EWAnGxU
Aheesah Roddee,https://guide.michelin.com/en/bangkok-region/bangkok/restaurant/aheesah-roddee,selected,Bangkok,Thailand,"103-105 Tani Road, Talat Yot, Phra Nakhon Bangkok Bangkok Region 10200 THA",Bangkok,Bangkok Region,10200,13.7603431,100.4983399,ChIJQcH5OW2Z4jARudWStsbdZ8U
Ai Gondolieri,https://guide.michelin.com/en/veneto/venezia/restaurant/ai-gondolieri,selected,Venice,Italy,"fondamenta de l'Ospedaleto, sestiere Dorsoduro 366 Venice Veneto 30123 ITA",Venice,Veneto,30123,45.4302817,12.3307625,ChIJS2TJo9OxfkcRhw-lHsD3DxQ
Ai Mercanti,https://guide.michelin.com/en/veneto/venezia/restaurant/ai-mercanti,selected,Venice,Italy,"corte Coppo, sestiere San Marco 4346/a Venice Veneto 30124 ITA",Venice,Veneto,30124,45.4350434,12.3350803,ChIJ01GxodCxfkcROfO_shSduB8
Ají,https://guide.michelin.com/en/catalunya/barcelona/restaurant/aji,selected,Barcelona,Spain,Marina 19-21 Barcelona Catalonia 08005 ESP,Barcelona,Catalonia,08005,41.3863067,2.1970086,ChIJ37Y3HQ-jpBIRhNVDylhB1XY
Akabeko,https://guide.michelin.com/en/ile-de-france/paris/restaurant/akabeko,selected,Paris,France,40 rue de l'Université Paris Ile-de-France 75007 FRA,Paris,Ile-de-France,75007,48.8576715,2.3283996,ChIJW0ICZg5v5kcRvyEFYPJKYxo
Akanezaka Onuma,https://guide.michelin.com/en/tokyo-region/tokyo/restaurant/akanezaka-onuma,selected,Tokyo,Japan,"3F, 3-12-2 Akasaka, Minato-ku Tokyo Tokyo 107-0052 JPN",Tokyo,Tokyo,107-0052,35.674049,139.7377999,ChIJy2dYnnqLGGARVouhg7TVpLM
Akara,https://guide.michelin.com/en/greater-london/london/restaurant/akara,selected,London,United Kingdom,"Arch 208, 18 Stoney Street, Borough Market London Greater London SE1 9AD GBR",London,Greater London,SE1 9AD,51.5064213,-0.0916092,ChIJUzxOg8UDdkgRiPdFh00wBOQ
Akasaka Kappo Washi,https://guide.michelin.com/en/tokyo-region/tokyo/restaurant/akasaka-kappo-washi,selected,Tokyo,Japan,"6F, 3-13-6 Akasaka, Minato-ku Tokyo Tokyo 107-0052 JPN",Tokyo,Tokyo,107-0052,35.6730963,139.7376568,ChIJRYgz_tiLGGARRIlzbbOIpao
Akasaka Watanabe,https://guide.michelin.com/en/tokyo-region/tokyo/restaurant/akasaka-watanabe,selected,Tokyo,Japan,"2F, 2-17-59 Akasaka, Minato-ku Tokyo Tokyo 107-0052 JPN",Tokyo,Tokyo,107-0052,35.6706356,139.7380028,ChIJ1dVSF6CLGGARJ5Q6fYWlSaY
Akebonobashi Kazu,https://guide.michelin.com/en/tokyo-region/tokyo/restaurant/akebonobashi-kazu,selected,Tokyo,Japan,"16 Arakicho, Shinjuku-ku Tokyo Tokyo 160-0007 JPN",Tokyo,Tokyo,160-0007,35.6913259,139.7248288,ChIJQR3g1vCNGGARTggVavS9fbg
Akira,https://guide.michelin.com/en/greater-london/london/restaurant/akira,selected,London,United Kingdom,"Japan House, 101-111 Kensington High Street, Kensington London Greater London W8 5SA GBR",London,Greater London,W8 5SA,51.50135590000001,-0.1916288,ChIJbYF04XsPdkgRYuY_9zvfWp8
Akira Back Paris,https://guide.michelin.com/en/ile-de-france/paris/restaurant/akira-back-paris,selected,Paris,France,"Prince de Galles, 33 avenue George-V Paris Ile-de-France 75008 FRA",Paris,Ile-de-France,75008,48.869143,2.3006579,ChIJx2NEgptv5kcRPJ7AHeThtUM
Akub,https://guide.michelin.com/en/greater-london/london/restaurant/akub,selected,London,United Kingdom,"27 Uxbridge Street, Notting Hill London Greater London W8 7TQ GBR",London,Greater London,W8 7TQ,51.5084652,-0.1983637,ChIJATbscqsPdkgRCYAYH3uom80
Al Covo,https://guide.michelin.com/en/veneto/venezia/restaurant/al-covo,selected,Venice,Italy,"campiello della Pescaria, sestiere Castello 3968 Venice Veneto 30122 ITA",Venice,Veneto,30122,45.4341933,12.3476131,ChIJneXTBCaufkcRaP5JHtVNvlE
Alabaster,https://guide.michelin.com/en/comunidad-de-madrid/madrid/restaurant/alabaster,selected,Madrid,Spain,Montalbán 9 Madrid Community of Madrid 28014 ESP,Madrid,Community of Madrid,28014,40.4181939,-3.689884,ChIJ4xo7eZwoQg0RP-pL1RPzx2A
Alapar,https://guide.michelin.com/en/catalunya/barcelona/restaurant/alapar,selected,Barcelona,Spain,Carrer de Lleida 5 Barcelona Catalonia 08004 ESP,Barcelona,Catalonia,08004,41.3743483,2.1545571,ChIJaV9xVWujpBIR3fFiX34rKF8
Alcotán,https://guide.michelin.com/en/comunidad-de-madrid/madrid/restaurant/alcotan,selected,Madrid,Spain,Claudio Coello 96 Madrid Community of Madrid 28006 ESP,Madrid,Community of Madrid,28006,40.4324027,-3.685511,ChIJBe-O8k4pQg0R7h2K91XVTaI
Alessandro Borghese,https://guide.michelin.com/en/veneto/venezia/restaurant/alessandro-borghese,selected,Venice,Italy,Calle Seconda del Cristo 2040 Venice Veneto 30121 ITA,Venice,Veneto,30121,45.4426584,12.3298753,ChIJfyMm9kixfkcRu1-83CYwHFY
Alle Corone,https://guide.michelin.com/en/veneto/venezia/restaurant/alle-corone,selected,Venice,Italy,"campo della Fava, sestiere Castello 5527 Venice Veneto 30122 ITA",Venice,Veneto,30122,45.4370776,12.337689,ChIJNfCfZdmxfkcRDxQiphfDyok
Allégorie,https://guide.michelin.com/en/comunidad-de-madrid/madrid/restaurant/allegorie,selected,Madrid,Spain,"Bretón de los Herreros, 39 Madrid Community of Madrid 28003 ESP",Madrid,Community of Madrid,28003,40.4396668,-3.697073300000001,ChIJL0kW9jIpQg0R1DRCmqCgFSI
Alternative,https://guide.michelin.com/en/tokyo-region/tokyo/restaurant/alternative,selected,Tokyo,Japan,"5-12-24 Shirokane, Minato-ku Tokyo Tokyo 108-0072 JPN",Tokyo,Tokyo,108-0072,35.6453157,139.7237219,ChIJh0wZM3qLGGARGRoGP37ynTo
Amano,https://guide.michelin.com/en/prague/prague/restaurant/amano-1215603,selected,Prague,Czech Republic,Na Poříčí 48 Prague Prague 11000 CZE,Prague,Prague,11000,50.0903482,14.4367487,ChIJtzVlB2-VC0cRv8Py55ccjEc
Ambassadors Clubhouse,https://guide.michelin.com/en/greater-london/london/restaurant/ambassadors-clubhouse,selected,London,United Kingdom,"25 Heddon Street, Mayfair London Greater London W1B 4BH GBR",London,Greater London,W1B 4BH,51.5110982,-0.1397908,ChIJ9wPPUaQFdkgRV6fcyggxHng
Amparito Roca,https://guide.michelin.com/en/comunidad-de-madrid/madrid/restaurant/amparito-roca,selected,Madrid,Spain,Juan Bravo 12 Madrid Community of Madrid 28006 ESP,Madrid,Community of Madrid,28006,40.4326715,-3.6848257,ChIJ2xG3I5UoQg0ROqTvkMNTC5k
Amós,https://guide.michelin.com/en/comunidad-de-madrid/madrid/restaurant/amos,selected,Madrid,Spain,Paseo de la Castellana 22 Madrid Community of Madrid 28046 ESP,Madrid,Community of Madrid,28046,40.4299515,-3.688152499999999,ChIJv2lEjJMoQg0RK7Lwq40XKPs
An's Saigon,https://guide.michelin.com/en/ho-chi-minh/ho-chi-minh_2978179/restaurant/an-s-saigon,selected,Ho Chi Minh City,Vietnam,"5A Tong Huu Dinh Street, Thao Dien Ward, Thu Duc City Ho Chi Minh City Hồ Chí Minh 713000 VNM",Ho Chi Minh City,Hồ Chí Minh,713000,10.8060175,106.7322609,ChIJ2QemhTEndTERi4MS5PHL-1I
Anchor & Hope,https://guide.michelin.com/en/greater-london/london/restaurant/anchor-hope,selected,London,United Kingdom,"36 The Cut, Southwark London Greater London SE1 8LP GBR",London,Greater London,SE1 8LP,51.5034563,-0.1065778,ChIJzee0vroEdkgRsWQAXWfSU5Q
Andeok,https://guide.michelin.com/en/seoul-capital-area/kr-seoul/restaurant/andeok,selected,Seoul,South Korea,"18 Jahamun-ro 17-gil, Jongno-gu Seoul Seoul Capital Area 03035 KOR",Seoul,Seoul Capital Area,03035,37.58143980000001,126.9696567,ChIJ-yZQ4JijfDURDGQwBKgy9nk
Antiche Carampane,https://guide.michelin.com/en/veneto/venezia/restaurant/antiche-carampane,selected,Venice,Italy,"rio Terà delle Carampane, sestiere San Polo 1911 Venice Veneto 30125 ITA",Venice,Veneto,30125,45.4386525,12.3311096,ChIJ0TUq0MSxfkcRoeISOD1A4ps
Antito,https://guide.michelin.com/en/bangkok-region/bangkok/restaurant/antito,selected,Bangkok,Thailand,"14F, Eastin Grand Sathorn, 33/1 Sathon Tai Road, Yan Nawa, Sathon Bangkok Bangkok Region 10120 THA",Bangkok,Bangkok Region,10120,13.7190477,100.5219153,ChIJz27dI4eZ4jARrruI2zw8Fpw
Antricote Steakhouse,https://guide.michelin.com/en/prague/prague/restaurant/antricote-steakhouse,selected,Prague,Czech Republic,Břehová 274/5 Prague Prague 11000 CZE,Prague,Prague,11000,50.0908678,14.4171328,ChIJz-kIWgmVC0cRCoz0wLe0dCo
Aoyama Ototo,https://guide.michelin.com/en/tokyo-region/tokyo/restaurant/aoyama-ototo,selected,Tokyo,Japan,"B1F, 3-1-28 Jingumae, Shibuya-ku Tokyo Tokyo 150-0001 JPN",Tokyo,Tokyo,150-0001,35.6698532,139.7144595,ChIJe8HEqY-NGGARjFgXzcVe04k
Apelace21,https://guide.michelin.com/en/prague/prague/restaurant/apelace21,selected,Prague,Czech Republic,Záhřebská 21 Prague Prague 12000 CZE,Prague,Prague,12000,50.0721461,14.4371872,ChIJe84ZSiGVC0cRA9-tYjAt4kM
Apricity,https://guide.michelin.com/en/greater-london/london/restaurant/apricity,selected,London,United Kingdom,"68 Duke Street, Mayfair London Greater London W1K 6JU GBR",London,Greater London,W1K 6JU,51.5135846,-0.1513096,ChIJV5Njg-MFdkgRiz0R-O-Dh6M
Aragawa,https://guide.michelin.com/en/greater-london/london/restaurant/aragawa,selected,London,United Kingdom,"38 Clarges Street, Mayfair London Greater London W1J 7EN GBR",London,Greater London,W1J 7EN,51.5067259,-0.1452207999999999,ChIJVVXJ4CgFdkgR5WkocroD3jk
Arakicho Tatsuya,https://guide.michelin.com/en/tokyo-region/tokyo/restaurant/arakicho-tatsuya,selected,Tokyo,Japan,"10 Arakicho, Shinjuku-ku Tokyo Tokyo 160-0007 JPN",Tokyo,Tokyo,160-0007,35.6896624,139.7223517,ChIJF8TzZfKMGGARI-qB7XR_5Z0
Aramaki,https://guide.michelin.com/en/tokyo-region/tokyo/restaurant/aramaki,selected,Tokyo,Japan,"1-24-6 Higashiazabu, Minato-ku Tokyo Tokyo 106-0044 JPN",Tokyo,Tokyo,106-0044,35.6557339,139.7444062,ChIJ1Wu7SQCLGGAR6GWyDBFXwwk
Arca,https://guide.michelin.com/en/noord-holland/amsterdam/restaurant/arca-1197015,selected,Amsterdam,Netherlands,Martelaarsgracht 5 Amsterdam Noord-Holland 1012 TM NLD,Amsterdam,Noord-Holland,1012 TM,52.3778526,4.8967923,ChIJUQyaLT0JxkcRZP2SIkqCRlE
Archway,https://guide.michelin.com/en/greater-london/london/restaurant/archway,selected,London,United Kingdom,"Arch 65, Queen's Circus, Wandsworth London Greater London SW8 4NE GBR",London,Greater London,SW8 4NE,51.4774738,-0.1478248999999999,ChIJD9a7GEUFdkgRosqUhSPHabg
Argile,https://guide.michelin.com/en/ile-de-france/paris/restaurant/argile-1218988,selected,Paris,France,4 rue de Milan Paris Ile-de-France 75009 FRA,Paris,Ile-de-France,75009,48.8790046,2.3290637,ChIJI1msWs1v5kcRGGgBz0v1GAU
Aromi,https://guide.michelin.com/en/prague/prague/restaurant/aromi,selected,Prague,Czech Republic,Námĕstí Míru 6 Prague Prague 120 00 CZE,Prague,Prague,120 00,50.0761632,14.4363616,ChIJ7dSwrYSUC0cRcXkWTeEnfXk
Arros QD,https://guide.michelin.com/en/greater-london/london/restaurant/arros-qd,selected,London,United Kingdom,"64 Eastcastle Street, Fitzrovia London Greater London W1W 8NQ GBR",London,Greater London,W1W 8NQ,51.5166661,-0.1370539,ChIJVbcVEIkbdkgRjq2c232Mjjk
Artisan,https://guide.michelin.com/en/osaka-region/osaka/restaurant/artisan,selected,Osaka,Japan,"2F, 2-2-17 Fukushima, Fukushima-ku Osaka Osaka 553-0003 JPN",Osaka,Osaka,553-0003,34.6941017,135.4868341,ChIJo2e5EhjnAGARnWH8awPeF2w
Arunwan,https://guide.michelin.com/en/bangkok-region/bangkok/restaurant/arunwan-1200640,selected,Bangkok,Thailand,"LGF, Park X Building, 295 Soi Ekkamai 15, Khlong Tan Nuea, Vadhana Bangkok Bangkok Region 10110 THA",Bangkok,Bangkok Region,10110,13.7350288,100.5877088,ChIJUfuTC02e4jARzgdD-i0Tbr0
Arva,https://guide.michelin.com/en/bangkok-region/bangkok/restaurant/arva-1243396,selected,Bangkok,Thailand,"9F Aman Nai Lert Bangkok, 1 Soi Somkid, Lumphini, Pathum Wan Bangkok Bangkok Region 10330 THA",Bangkok,Bangkok Region,10330,13.7470416,100.5462733,ChIJ2XkJqd-f4jARAR4LpJPU3xE
Arva,https://guide.michelin.com/en/tokyo-region/tokyo/restaurant/arva-1207977,selected,Tokyo,Japan,"33F, Aman Tokyo, The Otemachi Tower, 1-5-6 Otemachi, Chiyoda-ku Tokyo Tokyo 100-0004 JPN",Tokyo,Tokyo,100-0004,35.685554,139.765371,ChIJb4zKhweMGGARLbGvDtVy5wY
Asagaya BIRD LAND,https://guide.michelin.com/en/tokyo-region/tokyo/restaurant/asagaya-bird-land,selected,Tokyo,Japan,"3-37-9 Asagayaminami, Suginami-ku Tokyo Tokyo 166-0004 JPN",Tokyo,Tokyo,166-0004,35.704362,139.634749,ChIJb4C51HXyGGARSC7Ay8HEUl0
Asam Schlössl,https://guide.michelin.com/en/bayern/mnchen/restaurant/asam-schlossl,selected,Munich,Germany,Maria-Einsiedel-Straße 45 Munich Bavaria 81379 DEU,Munich,Bavaria,81379,48.095297,11.5424608,ChIJ_ZpBp9fenUcRWDct1TGOgr0
Atelier Gourmet,https://guide.michelin.com/en/bayern/mnchen/restaurant/atelier-gourmet,selected,Munich,Germany,Rablstraße 37 Munich Bavaria 81667 DEU,Munich,Bavaria,81667,48.1272687,11.5925786,ChIJEZt-OnnfnUcR8lu5gxJva6Y
Atlantik,https://guide.michelin.com/en/bayern/mnchen/restaurant/atlantik,selected,Munich,Germany,Zenettistraße 12 Munich Bavaria 80337 DEU,Munich,Bavaria,80337,48.1239076,11.5574925,ChIJw4z6nUXfnUcR3_WTCCTKAFs
Au Bouillon,https://guide.michelin.com/en/seoul-capital-area/kr-seoul/restaurant/au-bouillon,selected,Seoul,South Korea,"29-1 Dokseodang-ro 51-gil, Seongdong-gu Seoul Seoul Capital Area 04718 KOR",Seoul,Seoul Capital Area,04718,37.5506228,127.0260997,ChIJ6QaFFUGjfDURrW1IEisPVqY
Aux Prés,https://guide.michelin.com/en/ile-de-france/paris/restaurant/aux-pres,selected,Paris,France,27 rue du Dragon Paris Ile-de-France 75006 FRA,Paris,Ile-de-France,75006,48.8527378,2.3305388,ChIJweL4Iddx5kcR0kJEsE0MU1U
Ayantar,https://guide.michelin.com/en/comunidad-de-madrid/madrid/restaurant/ayantar,selected,Madrid,Spain,Paseo de San Francisco de Sales 41 Madrid Community of Madrid 28003 ESP,Madrid,Community of Madrid,28003,40.444892,-3.7099555,ChIJeentpfIpQg0RovXsSWEcxc8
BAK,https://guide.michelin.com/en/noord-holland/amsterdam/restaurant/bak,selected,Amsterdam,Netherlands,Van Diemenstraat 408 Amsterdam Noord-Holland 1013 CR NLD,Amsterdam,Noord-Holland,1013 CR,52.3901086,4.8875991,ChIJXaKf7TIIxkcRFecFL0in0Io
BANCAL,https://guide.michelin.com/en/comunidad-de-madrid/madrid/restaurant/bancal,selected,Madrid,Spain,Serrano 95 Madrid Community of Madrid 28006 ESP,Madrid,Community of Madrid,28006,40.4381732,-3.6866107,ChIJd8nScz0pQg0RgdeiUZfDnYE
BAR TATAR in der Schreiberei,https://guide.michelin.com/en/bayern/mnchen/restaurant/schreiberei,selected,Munich,Germany,Dienerstraße 20 Munich Bavaria 80331 DEU,Munich,Bavaria,80331,48.1376609,11.5771703,ChIJAQCQF4t1nkcRAC7AvhQS4Yw
BIRD LAND,https://guide.michelin.com/en/tokyo-region/tokyo/restaurant/bird-land,selected,Tokyo,Japan,"B1F, 4-2-15 Ginza, Chuo-ku Tokyo Tokyo 104-0061 JPN",Tokyo,Tokyo,104-0061,35.672785,139.763893,ChIJVby9v-WLGGARQv0iDzabeGo
BON CHEMIN,https://guide.michelin.com/en/tokyo-region/tokyo/restaurant/bon-chemin,selected,Tokyo,Japan,"2-40-5 Gohongi, Meguro-ku Tokyo Tokyo 153-0053 JPN",Tokyo,Tokyo,153-0053,35.634708,139.6867417,ChIJE4CUF8r0GGARcz_2nN9NV3c
BRIKZ,https://guide.michelin.com/en/berlin-region/berlin/restaurant/brikz,selected,Berlin,Germany,Grolmanstraße 53 Berlin Berlin 10623 DEU,Berlin,Berlin,10623,52.5074948,13.3214413,ChIJmw_3XxhRqEcR97VDa-fm3u4
BaLó,https://guide.michelin.com/en/catalunya/barcelona/restaurant/balo,selected,Barcelona,Spain,Déu I Mata 141 Barcelona Catalonia 08029 ESP,Barcelona,Catalonia,08029,41.3904554,2.1391637,ChIJ8_mWiVGZpBIRxbRzIqdkDCI
Baan Suriyasai (Bangrak),https://guide.michelin.com/en/bangkok-region/bangkok/restaurant/baan-suriyasai-1195317,selected,Bangkok,Thailand,"174 Surawong Road, Si Phraya, Bang Rak Bangkok Bangkok Region 10500 THA",Bangkok,Bangkok Region,10500,13.7290946,100.5278502,ChIJlx8WvCuf4jARCGUdZsXubzc
Baannok Bangkok,https://guide.michelin.com/en/bangkok-region/bangkok/restaurant/baannok-bangkok,selected,Bangkok,Thailand,"2F, VIVRE Building, 34/3 Lang Suan Road, Lumphini, Pathum Wan Bangkok Bangkok Region 10330 THA",Bangkok,Bangkok Region,10330,13.7416977,100.5433509,ChIJuT3ek1uf4jARN0abB7juMBQ
Bala Baya,https://guide.michelin.com/en/greater-london/london/restaurant/bala-baya,selected,London,United Kingdom,"Arch 25, Old Union Yard Arches, 229 Union Street, Southwark London Greater London SE1 0LR GBR",London,Greater London,SE1 0LR,51.5032699,-0.1018623,ChIJAQAAAKUEdkgRQ-1aRUC5Ao0
Bangkok Bold (Pathum Wan),https://guide.michelin.com/en/bangkok-region/bangkok/restaurant/bangkok-bold-kitchen-central-embassy,selected,Bangkok,Thailand,"LGF, Central Embassy, 1031 Phloen Chit Road, Lumphini, Pathum Wan Bangkok Bangkok Region 10330 THA",Bangkok,Bangkok Region,10330,13.7441064,100.546082,ChIJaS16F6if4jARWdDGQ538vBY
Bao Li,https://guide.michelin.com/en/comunidad-de-madrid/madrid/restaurant/baoli,selected,Madrid,Spain,Jovellanos 5 Madrid Community of Madrid 28014 ESP,Madrid,Community of Madrid,28014,40.4171982,-3.696304000000001,ChIJVZbNcGMpQg0RrqXGrjOSV40
Bar Mural,https://guide.michelin.com/en/bayern/mnchen/restaurant/bar-mural,selected,Munich,Germany,Theresienstraße 1 Munich Bavaria 80333 DEU,Munich,Bavaria,80333,48.1468874,11.5788113,ChIJz_121ZJ1nkcR64dCZruNTxI
Bar Valette,https://guide.michelin.com/en/greater-london/london/restaurant/bar-valette,selected,London,United Kingdom,"28–30 Kingsland Road, Shoreditch London Greater London E2 8AA GBR",London,Greater London,E2 8AA,51.5279462,-0.0778441,ChIJfQLLbJkddkgRxcDnPJcuCqM
Bar des Prés - Mayfair,https://guide.michelin.com/en/greater-london/london/restaurant/bar-des-pres,selected,London,United Kingdom,"16 Albemarle Street, Mayfair London Greater London W1S 4HW GBR",London,Greater London,W1S 4HW,51.5093262,-0.1418747,ChIJa58r8SkFdkgRanKo4QAXV7o
Barracuda MX,https://guide.michelin.com/en/comunidad-de-madrid/madrid/restaurant/barracuda-mx,selected,Madrid,Spain,Valenzuela 7 Madrid Community of Madrid 28014 ESP,Madrid,Community of Madrid,28014,40.4190267,-3.6892853,ChIJZQNi-IQpQg0Rn7Miq7-cZCg
Barrafina,https://guide.michelin.com/en/greater-london/london/restaurant/barrafina,selected,London,United Kingdom,"26-27 Dean Street, Soho London Greater London W1D 3LL GBR",London,Greater London,W1D 3LL,51.51411,-0.1326670999999999,ChIJqeYp3NIEdkgRl9hMI8pRL8U
Barshu,https://guide.michelin.com/en/greater-london/london/restaurant/barshu,selected,London,United Kingdom,"28 Frith Street, Soho London Greater London W1D 5LF GBR",London,Greater London,W1D 5LF,51.51283890000001,-0.1308,ChIJc8i289IEdkgRdlS2ZozZPAM
Bavarie,https://guide.michelin.com/en/bayern/mnchen/restaurant/bavarie,selected,Munich,Germany,Am Olympiapark 1 Munich Bavaria 80331 DEU,Munich,Bavaria,80331,48.1768601,11.5565826,ChIJ5yP6iX12nkcRuPm6b3ocuB4
Beetle,https://guide.michelin.com/en/bayern/mnchen/restaurant/beetle,selected,Munich,Germany,Schumannstraße 9 Munich Bavaria 80538 DEU,Munich,Bavaria,80538,48.14164,11.60278,ChIJi8VzZMN1nkcRdWeZmL8RGyE
Beletage Zum Schwarzen Kameel,https://guide.michelin.com/en/vienna/wien/restaurant/beletage-zum-schwarzen-kameel,selected,Vienna,Austria,Bognergasse 5 Vienna Vienna 1010 AUT,Vienna,Vienna,1010,48.2100189,16.3682914,ChIJ7Wt7ZJgHbUcRhmIQOTicWhs
Benares,https://guide.michelin.com/en/comunidad-de-madrid/madrid/restaurant/benares480319,selected,Madrid,Spain,Zurbano 5 Madrid Community of Madrid 28010 ESP,Madrid,Community of Madrid,28010,40.4276524,-3.6938998,ChIJ32UGE44oQg0RouojKd-43EU
Benjamin,https://guide.michelin.com/en/prague/prague/restaurant/benjamin,selected,Prague,Czech Republic,Norská 14 Prague Prague 101 00 CZE,Prague,Prague,101 00,50.0719034,14.4555622,ChIJrcq_LXyTC0cRrtwaWkxFo9Y
Benoit,https://guide.michelin.com/en/tokyo-region/tokyo/restaurant/benoit-1207988,selected,Tokyo,Japan,"10F, La Porte Aoyama, 5-51-8 Jingumae, Shibuya-ku Tokyo Tokyo 150-0001 JPN",Tokyo,Tokyo,150-0001,35.6628183,139.7095175,ChIJe1hJhF-LGGARaGEjyx_li2o
Berta,https://guide.michelin.com/en/berlin-region/berlin/restaurant/berta,selected,Berlin,Germany,Stresemannstraße 99 Berlin Berlin 10963 DEU,Berlin,Berlin,10963,52.50585,13.38018,ChIJD-ctKeBRqEcRslmNvtW1RGo
Besta,https://guide.michelin.com/en/catalunya/barcelona/restaurant/besta,selected,Barcelona,Spain,Aribau 106 Barcelona Catalonia 08036 ESP,Barcelona,Catalonia,08036,41.3904503,2.156989400000001,ChIJTdYVPXajpBIRl_r4S5s8i1c
BiBi,https://guide.michelin.com/en/greater-london/london/restaurant/bibi,selected,London,United Kingdom,"42 North Audley Street, Mayfair London Greater London W1K 6ZP GBR",London,Greater London,W1K 6ZP,51.5124392,-0.1533455,ChIJYWoeDNwFdkgRO0iJcsoOUQM
BiBo Madrid,https://guide.michelin.com/en/comunidad-de-madrid/madrid/restaurant/bibo-madrid,selected,Madrid,Spain,Paseo de la Castellana 52 Madrid Community of Madrid 28046 ESP,Madrid,Community of Madrid,28046,40.4356638,-3.688217399999999,ChIJBYxkj-woQg0RQrdATW-Zm2E
Bichopalo,https://guide.michelin.com/en/comunidad-de-madrid/madrid/restaurant/bichopalo,selected,Madrid,Spain,Cristóbal Bordiú 39 Madrid Community of Madrid 28003 ESP,Madrid,Community of Madrid,28003,40.4430547,-3.6978959,ChIJ9WaAE10pQg0RR64iMwj8Hi4
Bisou,https://guide.michelin.com/en/bangkok-region/bangkok/restaurant/bisou,selected,Bangkok,Thailand,"68 Soi Langsuan 9, Lumphini, Pathum Wan Bangkok Bangkok Region 10330 THA",Bangkok,Bangkok Region,10330,13.7376798,100.5420853,ChIJMcFRFM2f4jAR8gUhlUdeXe0
Bistronómika,https://guide.michelin.com/en/comunidad-de-madrid/madrid/restaurant/bistronomika-1154688,selected,Madrid,Spain,Ibiza 44 Madrid Community of Madrid 28009 ESP,Madrid,Community of Madrid,28009,40.4179828,-3.6733538,ChIJo2442ikmQg0RqryTMVr0-Ls
Bistrot at Wild Honey,https://guide.michelin.com/en/greater-london/london/restaurant/bistrot-at-wild-honey,selected,London,United Kingdom,"Sofitel Hotel, 8 Pall Mall, St James’s London Greater London SW1Y 5NG GBR",London,Greater London,SW1Y 5NG,51.5076144,-0.1323317,ChIJd5Bzp_wFdkgRfW83qSncguY
Bistrot de Venise,https://guide.michelin.com/en/veneto/venezia/restaurant/bistrot-de-venise,selected,Venice,Italy,"calle dei Fabbri 4685, sestiere San Marco Venice Veneto 30124 ITA",Venice,Veneto,30124,45.4355689,12.3364874,ChIJAYrmAtqxfkcRcn-5TVq_z34
Bistrot de Yountville,https://guide.michelin.com/en/seoul-capital-area/kr-seoul/restaurant/bistrot-de-yountville,selected,Seoul,South Korea,"13-7 Seolleung-ro 158-gil, Gangnam-gu Seoul Seoul Capital Area 06014 KOR",Seoul,Seoul Capital Area,06014,37.5260412,127.0411927,ChIJWd4hFXikfDURPpkzGW59RdQ
Bium,https://guide.michelin.com/en/seoul-capital-area/kr-seoul/restaurant/bium,selected,Seoul,South Korea,"41 Hakdong-ro 97-gil, Gangnam-gu Seoul Seoul Capital Area 06072 KOR",Seoul,Seoul Capital Area,06072,37.5223968,127.0543923,ChIJNUC-Pz2lfDURMGV1S250AKg
Blauer Bock,https://guide.michelin.com/en/bayern/mnchen/restaurant/blauer-bock,selected,Munich,Germany,Sebastiansplatz 9 Munich Bavaria 80331 DEU,Munich,Bavaria,80331,48.1344066,11.5739138,ChIJJQg8B2DfnUcRTYMjVpShBSw
Bloom,https://guide.michelin.com/en/ile-de-france/paris/restaurant/bloom,selected,Paris,France,99 rue Jouffroy-d'Abbans Paris Ile-de-France 75017 FRA,Paris,Ile-de-France,75017,48.881949,2.301809,ChIJWYknG3dv5kcR5wjfCFNpc6s
Bloom Garden,https://guide.michelin.com/en/ile-de-france/paris/restaurant/bloom-garden,selected,Paris,France,"Bloom House, 23 rue du Château-Landon Paris Ile-de-France 75010 FRA",Paris,Ile-de-France,75010,48.881494,2.3626255,ChIJA1n6SqJv5kcRjEMCcj0PbI4
Bocca di Lupo,https://guide.michelin.com/en/greater-london/london/restaurant/bocca-di-lupo,selected,London,United Kingdom,"12 Archer Street, Soho London Greater London WID 7BB GBR",London,Greater London,WID 7BB,51.5116537,-0.1339499999999999,ChIJfcEFmtMEdkgR9pwP7Z6jOko
Bockem,https://guide.michelin.com/en/prague/prague/restaurant/bockem,selected,Prague,Czech Republic,Elišky Peškové 1095/5 Prague Prague 150 00 CZE,Prague,Prague,150 00,50.0773044,14.4052237,ChIJ84NXbW-VC0cRbLgZps6JxqY
Bolboreta,https://guide.michelin.com/en/comunidad-de-madrid/madrid/restaurant/bolboreta,selected,Madrid,Spain,Ave María 8 Madrid Community of Madrid 28012 ESP,Madrid,Community of Madrid,28012,40.4117562,-3.7003434,ChIJczcynF8nQg0RbJG7DRd3zH0
Bombay Bustle,https://guide.michelin.com/en/greater-london/london/restaurant/bombay-bustle,selected,London,United Kingdom,"29 Maddox Street, Mayfair London Greater London W1S 2PA GBR",London,Greater London,W1S 2PA,51.5129166,-0.1420739,ChIJNTVzkioFdkgRlneHbptnKLc
Bongmilga,https://guide.michelin.com/en/seoul-capital-area/kr-seoul/restaurant/bongmilga,selected,Seoul,South Korea,"664 Seolleung-ro, Gangnam-gu Seoul Seoul Capital Area 06088 KOR",Seoul,Seoul Capital Area,06088,37.5160415,127.0424169,ChIJKZIUL3WkfDURxCDCpyU7-G8
Bongsanok,https://guide.michelin.com/en/seoul-capital-area/kr-seoul/restaurant/bongsanok,selected,Seoul,South Korea,"5-6 Banpo-daero 8-gil, Seocho-gu Seoul Seoul Capital Area 06716 KOR",Seoul,Seoul Capital Area,06716,37.4833446,127.0124339,ChIJBbvAORGhfDURPdc6R5OzGJ8
Borgo Hannam,https://guide.michelin.com/en/seoul-capital-area/kr-seoul/restaurant/borgo-hannam,selected,Seoul,South Korea,"3F, 31 Itaewon-ro 54-gil, Yongsan-gu Seoul Seoul Capital Area 04400 KOR",Seoul,Seoul Capital Area,04400,37.5369898,127.0019655,ChIJEycpD7mjfDURx4dvuWyLSBg
Born and Bred,https://guide.michelin.com/en/busan-region/busan_1025838/restaurant/born-and-bred-1213375,selected,Busan,South Korea,"B1F Paradise Hotel, 296 Haeundaehaebyeon-ro, Haeundae-gu Busan Busan 48099 KOR",Busan,Busan,48099,35.1599291,129.1640967,ChIJX0bpTwSNaDUR94-w-hmpQHQ
Bouchon Racine,https://guide.michelin.com/en/greater-london/london/restaurant/bouchon-racine,selected,London,United Kingdom,"66 Cowcross Street, Clerkenwell London Greater London EC1M 6BP GBR",London,Greater London,EC1M 6BP,51.5200328,-0.1038862,ChIJyUtvKA0bdkgRSlDGC0DA5VM
Bouquet de France,https://guide.michelin.com/en/tokyo-region/tokyo/restaurant/bouquet-de-france,selected,Tokyo,Japan,"2F, 7-10-3 Roppongi, Minato-ku Tokyo Tokyo 106-0032 JPN",Tokyo,Tokyo,106-0032,35.6646047,139.7290787,ChIJE10bA3mLGGARtLFbcIo6YoE
Brabo,https://guide.michelin.com/en/catalunya/barcelona/restaurant/brabo,selected,Barcelona,Spain,Séneca 28 Barcelona Catalonia 08006 ESP,Barcelona,Catalonia,08006,41.3965262,2.155631,ChIJ-SIj1aOjpBIR3MytOwg9tE8
Brach,https://guide.michelin.com/en/ile-de-france/paris/restaurant/brach,selected,Paris,France,1-7 rue Jean-Richepin Paris Ile-de-France 75016 FRA,Paris,Ile-de-France,75016,48.8613299,2.2747033,ChIJ89FXLg9l5kcRoAswSVYTmHg
Brasserie Colette Tim Raue,https://guide.michelin.com/en/bayern/mnchen/restaurant/colette-tim-raue488960,selected,Munich,Germany,Klenzestraße 72 Munich Bavaria 80469 DEU,Munich,Bavaria,80469,48.1268713,11.5699408,ChIJGymGb13fnUcR42wkD59XZLw
Brasserie Cuvilliés,https://guide.michelin.com/en/bayern/mnchen/restaurant/brasserie-cuvillies,selected,Munich,Germany,Kardinal-Faulhaber-Straße 1 Munich Bavaria 80333 DEU,Munich,Bavaria,80333,48.1411728,11.5746063,ChIJdU_x3RV1nkcRFEimxzvfR2k
Brasserie Lamazère,https://guide.michelin.com/en/berlin-region/berlin/restaurant/brasserie-lamazere,selected,Berlin,Germany,Stuttgarter Platz 18 Berlin Berlin 10627 DEU,Berlin,Berlin,10627,52.505175,13.3004972,ChIJB3fCPdxQqEcRJsaF7o0p5lo
Brasserie Les Deux,https://guide.michelin.com/en/bayern/mnchen/restaurant/brasserie-les-deux,selected,Munich,Germany,Maffeistraße 3a Munich Bavaria 80333 DEU,Munich,Bavaria,80333,48.1393859,11.5747171,ChIJJT5JpfR1nkcRG1zJ91or5eg
Brasserie RÉGINE,https://guide.michelin.com/en/osaka-region/osaka/restaurant/brasserie-regine,selected,Osaka,Japan,"1F, The St. Regis Osaka, 3-6-12 Hommachi, Chuo-ku Osaka Osaka 541-0053 JPN",Osaka,Osaka,541-0053,34.6832745,135.5013612,ChIJAAAAAOTmAGARRT2yrCcyQcA
Brawn,https://guide.michelin.com/en/greater-london/london/restaurant/brawn,selected,London,United Kingdom,"49 Columbia Road, Bethnal Green London Greater London E2 7RG GBR",London,Greater London,E2 7RG,51.528968,-0.070239,ChIJr0I4YsccdkgRxIajTnwBuUs
Brion,https://guide.michelin.com/en/ile-de-france/paris/restaurant/brion,selected,Paris,France,17 rue Lamartine Paris Ile-de-France 75009 FRA,Paris,Ile-de-France,75009,48.87640880000001,2.341863,ChIJAZdKRQBv5kcRYra1a9IvCL4
Broeding,https://guide.michelin.com/en/bayern/mnchen/restaurant/broeding,selected,Munich,Germany,Schulstraße 9 Munich Bavaria 80636 DEU,Munich,Bavaria,80636,48.1509718,11.534546,ChIJddc6LRd2nkcRjRDoodYJ3Fk
Brugarol Barcelona,https://guide.michelin.com/en/catalunya/barcelona/restaurant/brugarol-barcelona,selected,Barcelona,Spain,Salomó ben Adret 10 Barcelona Catalonia 08002 ESP,Barcelona,Catalonia,08002,41.3827572,2.1756995,ChIJS9L1GjSjpBIRKQK3W5JIowM
Bubala,https://guide.michelin.com/en/greater-london/london/restaurant/bubala,selected,London,United Kingdom,"65 Commercial Street, Spitalfields London Greater London E1 6BD GBR",London,Greater London,E1 6BD,51.517834,-0.0741481,ChIJS0P_0TwddkgR7Ksa4U9jcnU
Bull & Last,https://guide.michelin.com/en/greater-london/london/restaurant/bull-last,selected,London,United Kingdom,"168 Highgate Road, Dartmouth Park London Greater London NW5 1QS GBR",London,Greater London,NW5 1QS,51.5754776,-0.1508989,ChIJ0TSJWUgadkgRTqirut2U4Mc
Buxbaum,https://guide.michelin.com/en/vienna/wien/restaurant/buxbaum,selected,Vienna,Austria,Grashofgasse 3 Vienna Vienna 1010 AUT,Vienna,Vienna,1010,48.209931,16.376406,ChIJv8G9LaAHbUcR0qiHb0QKT_0
Bà Cô Lốc Cốc,https://guide.michelin.com/en/ho-chi-minh/ho-chi-minh_2978179/restaurant/ba-co-loc-coc,selected,Ho Chi Minh City,Vietnam,"40A Tran Cao Van Street, Ward 6, District 3 Ho Chi Minh City Hồ Chí Minh 722700 VNM",Ho Chi Minh City,Hồ Chí Minh,722700,10.7835475,106.6963549,ChIJFbsjuGwvdTERvVOtaavqSxQ
Bà Diệu (Tran Tong Street),https://guide.michelin.com/en/da-nang-region/da-nang_2984390/restaurant/ba-dieu-tran-tong-street,selected,Da Nang,Vietnam,"17 Tran Tong Street, Thac Gian Ward, Thanh Khe District Da Nang Da Nang Region 550000 VNM",Da Nang,Da Nang Region,550000,16.0585293,108.2108655,ChIJd7-3h7YZQjERMN7x3kzJKr4
Bánh Canh Yến,https://guide.michelin.com/en/da-nang-region/da-nang_2984390/restaurant/banh-canh-yen,selected,Da Nang,Vietnam,"253 Nguyen Hoang Street, Binh Hien Ward, Hai Chau District Da Nang Da Nang Region 550000 VNM",Da Nang,Da Nang Region,550000,16.0576436,108.2131653,ChIJcVrBUSYZQjER5Njau02Z1qI
Bánh Xèo Bà Dưỡng,https://guide.michelin.com/en/da-nang-region/da-nang_2984390/restaurant/banh-xeo-ba-duong,selected,Da Nang,Vietnam,"280/23 Hoang Dieu Street, Nam Duong Ward, Hai Chau District Da Nang Da Nang Region 550000 VNM",Da Nang,Da Nang Region,550000,16.0588772,108.216166,ChIJrSiIJ8oZQjERn2-PvhzOCuU
Bé Mặn,https://guide.michelin.com/en/da-nang-region/da-nang_2984390/restaurant/be-man,selected,Da Nang,Vietnam,"Lot 8, Vo Nguyen Giap Street, Man Thai Ward, Son Tra District Da Nang Da Nang Region 550000 VNM",Da Nang,Da Nang Region,550000,16.0668016,108.2449953,ChIJySI1VxkXQjERUSItJZQgxBE
Béo Ơi,https://guide.michelin.com/en/ho-chi-minh/ho-chi-minh_2978179/restaurant/beo-oi,selected,Ho Chi Minh City,Vietnam,"15/20 Nguyen Thi Minh Khai Street, Ben Nghe Ward, District 1 Ho Chi Minh City Hồ Chí Minh 700000 VNM",Ho Chi Minh City,Hồ Chí Minh,700000,10.7851781,106.7009956,ChIJN19SaGIvdTER2NKR43ylmyM
Bún Bò Huế Cô Như,https://guide.michelin.com/en/ho-chi-minh/ho-chi-minh_2978179/restaurant/bun-bo-hue-co-nhu,selected,Ho Chi Minh City,Vietnam,"274/29 Vo Van Tan Street, Ward 5, District 3 Ho Chi Minh City Hồ Chí Minh 722700 VNM",Ho Chi Minh City,Hồ Chí Minh,722700,10.7725252,106.6855406,ChIJkdgWYncvdTERrtn-2YR11Gk
Bún Chả Cá Bà Hoa,https://guide.michelin.com/en/da-nang-region/da-nang_2984390/restaurant/bun-cha-ca-ba-hoa,selected,Da Nang,Vietnam,"27 Le Hong Phong Street, Phuoc Ninh Ward, Hai Chau District Da Nang Da Nang Region 550000 VNM",Da Nang,Da Nang Region,550000,16.0638499,108.2215014,ChIJO0y6zMwZQjERPpCdjFDoGqg
Bún Riêu Cua 39,https://guide.michelin.com/en/da-nang-region/da-nang_2984390/restaurant/bun-rieu-cua-39,selected,Da Nang,Vietnam,"39 Le Hong Phong Street, Phuoc Ninh Ward, Hai Chau District Da Nang Da Nang Region 550000 VNM",Da Nang,Da Nang Region,550000,16.063851,108.2212605,ChIJyRMhtcwZQjERa6VmuUHnVCk
Bún Thịt Nướng Hoàng Văn,https://guide.michelin.com/en/ho-chi-minh/ho-chi-minh_2978179/restaurant/bun-thit-nuong-hoang-van,selected,Ho Chi Minh City,Vietnam,"137 Chan Hung Street, Ward 6, Tan Binh District Ho Chi Minh City Hồ Chí Minh 736090 VNM",Ho Chi Minh City,Hồ Chí Minh,736090,10.785238,106.6624671,ChIJ166mnOUpdTERx0x9km-PiGk
Bākkō,https://guide.michelin.com/en/comunidad-de-madrid/madrid/restaurant/bakko,selected,Madrid,Spain,"Lopez De Hoyos, 9 Madrid Community of Madrid 28006 ESP",Madrid,Community of Madrid,28006,40.4371326,-3.6874227,ChIJQ_cYmQYpQg0R-KG-A2CqLIo
Bếp Cuốn,https://guide.michelin.com/en/da-nang-region/da-nang_2984390/restaurant/bep-cuon,selected,Da Nang,Vietnam,"31-33 Tran Bach Dang Street, Phuoc My Ward, Son Tra District Da Nang Da Nang Region 550000 VNM",Da Nang,Da Nang Region,550000,16.0579628,108.2451505,ChIJ-UgnY_QXQjERJTTHpNvcFNw
Bếp Hên,https://guide.michelin.com/en/da-nang-region/da-nang_2984390/restaurant/bep-hen,selected,Da Nang,Vietnam,"47 Le Hong Phong Street, Phuoc Ninh Ward, Hai Chau District Da Nang Da Nang Region 840236 VNM",Da Nang,Da Nang Region,840236,16.0639161,108.2210361,ChIJxWYwXbgZQjER6Lk0IHjtq0k
Bếp Người Hội An,https://guide.michelin.com/en/ho-chi-minh/ho-chi-minh_2978179/restaurant/bep-nguoi-hoi-an,selected,Ho Chi Minh City,Vietnam,"22 Tran Quoc Toan Street, Ward 8, District 3 Ho Chi Minh City Hồ Chí Minh 72408 VNM",Ho Chi Minh City,Hồ Chí Minh,72408,10.788575,106.6888751,ChIJF4nax8cvdTEREs6Ts7ddQq8
Bờm,https://guide.michelin.com/en/ho-chi-minh/ho-chi-minh_2978179/restaurant/bom-1205510,selected,Ho Chi Minh City,Vietnam,"24 Nguyen Thi Nghia Street, Ben Thanh Ward, District 1 Ho Chi Minh City Hồ Chí Minh 71009 VNM",Ho Chi Minh City,Hồ Chí Minh,71009,10.7705834,106.6936324,ChIJm4AG804vdTEROb9iGC1EnAs
CARTE BLANCHE,https://guide.michelin.com/en/berlin-region/berlin/restaurant/carte-blanche,selected,Berlin,Germany,Drakestraße 1 Berlin Berlin 10787 DEU,Berlin,Berlin,10787,52.5098284,13.34589,ChIJx3GZIcpRqEcRd-TKQcgWDqE
CIRPAS,https://guide.michelin.com/en/tokyo-region/tokyo/restaurant/cirpas,selected,Tokyo,Japan,"4-2-7 Shirokanedai, Minato-ku Tokyo Tokyo 108-0071 JPN",Tokyo,Tokyo,108-0071,35.6393592,139.7281112,ChIJo8s-OqOLGGARArFFWR0r_H0
Cabotte,https://guide.michelin.com/en/greater-london/london/restaurant/cabotte,selected,London,United Kingdom,"48 Gresham Street, City of London London Greater London EC2V 7AY GBR",London,Greater London,EC2V 7AY,51.5149331,-0.0916843,ChIJ3U9mLVUDdkgRdfbt1z2qjXQ
Cadet,https://guide.michelin.com/en/greater-london/london/restaurant/cadet-1218114,selected,London,United Kingdom,"57 Newington Green, Islington London Greater London N16 9PX GBR",London,Greater London,N16 9PX,51.5513399,-0.0860447999999999,ChIJ6QTbOHcddkgRnzvnEL-Y-mU
Cafe Cecilia,https://guide.michelin.com/en/greater-london/london/restaurant/cafe-cecilia,selected,London,United Kingdom,"Canal Place, 32 Andrews Road, Dalston London Greater London E8 4FX GBR",London,Greater London,E8 4FX,51.534556,-0.0601229999999999,ChIJCX4xlukddkgR8tsZRDamZIY
Café Deco,https://guide.michelin.com/en/greater-london/london/restaurant/cafe-deco,selected,London,United Kingdom,"43 Store Street, Fitzrovia London Greater London WC1E 7DB GBR",London,Greater London,WC1E 7DB,51.5201835,-0.1305242999999999,ChIJXfFmCi4bdkgRsVdN6uqy7LE
Café Imperial,https://guide.michelin.com/en/prague/prague/restaurant/cafe-imperial,selected,Prague,Czech Republic,Na Poříčí 15 Prague Prague 110 00 CZE,Prague,Prague,110 00,50.0897986,14.4326642,ChIJRb_BWJWUC0cR6fPiFiQI6p8
Caia,https://guide.michelin.com/en/greater-london/london/restaurant/caia,selected,London,United Kingdom,"46 Golborne Road, Notting Hill London Greater London W10 5PR GBR",London,Greater London,W10 5PR,51.5226641,-0.20761,ChIJ_fpMZjIRdkgRiac_zdVgpBE
Caja de Cerillas,https://guide.michelin.com/en/comunidad-de-madrid/madrid/restaurant/caja-de-cerillas,selected,Madrid,Spain,"Donoso Cortés, 8 Madrid Community of Madrid 28015 ESP",Madrid,Community of Madrid,28015,40.4361603,-3.7054533,ChIJK6zvHpgpQg0R046koe1ld-E
Camille,https://guide.michelin.com/en/greater-london/london/restaurant/camille-1213972,selected,London,United Kingdom,"2-3 Stoney Street, Borough Market, Southwark London Greater London SE1 9AA GBR",London,Greater London,SE1 9AA,51.5050373,-0.0908081999999999,ChIJM8wydFcDdkgR1VMuBfgCMjo
Campocori,https://guide.michelin.com/en/lazio/roma/restaurant/campocori,selected,Rome,Italy,via di Santa Maria de' Calderari 49 Rome Lazio 00186 ITA,Rome,Lazio,00186,41.893204,12.4757241,ChIJazkDjcdhLxMRj5-WnvGr0vE
Can Bo,https://guide.michelin.com/en/catalunya/barcelona/restaurant/can-bo,selected,Barcelona,Spain,Via Laietana 30 Barcelona Catalonia 08003 ESP,Barcelona,Catalonia,08003,41.3849695,2.1776631,ChIJ77-9JtmjpBIRW2SGb4Lk-DQ
Canteen,https://guide.michelin.com/en/greater-london/london/restaurant/canteen,selected,London,United Kingdom,"310 Portobello Road, Notting Hill London Greater London W10 5TA GBR",London,Greater London,W10 5TA,51.5210022,-0.2093261,ChIJ02QECgkRdkgR_4meeUf8Kws
Cantinetta Antinori,https://guide.michelin.com/en/greater-london/london/restaurant/cantinetta-antinori-1209471,selected,London,United Kingdom,"4 Harriet Street, Belgravia London Greater London SW1X 9JR GBR",London,Greater London,SW1X 9JR,51.5001614,-0.1594667,ChIJ9Sq62JgFdkgRqOv-MyjSlDI
Canton Meisai Akasaka Rikyu,https://guide.michelin.com/en/tokyo-region/tokyo/restaurant/canton-meisai-akasaka-rikyu,selected,Tokyo,Japan,"2F, Akasaka Biz Tower, 5-3-1 Akasaka, Minato-ku Tokyo Tokyo 107-6302 JPN",Tokyo,Tokyo,107-6302,35.667736,139.740863,ChIJSbSAbIWLGGARnZwAjCCsVAQ
Capet,https://guide.michelin.com/en/catalunya/barcelona/restaurant/capet,selected,Barcelona,Spain,Cometa 5 Barcelona Catalonia 08002 ESP,Barcelona,Catalonia,08002,41.3821978,2.1790909,ChIJH_F3JwijpBIRMbZxHkfX_RM
Casa Mortero,https://guide.michelin.com/en/comunidad-de-madrid/madrid/restaurant/casa-mortero,selected,Madrid,Spain,Zorrilla 9 Madrid Community of Madrid 28014 ESP,Madrid,Community of Madrid,28014,40.4167883,-3.6972458,ChIJ8x6gWjkpQg0RYWYqSPriqfg
Casa de Comidas,https://guide.michelin.com/en/comunidad-de-madrid/madrid/restaurant/casa-de-comidas,selected,Madrid,Spain,Padre Damián 23 Madrid Community of Madrid 28001 ESP,Madrid,Community of Madrid,28001,40.4585531,-3.6859852,ChIJt_rODr0pQg0RXjiXn7px2Kg
Cañete,https://guide.michelin.com/en/catalunya/barcelona/restaurant/canete,selected,Barcelona,Spain,Unió 17 Barcelona Catalonia 08001 ESP,Barcelona,Catalonia,08001,41.37915280000001,2.173125,ChIJGcsrQViipBIRY_vN9Piydxw
Celadon,https://guide.michelin.com/en/bangkok-region/bangkok/restaurant/celadon,selected,Bangkok,Thailand,"GF, The Sukhothai Hotel, 13/3 Sathon Tai Road, Thung Maha Mek, Sathon Bangkok Bangkok Region 10120 THA",Bangkok,Bangkok Region,10120,13.7239341,100.540519,ChIJN4cj9y-f4jARHUb11OiA9yg
Cestello Firenze,https://guide.michelin.com/en/toscana/firenze/restaurant/cestello-ristoclub,selected,Florence,Italy,piazza di Cestello 8 Florence Tuscany 50124 ITA,Florence,Tuscany,50124,43.770298,11.2435426,ChIJeR_oHa1WKhMRDfOkeHQekis
Chaconne,https://guide.michelin.com/en/seoul-capital-area/kr-seoul/restaurant/chaconne,selected,Seoul,South Korea,"1F, Building 102, Yeoksam Hills, 23 Nonhyeon-ro 97-gil, Gangnam-gu Seoul Seoul Capital Area 06131 KOR",Seoul,Seoul Capital Area,06131,37.5027479,127.0337642,ChIJwevSQgCjfDUR9rAlL8RLzbc
Chang Bistro,https://guide.michelin.com/en/bayern/mnchen/restaurant/chang-bistro,selected,Munich,Germany,Wolfratshauser Straße 268 Munich Bavaria 81479 DEU,Munich,Bavaria,81479,48.0718015,11.5189861,ChIJc6IXD03ZnUcRuBVFJQi8nr4
Chaoran,https://guide.michelin.com/en/busan-region/busan_1025838/restaurant/chaoran,selected,Busan,South Korea,"5F Signiel, 30 Dalmaji-gil, Haeundae-gu Busan Busan 48099 KOR",Busan,Busan,48099,35.1600351,129.169251,ChIJf3jCP6GNaDURgmmMld0a55Q
Charmgang,https://guide.michelin.com/en/bangkok-region/bangkok/restaurant/charmgang,selected,Bangkok,Thailand,"14 Soi Charoenkrung 35, Talat Noi, Samphanthawong Bangkok Bangkok Region 10100 THA",Bangkok,Bangkok Region,10100,13.7327791,100.515087,ChIJVfEm3omZ4jARgvvkaIhAh7o
Charoen Saeng Silom,https://guide.michelin.com/en/bangkok-region/bangkok/restaurant/charoen-saeng-silom,selected,Bangkok,Thailand,"492/6 Soi Charoen Krung 49, Silom Road, Suriyawong, Bang Rak Bangkok Bangkok Region 10500 THA",Bangkok,Bangkok Region,10500,13.7228017,100.5168825,ChIJN7WtOMWY4jAR871Dy2U8mbA
Chat Qui Rit,https://guide.michelin.com/en/veneto/venezia/restaurant/chat-qui-rit,selected,Venice,Italy,"calle Tron, sestiere San Marco 1131 Venice Veneto 30124 ITA",Venice,Veneto,30124,45.4343999,12.3360687,ChIJSZ1RrdCxfkcRsgjblj4FTHo
Chef Gon,https://guide.michelin.com/en/busan-region/busan_1025838/restaurant/chef-gon,selected,Busan,South Korea,"12 Junggu-ro 23 beon-gil, Jung-gu Busan Busan 48978 KOR",Busan,Busan,48978,35.1001034,129.0272893,ChIJn6mNCAXpaDURLAqdkiABRbo
Chef Man (Sathon),https://guide.michelin.com/en/bangkok-region/bangkok/restaurant/chef-man-sathon,selected,Bangkok,Thailand,"3F, Eastin Grand Sathorn, 33/1 Sathon Tai Road, Yan Nawa, Sathon Bangkok Bangkok Region 10120 THA",Bangkok,Bangkok Region,10120,13.7187261,100.5219136,ChIJs1lh3M6Y4jARK0_A-U8ZcFo
Chez Inno,https://guide.michelin.com/en/tokyo-region/tokyo/restaurant/chez-inno,selected,Tokyo,Japan,"2-4-16 Kyobashi, Chuo-ku Tokyo Tokyo 104-0031 JPN",Tokyo,Tokyo,104-0031,35.6768688,139.7688228,ChIJJ4sWQOOLGGARW3M1A4pP4yE
Chez Nous Private Kitchen,https://guide.michelin.com/en/seoul-capital-area/kr-seoul/restaurant/chez-nous,selected,Seoul,South Korea,"3F, 210-6 Noksapyeong-Daero, Yongsan-gu Seoul Seoul Capital Area 04345 KOR",Seoul,Seoul Capital Area,04345,37.5363846,126.9873836,ChIJxV46qdCjfDURO8r93s3E_7g
Chez Olivier,https://guide.michelin.com/en/tokyo-region/tokyo/restaurant/chez-olivier,selected,Tokyo,Japan,"4-1-10 Kudanminami, Chiyoda-ku Tokyo Tokyo 102-0074 JPN",Tokyo,Tokyo,102-0074,35.6916086,139.7411897,ChIJS7K7SWaMGGAR1iNGLScnIIc
Chez Simon,https://guide.michelin.com/en/seoul-capital-area/kr-seoul/restaurant/chez-simon,selected,Seoul,South Korea,"3F, 66 Hoenamu-ro, Yongsan-gu Seoul Seoul Capital Area 04003 KOR",Seoul,Seoul Capital Area,04003,37.5401432,126.993933,ChIJPe4H9cWifDUR763SM6dZJsw
China Crown,https://guide.michelin.com/en/comunidad-de-madrid/madrid/restaurant/china-crown,selected,Madrid,Spain,Don Ramón de la Cruz 6 Madrid Community of Madrid 28001 ESP,Madrid,Community of Madrid,28001,40.4291417,-3.6863987,ChIJV9TZUDApQg0REPFSN5kaNZU
Chiso Koryu,https://guide.michelin.com/en/tokyo-region/tokyo/restaurant/chiso-koryu,selected,Tokyo,Japan,"5F, 5-14-14 Ginza, Chuo-ku Tokyo Tokyo 104-0061 JPN",Tokyo,Tokyo,104-0061,35.6684684,139.7612701,ChIJu3eG8uiLGGAR14kVvD_YrHI
Chiso Takayama,https://guide.michelin.com/en/tokyo-region/tokyo/restaurant/chiso-takayama,selected,Tokyo,Japan,"9F, 2-7-23 Minamiazabu, Minato-ku Tokyo Tokyo 106-0047 JPN",Tokyo,Tokyo,106-0047,35.6499377,139.7371162,ChIJK4KkZP6LGGARPya7oAjAPuA
Chop Chop Cook Shop,https://guide.michelin.com/en/bangkok-region/bangkok/restaurant/chop-chop-cook-shop,selected,Bangkok,Thailand,"328 Yaowarat Road, Chakkrawat, Samphanthawong Bangkok Bangkok Region 10100 THA",Bangkok,Bangkok Region,10100,13.741431,100.5076983,ChIJ0X4rpNSZ4jARqOFD2zdjaOg
Chugoku Hanten Kohakukyu (Amber Palace),https://guide.michelin.com/en/tokyo-region/tokyo/restaurant/chugoku-hanten-kohakukyu-amber-palace,selected,Tokyo,Japan,"5F, Palace Hotel Tokyo, 1-1-1 Marunouchi, Chiyoda-ku Tokyo Tokyo 100-0005 JPN",Tokyo,Tokyo,100-0005,35.6845001,139.7612211,ChIJdX2LBQiMGGAR1NXXf0LrKQA
Chugokusai HINA,https://guide.michelin.com/en/tokyo-region/tokyo/restaurant/chugokusai-hina,selected,Tokyo,Japan,"3F, 2-16-12 Kamimeguro, Meguro-ku Tokyo Tokyo 153-0051 JPN",Tokyo,Tokyo,153-0051,35.6421303,139.6977086,ChIJuU0mS-D1GGARYlJZhL_hsVY
Chukashunsai Morimoto,https://guide.michelin.com/en/osaka-region/osaka/restaurant/chukashunsai-morimoto,selected,Osaka,Japan,"B1F, 1-4-14 Shinsaibashisuji, Chuo-ku Osaka Osaka 542-0085 JPN",Osaka,Osaka,542-0085,34.6728415439572,135.501698699013,ChIJLQrn0hbnAGARvK2yWOLKsV4
Cibrèo,https://guide.michelin.com/en/toscana/firenze/restaurant/cibreo,selected,Florence,Italy,via A. Del Verrocchio 8r Florence Tuscany 50122 ITA,Florence,Tuscany,50122,43.771132,11.266452,ChIJdfa2fiRVKhMR7DO_n2gJ6aE
Cicoria,https://guide.michelin.com/en/greater-london/london/restaurant/cicoria,selected,London,United Kingdom,"5th Floor, Royal Opera House, Bow Street, Covent Garden London Greater London WC2E 9DD GBR",London,Greater London,WC2E 9DD,51.51264260000001,-0.1222241999999999,ChIJT6opgYwFdkgRrK7Ld542A8U
CLARA,https://guide.michelin.com/en/bangkok-region/bangkok/restaurant/clara,selected,Bangkok,Thailand,"69 Soi Prasat Suk, Chong Nonsi, Yan Nawa Bangkok Bangkok Region 10120 THA",Bangkok,Bangkok Region,10120,13.7162916345729,100.548691466835,ChIJpb4RS-qf4jARQyJUXmfLIss
Clarke's,https://guide.michelin.com/en/greater-london/london/restaurant/clarke-s,selected,London,United Kingdom,"124 Kensington Church Street, Kensington London Greater London W8 4BH GBR",London,Greater London,W8 4BH,51.5070486,-0.1943833999999999,ChIJ01L60vsPdkgRB-UGY6_FoF0
Claro,https://guide.michelin.com/en/greater-london/london/restaurant/claro-1218072,selected,London,United Kingdom,"12 Waterloo Place, St James's London Greater London SW1Y 4AU GBR",London,Greater London,SW1Y 4AU,51.50761960000001,-0.1332274,ChIJa0lD7foFdkgRbWHThMeKaCY
Claro,https://guide.michelin.com/en/osaka-region/osaka/restaurant/claro-1208714,selected,Osaka,Japan,"4-18 Matsuyamachi, Chuo-ku Osaka Osaka 542-0067 JPN",Osaka,Osaka,542-0067,34.6742156,135.5123556,ChIJx1LTncjnAGARULzW_WqMixs
Clipstone,https://guide.michelin.com/en/greater-london/london/restaurant/clipstone,selected,London,United Kingdom,"5 Clipstone Street, Fitzrovia London Greater London W1W 6BB GBR",London,Greater London,W1W 6BB,51.52083140000001,-0.1421667,ChIJKZ34DdYadkgRc77GSMZZBmc
Clos Des Gourmets,https://guide.michelin.com/en/tokyo-region/tokyo/restaurant/clos-des-gourmets,selected,Tokyo,Japan,"2F, 3-18-4 Shirokanedai, Minato-ku Tokyo Tokyo 108-0071 JPN",Tokyo,Tokyo,108-0071,35.6353086,139.7208881,ChIJmzxks_eLGGARaCgZgPse04o
Clos Maggiore,https://guide.michelin.com/en/greater-london/london/restaurant/clos-maggiore,selected,London,United Kingdom,"33 King Street, Covent Garden London Greater London WC2E 8JD GBR",London,Greater London,WC2E 8JD,51.5116945,-0.1247301,ChIJFWhXXcwEdkgRkKBKheUNnC4
Cloth,https://guide.michelin.com/en/greater-london/london/restaurant/cloth,selected,London,United Kingdom,"44 Cloth Fair, City of London London Greater London EC1A 7JQ GBR",London,Greater London,EC1A 7JQ,51.5188691,-0.1000863999999999,ChIJObQrEcgbdkgRaFyLFN5C6rM
Clover Saint-Germain,https://guide.michelin.com/en/ile-de-france/paris/restaurant/clover-saint-germain,selected,Paris,France,5 rue Perronet Paris Ile-de-France 75007 FRA,Paris,Ile-de-France,75007,48.8610135,2.3419764,ChIJP_BofyFu5kcRWFi09oBCEDE
Coda,https://guide.michelin.com/en/prague/prague/restaurant/coda-1217172,selected,Prague,Czech Republic,Tržiště 9 Prague Prague 11000 CZE,Prague,Prague,11000,50.0871271,14.4026458,ChIJf0KeauKUC0cR2QFOzFdQHJc
Collage,https://guide.michelin.com/en/seoul-capital-area/kr-seoul/restaurant/collage,selected,Seoul,South Korea,"2F Ananti at Gangnam, 11 Nonhyeon-ro 136-gil, Gangnam-gu Seoul Seoul Capital Area 06051 KOR",Seoul,Seoul Capital Area,06051,37.5161887,127.0309946,ChIJEUtuhoCnfDURX--PABdLcnU
Compartir Barcelona,https://guide.michelin.com/en/catalunya/barcelona/restaurant/compartir-barcelona,selected,Barcelona,Spain,Valencia 225 Barcelona Catalonia 08007 ESP,Barcelona,Catalonia,08007,41.3912453,2.1610452,ChIJiXpDw4GjpBIRx7GajMCgPHE
Continental,https://guide.michelin.com/en/seoul-capital-area/kr-seoul/restaurant/continental,selected,Seoul,South Korea,"23F The Shilla Hotel, 249 Dongho-ro, Jung-gu Seoul Seoul Capital Area 04605 KOR",Seoul,Seoul Capital Area,04605,37.5555698,127.0053793,ChIJ6xPyuhqjfDURdwrynnNFQIE
Contraban,https://guide.michelin.com/en/catalunya/barcelona/restaurant/contraban,selected,Barcelona,Spain,Riudarenes 7 Barcelona Catalonia 08002 ESP,Barcelona,Catalonia,08002,41.3809626,2.1795896,ChIJoeF3VP-ipBIRQ14Q2MP_ds0
Contrastes by Diego Ferreira,https://guide.michelin.com/en/comunidad-de-madrid/madrid/restaurant/contrastes-by-diego-ferreira,selected,Madrid,Spain,Jorge Juan 56 Madrid Community of Madrid 28001 ESP,Madrid,Community of Madrid,28001,40.4234596,-3.6796792,ChIJlbDfPaEpQg0RHbHdOTiWSz8
Coquetto Bar,https://guide.michelin.com/en/comunidad-de-madrid/madrid/restaurant/coquetto,selected,Madrid,Spain,Fortuny 2 Madrid Community of Madrid 28010 ESP,Madrid,Community of Madrid,28010,40.4282392,-3.6909445,ChIJlRVjoNEpQg0RS0yvmSK7Neo
Cora Pearl,https://guide.michelin.com/en/greater-london/london/restaurant/cora-pearl,selected,London,United Kingdom,"30 Henrietta Street, Covent Garden London Greater London WC2E 8NA GBR",London,Greater London,WC2E 8NA,51.5112194,-0.1236318,ChIJpXVfg3QFdkgR3QFeKXdNHEQ
Cord by Le Cordon Bleu,https://guide.michelin.com/en/greater-london/london/restaurant/cord,selected,London,United Kingdom,"85 Fleet Street, City of London London Greater London EC4Y 1AE GBR",London,Greater London,EC4Y 1AE,51.5139387,-0.105942,ChIJoSa8jZAFdkgR4FD9ZHZhzSU
Cornamusa Cibeles,https://guide.michelin.com/en/comunidad-de-madrid/madrid/restaurant/cornamusa-cibeles,selected,Madrid,Spain,Plaza de Cibeles 1 Madrid Community of Madrid 28014 ESP,Madrid,Community of Madrid,28014,40.4189339,-3.6921521,ChIJ5wnDBBApQg0RLYK34xgW2Uw
Corsario Madrid,https://guide.michelin.com/en/comunidad-de-madrid/madrid/restaurant/corsario-madrid,selected,Madrid,Spain,Tamayo y Baus 1 Madrid Community of Madrid 28004 ESP,Madrid,Community of Madrid,28004,40.4226353,-3.6932456,ChIJsxaMeMEpQg0R9PlNRy8YbQA
Corte Sconta,https://guide.michelin.com/en/veneto/venezia/restaurant/corte-sconta,selected,Venice,Italy,"calle del Pestrin, sestiere Castello 3886 Venice Veneto 30122 ITA",Venice,Veneto,30122,45.4347585,12.3479577,ChIJb3wPKtmxfkcRkgz0O_Owlv0
CottoCrudo,https://guide.michelin.com/en/prague/prague/restaurant/cottocrudo,selected,Prague,Czech Republic,Veleslavínova 1098/2A Prague Prague 110 00 CZE,Prague,Prague,110 00,50.0878026,14.4144763,ChIJ0VtqEuaUC0cRKxpyZh3aRgY
Counter 71,https://guide.michelin.com/en/greater-london/london/restaurant/counter-71,selected,London,United Kingdom,"71 Nile Street, Shoreditch London Greater London N1 7RD GBR",London,Greater London,N1 7RD,51.5295001,-0.0879385999999999,ChIJO-qzc7gddkgREfrFyPe7Nk8
Crystal Jade,https://guide.michelin.com/en/seoul-capital-area/kr-seoul/restaurant/crystal-jade,selected,Seoul,South Korea,"B1F, 16 Namdaemun-ro 7-gil, Jung-gu Seoul Seoul Capital Area 04533 KOR",Seoul,Seoul Capital Area,04533,37.5641542,126.9811848,ChIJGe7h9PGifDURfym1y-WkWjg
Cô Liêng,https://guide.michelin.com/en/ho-chi-minh/ho-chi-minh_2978179/restaurant/co-lieng,selected,Ho Chi Minh City,Vietnam,"321 Vo Van Tan Street, Ward 5, District 3 Ho Chi Minh City Hồ Chí Minh 72407 VNM",Ho Chi Minh City,Hồ Chí Minh,72407,10.7715869,106.6857985,ChIJt7zBDyMvdTER1_irv-fw9HM
Cơm Gà Lan,https://guide.michelin.com/en/da-nang-region/da-nang_2984390/restaurant/com-ga-lan,selected,Da Nang,Vietnam,"520 Trung Nu Vuong Street, Hoa Thuan Tay Ward, Hai Chau District Da Nang Da Nang Region 550000 VNM",Da Nang,Da Nang Region,550000,16.0486692,108.2130748,ChIJo9DC-8UZQjERPRgnb7gc2fI
DA PEPI,https://guide.michelin.com/en/tokyo-region/tokyo/restaurant/da-pepi,selected,Tokyo,Japan,"4-25-6 Sengoku, Bunkyo-ku Tokyo Tokyo 112-0011 JPN",Tokyo,Tokyo,112-0011,35.7303256,139.7394606,ChIJ66IIf6KNGGARi0UYgSsX_Dk
DAN,https://guide.michelin.com/en/tokyo-region/tokyo/restaurant/dan-1212783,selected,Tokyo,Japan,"4-34-10 Daizawa, Setagaya-ku Tokyo Tokyo 155-0032 JPN",Tokyo,Tokyo,155-0032,35.6535605,139.6722874,ChIJ__8YmOfzGGARr5MTlG5yEzQ
DEN KUSHI FLORI,https://guide.michelin.com/en/tokyo-region/tokyo/restaurant/den-kushi-flori,selected,Tokyo,Japan,"B1F, 5-46-7 Jingumae, Shibuya-ku Tokyo Tokyo 150-0001 JPN",Tokyo,Tokyo,150-0001,35.6639239,139.7089333,ChIJaavk9JeNGGARiR_VC8ekgdg
DIREKTE,https://guide.michelin.com/en/catalunya/barcelona/restaurant/direkte-boqueria,selected,Barcelona,Spain,París 200 Barcelona Catalonia 08008 ESP,Barcelona,Catalonia,08008,41.3942552,2.1544108,ChIJTaJxOoOjpBIRbkrwu78MrA0
DIVA,https://guide.michelin.com/en/osaka-region/osaka/restaurant/diva-1242557,selected,Osaka,Japan,"6-1-29 Tenjimbashi, Kita-ku Osaka Osaka 530-0041 JPN",Osaka,Osaka,530-0041,34.7089968699759,135.512361702962,ChIJF7dEagDnAGARzbJryRlPntU
Da Cesare,https://guide.michelin.com/en/lazio/roma/restaurant/da-cesare,selected,Rome,Italy,via Crescenzio 13 Rome Lazio 00193 ITA,Rome,Lazio,00193,41.9052682,12.4680404,ChIJPyfSQllgLxMRXRlxkZIYb4c
Dae Mon,https://guide.michelin.com/en/berlin-region/berlin/restaurant/dae-mon,selected,Berlin,Germany,Monbijouplatz 11 Berlin Berlin 10178 DEU,Berlin,Berlin,10178,52.52276990000001,13.399358,ChIJMSwDTudRqEcRz6qTF1A-3CU
Daikanyama Issai Kassai,https://guide.michelin.com/en/tokyo-region/tokyo/restaurant/daikanyama-issai-kassai,selected,Tokyo,Japan,"B1F, 2-5 Sarugakucho, Shibuya-ku Tokyo Tokyo 150-0033 JPN",Tokyo,Tokyo,150-0033,35.6529873,139.7048291,ChIJB6S3z1SLGGARTsQsdYyj5aA
Dallmayr Bar & Grill,https://guide.michelin.com/en/bayern/mnchen/restaurant/dallmayr-bar-grill,selected,Munich,Germany,Dienerstraße 14 Munich Bavaria 80331 DEU,Munich,Bavaria,80331,48.1383073,11.577278,ChIJY8hQE4N1nkcRtRwbt285E08
Dama Restaurant,https://guide.michelin.com/en/veneto/venezia/restaurant/dama-restaurant,selected,Venice,Italy,"Fondamenta Savorgnan 461, Cannaregio Venice Veneto 30121 ITA",Venice,Veneto,30121,45.4444309,12.323638,ChIJocmHN8KxfkcR5AejdWA0HjM
Dante,https://guide.michelin.com/en/ile-de-france/paris/restaurant/dante,selected,Paris,France,14 rue de Paradis Paris Ile-de-France 75010 FRA,Paris,Ile-de-France,75010,48.8747181,2.3540222,ChIJewApsjtv5kcRhX25uxAbxiE
Dantte,https://guide.michelin.com/en/comunidad-de-madrid/madrid/restaurant/dantte,selected,Madrid,Spain,Santa Engracia 32 Madrid Community of Madrid 28010 ESP,Madrid,Community of Madrid,28010,40.4315302,-3.6970568,ChIJc1zKawApQg0RMaxVN_FpXxU
Darjeeling Express,https://guide.michelin.com/en/greater-london/london/restaurant/darjeeling-express-1209884,selected,London,United Kingdom,"2.1-2.4 Kingly Court, Carnaby Street, Soho London Greater London W1B 5PW GBR",London,Greater London,W1B 5PW,51.512541,-0.1389043,ChIJedBoD9UEdkgRnEfxjGeFIpY
Das Obers,https://guide.michelin.com/en/bayern/mnchen/restaurant/das-obers,selected,Munich,Germany,Gerner Straße 48 Munich Bavaria 80638 DEU,Munich,Bavaria,80638,48.1614136,11.5241872,ChIJSVOrZYt3nkcR8BO6TP4JBiY
Das Tschecherl,https://guide.michelin.com/en/bayern/mnchen/restaurant/das-tschecherl,selected,Munich,Germany,Amalienstraße 89 Munich Bavaria 80799 DEU,Munich,Bavaria,80799,48.151693,11.5783278,ChIJnY7Mj0F1nkcRWfvWwo6xu4Y
De Mark,https://guide.michelin.com/en/noord-holland/amsterdam/restaurant/de-mark,selected,Amsterdam,Netherlands,Durgerdammerdijk 73 Amsterdam Noord-Holland 1026 CB NLD,Amsterdam,Noord-Holland,1026 CB,52.3775018,4.9885891,ChIJe213ecMPxkcRRj1WoOoV1tU
De Tempore,https://guide.michelin.com/en/seoul-capital-area/kr-seoul/restaurant/de-tempore,selected,Seoul,South Korea,"37 Hannam-daero, Yongsan-gu Seoul Seoul Capital Area 04410 KOR",Seoul,Seoul Capital Area,04410,37.5322168,127.0081236,ChIJw6pShk6jfDURFuCv76NTH_8
Dear Jackie,https://guide.michelin.com/en/greater-london/london/restaurant/dear-jackie,selected,London,United Kingdom,"20 Broadwick Street, Soho London Greater London W1F 8HT GBR",London,Greater London,W1F 8HT,51.5138508,-0.1354063,ChIJL_FjtrsFdkgRxwwwN7_f_XQ
Decimo,https://guide.michelin.com/en/greater-london/london/restaurant/decimo,selected,London,United Kingdom,"10 Argyle Street, King’s Cross London Greater London WC1H 8EG GBR",London,Greater London,WC1H 8EG,51.5294876,-0.1243017999999999,ChIJ_VB55DAbdkgR0xpANj2LtSg
Del Fagioli,https://guide.michelin.com/en/toscana/firenze/restaurant/del-fagioli,selected,Florence,Italy,corso Tintori 47 r Florence Tuscany 50122 ITA,Florence,Tuscany,50122,43.7675005,11.2596794,ChIJYeRTYwdUKhMRt_pyei963YQ
Delaunay,https://guide.michelin.com/en/greater-london/london/restaurant/delaunay,selected,London,United Kingdom,"55 Aldwych, Covent Garden London Greater London WC2B 4BB GBR",London,Greater London,WC2B 4BB,51.5131702,-0.1182237,ChIJXa4DOrEFdkgRCIL8VuFkFK4
Deliri,https://guide.michelin.com/en/catalunya/barcelona/restaurant/deliri,selected,Barcelona,Spain,Còrsega 242 Barcelona Catalonia 08036 ESP,Barcelona,Catalonia,08036,41.3930221,2.154871,ChIJU5ApShWjpBIRYYLPkYLiLuI
DepTH brianza,https://guide.michelin.com/en/tokyo-region/tokyo/restaurant/depth-brianza,selected,Tokyo,Japan,"2F, Azabudai Hills Residence A, 1-2-3 Azabudai, Minato-ku Tokyo Tokyo 106-0041 JPN",Tokyo,Tokyo,106-0041,35.662088,139.7401452,ChIJdzWqCcOLGGARb3m3jYm7m8U
Der Dantler,https://guide.michelin.com/en/bayern/mnchen/restaurant/der-dantler,selected,Munich,Germany,Werinherstraße 15 Munich Bavaria 81541 DEU,Munich,Bavaria,81541,48.1154281,11.5828781,ChIJt9_JG3PfnUcR8_W1vv8tlAc
Dergi Praha,https://guide.michelin.com/en/prague/prague/restaurant/dergi-praha,selected,Prague,Czech Republic,Revoluční 25 Prague Prague 11000 CZE,Prague,Prague,11000,50.0924678,14.4270242,ChIJz-KRJkWVC0cRO3QqoB0KFSc
Diana's Place,https://guide.michelin.com/en/lazio/roma/restaurant/diana-s-place,selected,Rome,Italy,via Volturno 54 Rome Lazio 00185 ITA,Rome,Lazio,00185,41.903861,12.500713,ChIJK1BOKadhLxMR7aCoFvd8Ovk
Divinis,https://guide.michelin.com/en/prague/prague/restaurant/divinis,selected,Prague,Czech Republic,Týnská 21 Prague Prague 110 00 CZE,Prague,Prague,110 00,50.0888882,14.4240776,ChIJmSwPKuqUC0cRSq2qOjxC27c
Dogma,https://guide.michelin.com/en/lazio/roma/restaurant/dogma,selected,Rome,Italy,piazza Zama 34 Rome Lazio 00183 ITA,Rome,Lazio,00183,41.8760866,12.5093224,ChIJhW9wJ-9hLxMRXv3Nyb5HH04
Donostia,https://guide.michelin.com/en/greater-london/london/restaurant/donostia368431,selected,London,United Kingdom,"10 Seymour Place, Marylebone London Greater London W1H 7ND GBR",London,Greater London,W1H 7ND,51.5147134,-0.1610036,ChIJ7-kYWMoadkgR9tJjg_AiRQk
Doori,https://guide.michelin.com/en/seoul-capital-area/kr-seoul/restaurant/doori,selected,Seoul,South Korea,"27 Wonhyo-ro 63-gil, Yongsan-gu Seoul Seoul Capital Area 04364 KOR",Seoul,Seoul Capital Area,04364,37.5412528,126.9869636,ChIJYwaTO5OjfDURXUpVU4Cbpsw
Doppelgänger Bar,https://guide.michelin.com/en/comunidad-de-madrid/madrid/restaurant/doppelganger-bar,selected,Madrid,Spain,Santa Isabel 5 Madrid Community of Madrid 28012 ESP,Madrid,Community of Madrid,28012,40.4114365,-3.6986783,ChIJ9_DkwCUnQg0RMXB4kyHWoJk
Dos Pebrots,https://guide.michelin.com/en/catalunya/barcelona/restaurant/dos-pebrots,selected,Barcelona,Spain,Doctor Dou 19 Barcelona Catalonia 08001 ESP,Barcelona,Catalonia,08001,41.3828164,2.1684249,ChIJj5ndKlmipBIR6sSe3hjcSAc
Doshincho Washoku Zui,https://guide.michelin.com/en/osaka-region/osaka/restaurant/doshincho-washoku-zui,selected,Osaka,Japan,"2-4-13 Doshin, Kita-ku Osaka Osaka 530-0035 JPN",Osaka,Osaka,530-0035,34.702401,135.5140549,ChIJhWFriCHnAGARQ6L7x1l3zrc
Doughroom,https://guide.michelin.com/en/seoul-capital-area/kr-seoul/restaurant/doughroom,selected,Seoul,South Korea,"2F, 99 Donggwang-ro, Seocho-gu Seoul Seoul Capital Area 06584 KOR",Seoul,Seoul Capital Area,06584,37.4938516,126.9933416,ChIJl7SKCaGhfDURaTXGENQVQ2w
Dove,https://guide.michelin.com/en/greater-london/london/restaurant/dove,selected,London,United Kingdom,"31 Kensington Park Road, Notting Hill London Greater London W11 2EU GBR",London,Greater London,W11 2EU,51.51539210000001,-0.2059361999999999,ChIJEbbdrIoRdkgRJEO8R14LUxI
Drapers Arms,https://guide.michelin.com/en/greater-london/london/restaurant/drapers-arms,selected,London,United Kingdom,"44 Barnsbury Street, Islington London Greater London N1 1ER GBR",London,Greater London,N1 1ER,51.54052350000001,-0.1084711999999999,ChIJfeov2mgbdkgRlsuCvg281hU
Drouant,https://guide.michelin.com/en/ile-de-france/paris/restaurant/drouant,selected,Paris,France,16-18 place Gaillon Paris Ile-de-France 75002 FRA,Paris,Ile-de-France,75002,48.8687465,2.334434,ChIJeQAhgjpu5kcR2eETKOOnYng
Du Yên,https://guide.michelin.com/en/ho-chi-minh/ho-chi-minh_2978179/restaurant/du-yen,selected,Ho Chi Minh City,Vietnam,"26B Street 10, Thao Dien Ward, Thu Duc City Ho Chi Minh City Hồ Chí Minh 71000 VNM",Ho Chi Minh City,Hồ Chí Minh,71000,10.8042665,106.7443254,ChIJaw3KUVQndTERrX3o3n4_MaM
DuKKAh,https://guide.michelin.com/en/osaka-region/osaka/restaurant/dukkah,selected,Osaka,Japan,"4-3-13 Nishitemma, Kita-ku Osaka Osaka 530-0047 JPN",Osaka,Osaka,530-0047,34.7025333,135.5037917,ChIJl_QRJuvmAGARRRiPOnZchzY
Duchardt,https://guide.michelin.com/en/vienna/wien/restaurant/duchardt,selected,Vienna,Austria,Sonnenfelsgasse 17 Vienna Vienna 1010 AUT,Vienna,Vienna,1010,48.2092136,16.3769071,ChIJdVkOjJ8HbUcRrVFSt3tY30w
Duchy,https://guide.michelin.com/en/greater-london/london/restaurant/duchy,selected,London,United Kingdom,"18 Phipp Street, Shoreditch London Greater London EC2A 4NU GBR",London,Greater London,EC2A 4NU,51.5240274,-0.0815670999999999,ChIJ45EuAwAddkgR2okF7eqMx9U
ELECTRIC SHEEP,https://guide.michelin.com/en/bangkok-region/bangkok/restaurant/electric-sheep,selected,Bangkok,Thailand,"4F The Warehouse, 867 Charoenkrung Road, Talat Noi, Samphanthawong Bangkok Bangkok Region 10100 THA",Bangkok,Bangkok Region,10100,13.7338359,100.5144093,ChIJ-fqva9WZ4jAR62O7WAP-fzo
ELPIC,https://guide.michelin.com/en/seoul-capital-area/kr-seoul/restaurant/elpic,selected,Seoul,South Korea,"25 Dosan-daero 78-gil, Gangnam-gu Seoul Seoul Capital Area 06063 KOR",Seoul,Seoul Capital Area,06063,37.5222941,127.0466061,ChIJUbDlEV6lfDURWTHYOyweWpQ
EN,https://guide.michelin.com/en/noord-holland/amsterdam/restaurant/en,selected,Amsterdam,Netherlands,Dusartstraat 53H Amsterdam Noord-Holland 1072 HP NLD,Amsterdam,Noord-Holland,1072 HP,52.3510842,4.8895437,ChIJ4aQGY_MJxkcRM0XNYZP8oJY
ERH,https://guide.michelin.com/en/ile-de-france/paris/restaurant/erh,selected,Paris,France,11 rue Tiquetonne Paris Ile-de-France 75002 FRA,Paris,Ile-de-France,75002,48.8644303,2.3490508,ChIJRZKovRlu5kcRZOlh4VAz9cA
ESPRIT C. KEI GINZA,https://guide.michelin.com/en/tokyo-region/tokyo/restaurant/esprit-c-kei-ginza,selected,Tokyo,Japan,"11F, 7-8-17 Ginza, Chuo-ku Tokyo Tokyo 104-0061 JPN",Tokyo,Tokyo,104-0061,35.6692723,139.7624027,ChIJfyn58x2LGGARFM4p4uKK_I8
ETHICA,https://guide.michelin.com/en/tokyo-region/tokyo/restaurant/ethica,selected,Tokyo,Japan,"1-3-3 Ginza, Chuo-ku Tokyo Tokyo 104-0061 JPN",Tokyo,Tokyo,104-0061,35.6754187,139.7663186,ChIJ-6YzrgmLGGARhUh74SvbPx0
Eat Me,https://guide.michelin.com/en/bangkok-region/bangkok/restaurant/eat-me,selected,Bangkok,Thailand,"1/6 Soi Phiphat 2, Convent Road, Si Lom, Bang Rak Bangkok Bangkok Region 10500 THA",Bangkok,Bangkok Region,10500,13.7254648,100.5338985,ChIJw8qoMrme4jARCoOj3rudgOs
Ebisu by Kobos,https://guide.michelin.com/en/comunidad-de-madrid/madrid/restaurant/ebisu-by-kobos,selected,Madrid,Spain,Luciente 14 Madrid Community of Madrid 28005 ESP,Madrid,Community of Madrid,28005,40.410542,-3.7114007,ChIJ7eQODewnQg0RAf2IfV7-Y8E
Eckel,https://guide.michelin.com/en/vienna/wien/restaurant/eckel,selected,Vienna,Austria,Sieveringer Straße 46 Vienna Vienna 1190 AUT,Vienna,Vienna,1190,48.2470381,16.3334771,ChIJMybtLpsIbUcRaYWd1Pr7t88
Eclipses,https://guide.michelin.com/en/ile-de-france/paris/restaurant/eclipses,selected,Paris,France,27-29 rue de Beaune Paris Ile-de-France 75007 FRA,Paris,Ile-de-France,75007,48.8578,2.329343,ChIJP8ydvylu5kcRU-Li_tbRo3Y
Edith,https://guide.michelin.com/en/ile-de-france/paris/restaurant/edith,selected,Paris,France,9 rue Jean-Giraudoux Paris Ile-de-France 75016 FRA,Paris,Ile-de-France,75016,48.8686672,2.2978713,ChIJKz9iVLZv5kcRWTflgpvsgXI
Edomae Shibahama,https://guide.michelin.com/en/tokyo-region/tokyo/restaurant/edomae-shibahama,selected,Tokyo,Japan,"2-22-23 Shiba, Minato-ku Tokyo Tokyo 105-0014 JPN",Tokyo,Tokyo,105-0014,35.651405,139.750518,ChIJqfhWjbeLGGAR7bcMF5RV2Dc
Eel Sushi,https://guide.michelin.com/en/greater-london/london/restaurant/eel-sushi,selected,London,United Kingdom,"118 Talbot Road, Notting Hill London Greater London W11 1JR GBR",London,Greater London,W11 1JR,51.5168417,-0.2007619,ChIJLeS7GwARdkgR5XFZQ3rnUtU
Eels,https://guide.michelin.com/en/ile-de-france/paris/restaurant/eels,selected,Paris,France,27 rue d'Hauteville Paris Ile-de-France 75010 FRA,Paris,Ile-de-France,75010,48.87321,2.3502669,ChIJxax0XRRu5kcRltIfk0EGhdU
Ego,https://guide.michelin.com/en/lazio/roma/restaurant/ego-1213312,selected,Rome,Italy,via Etruria 35 Rome Lazio 00183 ITA,Rome,Lazio,00183,41.8794473,12.5105693,ChIJaS1qfQBhLxMRib9SOBXkqFQ
El Bajío,https://guide.michelin.com/en/comunidad-de-madrid/madrid/restaurant/el-bajio,selected,Madrid,Spain,Juan Bravo 23 Madrid Community of Madrid 28006 ESP,Madrid,Community of Madrid,28006,40.4328599,-3.6805064,ChIJCxinEpopQg0RjQo-x1xcD8I
El Gran Asador Lecanda,https://guide.michelin.com/en/comunidad-de-madrid/madrid/restaurant/el-gran-asador-lecanda,selected,Madrid,Spain,Lagasca 46 Madrid Community of Madrid 28001 ESP,Madrid,Community of Madrid,28001,40.425816,-3.6851837,ChIJrVv2qS0pQg0R0steL1Zv2p0
El Pastor,https://guide.michelin.com/en/greater-london/london/restaurant/el-pastor,selected,London,United Kingdom,"7a Stoney Street, Borough Market London Greater London SE1 9AA GBR",London,Greater London,SE1 9AA,51.5052687,-0.0911635,ChIJkwBYnFcDdkgRM3NwbxfKzHY
El Patio de Claudio,https://guide.michelin.com/en/comunidad-de-madrid/madrid/restaurant/el-patio-de-claudio,selected,Madrid,Spain,Claudio Coello 67 Madrid Community of Madrid 28001 ESP,Madrid,Community of Madrid,28001,40.428537,-3.6863313,ChIJievj6OYpQg0RToEKAelT7yM
El Señor Martín,https://guide.michelin.com/en/comunidad-de-madrid/madrid/restaurant/el-senor-martin,selected,Madrid,Spain,General Castaños 13 Madrid Community of Madrid 28004 ESP,Madrid,Community of Madrid,28004,40.4260711,-3.6938195,ChIJPRd2IqspQg0R1xAqvctGXTk
Eldelmar - Hermanos Torres,https://guide.michelin.com/en/catalunya/barcelona/restaurant/eldelmar-hermanos-torres,selected,Barcelona,Spain,Moll de Gregal Barcelona Catalonia 08005 ESP,Barcelona,Catalonia,08005,41.3884268,2.2014327,ChIJ45oSnpujpBIRrC_eKWrEB18
Elgin,https://guide.michelin.com/en/ho-chi-minh/ho-chi-minh_2978179/restaurant/elgin,selected,Ho Chi Minh City,Vietnam,"27 Mac Dinh Chi Street, Ben Nghe Ward, District 1 Ho Chi Minh City Hồ Chí Minh 700000 VNM",Ho Chi Minh City,Hồ Chí Minh,700000,10.7848811,106.6992121,ChIJg28NMpkvdTER8bcVhQjkJ9s
Elis,https://guide.michelin.com/en/greater-london/london/restaurant/elis,selected,London,United Kingdom,"Town Hall Hotel, 8 Patriot Square, Bethnal Green London Greater London E2 9NF GBR",London,Greater London,E2 9NF,51.5304798,-0.0557422,ChIJ77jFwHwddkgR_34fn1v8I8s
Elsass,https://guide.michelin.com/en/ile-de-france/paris/restaurant/elsass,selected,Paris,France,153 avenue Parmentier Paris Ile-de-France 75010 FRA,Paris,Ile-de-France,75010,48.8714335,2.3697179,ChIJXwO32AVt5kcRXrI_5bT5HaU
Empathie,https://guide.michelin.com/en/osaka-region/osaka/restaurant/empathie,selected,Osaka,Japan,"4-12-10 Nishitemma, Kita-ku Osaka Osaka 530-0047 JPN",Osaka,Osaka,530-0047,34.6970836,135.5019923,ChIJ3WIbhjHnAGAR0didPGgSfQE
Enoteca,https://guide.michelin.com/en/bangkok-region/bangkok/restaurant/enoteca,selected,Bangkok,Thailand,"39 Soi Sukhumvit 27, Khlong Toei Nuea, Vadhana Bangkok Bangkok Region 10110 THA",Bangkok,Bangkok Region,10110,13.7369438,100.5656336,ChIJn49lZzqZ4jARx0ILXMTCr1c
Erso,https://guide.michelin.com/en/ile-de-france/paris/restaurant/erso,selected,Paris,France,18 rue Saint-Ambroise Paris Ile-de-France 75011 FRA,Paris,Ile-de-France,75011,48.8623934,2.3781824,ChIJ5xLQUi5t5kcRm28wzY19NIQ
Essence,https://guide.michelin.com/en/seoul-capital-area/kr-seoul/restaurant/essence-1207862,selected,Seoul,South Korea,"12 Banpo-daero 4-gil, Seocho-gu Seoul Seoul Capital Area 06719 KOR",Seoul,Seoul Capital Area,06719,37.4817928,127.0133601,ChIJP02Xpl-hfDUR7TOW0S1cUyk
Esta,https://guide.michelin.com/en/ho-chi-minh/ho-chi-minh_2978179/restaurant/esta,selected,Ho Chi Minh City,Vietnam,"27 Tran Quy Khoach Street, Tan Dinh Ward, District 1 Ho Chi Minh City Hồ Chí Minh 700000 VNM",Ho Chi Minh City,Hồ Chí Minh,700000,10.793226,106.688258,ChIJS9ccHU8vdTERvvqyiMoMuGc
Estimar Madrid,https://guide.michelin.com/en/comunidad-de-madrid/madrid/restaurant/estimar-madrid,selected,Madrid,Spain,Marqués de Cubas 18 Madrid Community of Madrid 28014 ESP,Madrid,Community of Madrid,28014,40.4162015,-3.6959394,ChIJHZhM-KApQg0RJjcjG4JFdsc
Estro Vino e Cucina,https://guide.michelin.com/en/veneto/venezia/restaurant/estro-vino-e-cucina,selected,Venice,Italy,"calle Crosera, sestiere Dorsoduro 3778 Venice Veneto 30123 ITA",Venice,Veneto,30123,45.4360287,12.3250667,ChIJ_RsoV8-xfkcRZt1hdgeurc0
Etsi,https://guide.michelin.com/en/ile-de-france/paris/restaurant/etsi,selected,Paris,France,23 rue Eugène-Carrière Paris Ile-de-France 75018 FRA,Paris,Ile-de-France,75018,48.8903736,2.3328924,ChIJ8R5tH1Fu5kcR2XQlATxyDKM
FOWL,https://guide.michelin.com/en/greater-london/london/restaurant/fowl,selected,London,United Kingdom,"3 Norris Street, St.James's London Greater London SW1Y 4KJ GBR",London,Greater London,SW1Y 4KJ,51.5090941,-0.1331097,ChIJHbncO0cFdkgRDzuoRiIV3yc
Fa:me,https://guide.michelin.com/en/berlin-region/berlin/restaurant/fa-me,selected,Berlin,Germany,Lenaustraße 21 Berlin Berlin 12047 DEU,Berlin,Berlin,12047,52.4902925,13.4268961,ChIJD-AER8VPqEcRU2-uqxsKB38
Fabios,https://guide.michelin.com/en/vienna/wien/restaurant/fabios,selected,Vienna,Austria,Tuchlauben 6 Vienna Vienna 1010 AUT,Vienna,Vienna,1010,48.2100009,16.3698188,ChIJZ68ukJgHbUcROAqjHiEOLCM
Fallow,https://guide.michelin.com/en/greater-london/london/restaurant/fallow-1198621,selected,London,United Kingdom,"2 St James’s Market, St James’s London Greater London SW1Y 4RP GBR",London,Greater London,SW1Y 4RP,51.50941,-0.1327837,ChIJSWN4ldUEdkgRGqo3OSnf1CY
Fashionista Café,https://guide.michelin.com/en/ho-chi-minh/ho-chi-minh_2978179/restaurant/fashionista-cafe,selected,Ho Chi Minh City,Vietnam,"22B Phung Khac Khoan Street, Da Kao Ward, District 1 Ho Chi Minh City Hồ Chí Minh 700000 VNM",Ho Chi Minh City,Hồ Chí Minh,700000,10.785598,106.6970401,ChIJtyJfULsvdTERhCNrCN0Khf0
Ferretería Restaurante,https://guide.michelin.com/en/comunidad-de-madrid/madrid/restaurant/ferreteria,selected,Madrid,Spain,Atocha 57 Madrid Community of Madrid 28012 ESP,Madrid,Community of Madrid,28012,40.4128155,-3.699726,ChIJ9zEblhAnQg0RXo4U3IT_xKs
Filandón,https://guide.michelin.com/en/comunidad-de-madrid/madrid/restaurant/filandon,selected,Madrid,Spain,Carretera Fuencarral-El Pardo Madrid Community of Madrid 28049 ESP,Madrid,Community of Madrid,28049,40.5047655,-3.7167329,ChIJtd4U0-qAQQ0RPqbgxkMSbZk
Fismuler,https://guide.michelin.com/en/comunidad-de-madrid/madrid/restaurant/fismuler,selected,Madrid,Spain,Sagasta 29 Madrid Community of Madrid 28004 ESP,Madrid,Community of Madrid,28004,40.4281598,-3.6973626,ChIJQzp6qY4oQg0R5MDGsu8uUaU
Foer,https://guide.michelin.com/en/noord-holland/amsterdam/restaurant/foer,selected,Amsterdam,Netherlands,Cruquiusweg 9 Amsterdam Noord-Holland 1019 AT NLD,Amsterdam,Noord-Holland,1019 AT,52.3686144,4.935366699999999,ChIJPUbDrz8JxkcR8BEtjtbk83c
Fonda,https://guide.michelin.com/en/greater-london/london/restaurant/fonda,selected,London,United Kingdom,"12 Heddon Street, Mayfair London Greater London W1B 4BZ GBR",London,Greater London,W1B 4BZ,51.5112,-0.1396217,ChIJz5cqMpsFdkgRhFTxy5uq87w
Fonda de la Confianza,https://guide.michelin.com/en/comunidad-de-madrid/madrid/restaurant/fonda-de-la-confianza,selected,Madrid,Spain,General Gallegos 1 Madrid Community of Madrid 28036 ESP,Madrid,Community of Madrid,28036,40.461153,-3.6865734,ChIJz7yWQsEpQg0RFH6ISsrjT_I
Franco's,https://guide.michelin.com/en/greater-london/london/restaurant/franco-s,selected,London,United Kingdom,"61 Jermyn Street, St James’s London Greater London SW1Y 6LX GBR",London,Greater London,SW1Y 6LX,51.5075035,-0.1397418,ChIJk5ZRzFMDdkgR6djRkq27pl4
Freisinger Hof,https://guide.michelin.com/en/bayern/mnchen/restaurant/freisinger-hof,selected,Munich,Germany,Oberföhringer Straße 189 Munich Bavaria 81925 DEU,Munich,Bavaria,81925,48.1741094,11.6291264,ChIJB17ucl91nkcRA_tXwTVM-Y0
Fronda Pasaje,https://guide.michelin.com/en/catalunya/barcelona/restaurant/fronda-pasaje,selected,Barcelona,Spain,Banys Vells 20 Barcelona Catalonia 08003 ESP,Barcelona,Catalonia,08003,41.384023,2.1815535,ChIJv38X5EajpBIRFl-DTTyEUYw
Fuhrmann,https://guide.michelin.com/en/vienna/wien/restaurant/fuhrmann,selected,Vienna,Austria,Fuhrmannsgasse 9 Vienna Vienna 1080 AUT,Vienna,Vienna,1080,48.2108016,16.3479368,ChIJj4KSBusHbUcRKpXG_o93TZc
Fuje,https://guide.michelin.com/en/seoul-capital-area/kr-seoul/restaurant/fuje,selected,Seoul,South Korea,"2F, 21 Nonhyeon-ro 24-gil, Gangnam-gu Seoul Seoul Capital Area 06302 KOR",Seoul,Seoul Capital Area,06302,37.4820782,127.0447357,ChIJqTgxIkGnfDURqFKbw1B1VFA
GAGGEN by Choi Junho,https://guide.michelin.com/en/seoul-capital-area/kr-seoul/restaurant/gaggen,selected,Seoul,South Korea,"2F, 19-1 Apgujeong-ro 80-gil, Gangnam-gu Seoul Seoul Capital Area 06015 KOR",Seoul,Seoul Capital Area,06015,37.5245133,127.0452367,ChIJKzILV7ulfDUR4-cgf86P2s4
GINZA HABSBURG VEILCHEN,https://guide.michelin.com/en/tokyo-region/tokyo/restaurant/ginza-habsburg-veilchen,selected,Tokyo,Japan,"7F, 7-8-7 Ginza, Chuo-ku Tokyo Tokyo 104-0061 JPN",Tokyo,Tokyo,104-0061,35.669083,139.7624476,ChIJUVF_nOiLGGAR1sfhUzyKMLw
GRACE,https://guide.michelin.com/en/berlin-region/berlin/restaurant/grace474353,selected,Berlin,Germany,Kurfürstendamm 25 Berlin Berlin 10719 DEU,Berlin,Berlin,10719,52.5036817,13.3289798,ChIJ5fp1pv5QqEcR9UBN_bs25oQ
GRETA OTO Munich,https://guide.michelin.com/en/bayern/mnchen/restaurant/greta-oto-im-konigshof,selected,Munich,Germany,Karlsplatz 25 Munich Bavaria 80335 DEU,Munich,Bavaria,80335,48.1395943,11.5646008,ChIJzfm-SQB1nkcRgc5yxcwCZcw
Gainn,https://guide.michelin.com/en/lazio/roma/restaurant/gainn,selected,Rome,Italy,via dei Mille 18 Rome Lazio 00185 ITA,Rome,Lazio,00185,41.9038116,12.5033291,ChIJn2fIz6JhLxMReikrYkgDO3M
Galleria,https://guide.michelin.com/en/bayern/mnchen/restaurant/galleria,selected,Munich,Germany,Sparkassenstraße 11 Munich Bavaria 80331 DEU,Munich,Bavaria,80331,48.1373447,11.577996,ChIJAdkYB4t1nkcRt1ysfVdCS44
Garden-Restaurant,https://guide.michelin.com/en/bayern/mnchen/restaurant/garden-restaurant,selected,Munich,Germany,Promenadeplatz 2 Munich Bavaria 80333 DEU,Munich,Bavaria,80333,48.140346,11.5734138,ChIJP-53e_N1nkcRqDPULqs478k
Garlic,https://guide.michelin.com/en/bangkok-region/bangkok/restaurant/garlic,selected,Bangkok,Thailand,"44 Soi Chotiwat, Bang Sue Bangkok Bangkok Region 10800 THA",Bangkok,Bangkok Region,10800,13.8169666,100.5372338,ChIJJ5rukEWd4jARKqBADtB6K4Q
The Garrison,https://guide.michelin.com/en/greater-london/london/restaurant/garrison207490,selected,London,United Kingdom,"99-101 Bermondsey Street, Southwark London Greater London SE1 3XB GBR",London,Greater London,SE1 3XB,51.5007409871073,-0.0817008960041224,ChIJq-3ryUQDdkgRSZrC9yowifE
Gasthaus Stern,https://guide.michelin.com/en/vienna/wien/restaurant/gasthaus-stern-1215810,selected,Vienna,Austria,Braunhubergasse 6 Vienna Vienna 1110 AUT,Vienna,Vienna,1110,48.1712295,16.4172284,ChIJWeVkGx2qbUcRVPhxNOvWKNw
Gebr. Hartering,https://guide.michelin.com/en/noord-holland/amsterdam/restaurant/gebr-hartering,selected,Amsterdam,Netherlands,Peperstraat 10hs Amsterdam Noord-Holland 1011 TL NLD,Amsterdam,Noord-Holland,1011 TL,52.3716712,4.9075709,ChIJEXLqWbsJxkcRoTejbwhM05A
Gemellus,https://guide.michelin.com/en/ile-de-france/paris/restaurant/gemellus,selected,Paris,France,37 avenue Duquesne Paris Ile-de-France 75007 FRA,Paris,Ile-de-France,75007,48.8516649,2.3105913,ChIJDdlHVC9w5kcRAnOrwjpqu6k
Gen (Vadhana),https://guide.michelin.com/en/bangkok-region/bangkok/restaurant/gen,selected,Bangkok,Thailand,"Vibes Ekkamai, 267/31 Soi Sukhumvit 63, Khlong Tan Nuea, Vadhana Bangkok Bangkok Region 10110 THA",Bangkok,Bangkok Region,10110,13.7342334,100.587083,ChIJkRyoDU2e4jARsXTtWOVhy3Q
Gendaisaryo Ginza Fugetsudo,https://guide.michelin.com/en/tokyo-region/tokyo/restaurant/gendaisaryo-ginza-fugetsudo,selected,Tokyo,Japan,"2F, 6-6-1 Ginza, Chuo-ku Tokyo Tokyo 104-0061 JPN",Tokyo,Tokyo,104-0061,35.6710693,139.7626123,ChIJw6iJzxqLGGARUutTr9nQcoI
Giano,https://guide.michelin.com/en/lazio/roma/restaurant/giano,selected,Rome,Italy,via Liguria 28 Rome Lazio 00187 ITA,Rome,Lazio,00187,41.9062203,12.4885152,ChIJS_LpFaphLxMRcB11MjvNHPM
Giglio Trattoria Fiorentina,https://guide.michelin.com/en/bangkok-region/bangkok/restaurant/giglio-trattoria-fiorentina,selected,Bangkok,Thailand,"149 Soi Sathon 12, Si Lom, Bang Rak Bangkok Bangkok Region 10500 THA",Bangkok,Bangkok Region,10500,13.7227599,100.525921,ChIJV_2ee_yZ4jAR4XtaQHThZKE
Ginza Adachi Naoto,https://guide.michelin.com/en/tokyo-region/tokyo/restaurant/ginza-adachi-naoto,selected,Tokyo,Japan,"2F, 7-6-5 Ginza, Chuo-ku Tokyo Tokyo 104-0061 JPN",Tokyo,Tokyo,104-0061,35.6697444,139.7619383,ChIJoaFBu-iLGGARmSlPxpoA6ho
Ginza Nominokoji Yamagishi,https://guide.michelin.com/en/tokyo-region/tokyo/restaurant/ginza-nominokoji-yamagishi,selected,Tokyo,Japan,"10F, 7-3-6 Ginza, Chuo-ku Tokyo Tokyo 104-0061 JPN",Tokyo,Tokyo,104-0061,35.6703416,139.7606907,ChIJf6XJUCyLGGARwS7dO2FRe9E
Ginza St James's,https://guide.michelin.com/en/greater-london/london/restaurant/ginza-onodera,selected,London,United Kingdom,"15 Bury Street, St James’s London Greater London SW1Y 6AL GBR",London,Greater London,SW1Y 6AL,51.5072878,-0.1387596999999999,ChIJb_ccUtYEdkgRma0-dSpseFk
Ginza Sushi Ichi,https://guide.michelin.com/en/bangkok-region/bangkok/restaurant/ginza-sushi-ichi,selected,Bangkok,Thailand,"3F, Gaysorn Village, 999 Phloen Chit Road, Lumphini, Pathum Wan Bangkok Bangkok Region 10330 THA",Bangkok,Bangkok Region,10330,13.7448063,100.5405927,ChIJbXUt8DOf4jARorr_XaFh6NU
Ginza Sushi Ichidai Yugo,https://guide.michelin.com/en/tokyo-region/tokyo/restaurant/ginza-sushi-ichidai-yugo,selected,Tokyo,Japan,"4-14-15 Ginza, Chuo-ku Tokyo Tokyo 104-0061 JPN",Tokyo,Tokyo,104-0061,35.6706785,139.7632248,ChIJlWHaCIqLGGARWQJhPnaV8zs
Ginza Toyoda,https://guide.michelin.com/en/tokyo-region/tokyo/restaurant/ginza-toyoda,selected,Tokyo,Japan,"2F, 7-5-4 Ginza, Chuo-ku Tokyo Tokyo 104-0061 JPN",Tokyo,Tokyo,104-0061,35.6701241,139.7616248,ChIJYyootOiLGGARj6y7fVpGVUw
Ginza Yondaime TAKAHASHIYA,https://guide.michelin.com/en/tokyo-region/tokyo/restaurant/ginza-yondaime-takahashiya,selected,Tokyo,Japan,"4F, 4-12-1 Ginza, Chuo-ku Tokyo Tokyo 104-0061 JPN",Tokyo,Tokyo,104-0061,35.6701628,139.7679425,ChIJqVnpz-mLGGARYj2yNsEA07s
Gioia,https://guide.michelin.com/en/comunidad-de-madrid/madrid/restaurant/gioia,selected,Madrid,Spain,San Bartolomé 23 Madrid Community of Madrid 28004 ESP,Madrid,Community of Madrid,28004,40.4221472,-3.6983917,ChIJt3aaDYYoQg0RWaJF5Kwm26g
Giulia,https://guide.michelin.com/en/greater-london/london/restaurant/giulia,selected,London,United Kingdom,"77 Askew Road, Shepherd's Bush London Greater London W12 9AH GBR",London,Greater London,W12 9AH,51.5041143,-0.2434161,ChIJU9GMeq0PdkgRD7sEkK4r0z4
GiwaKang,https://guide.michelin.com/en/seoul-capital-area/kr-seoul/restaurant/giwakang,selected,Seoul,South Korea,"4F, 9 Nonhyeon-ro 152-gil, Gangnam-gu Seoul Seoul Capital Area 06025 KOR",Seoul,Seoul Capital Area,06025,37.5210768,127.0289385,ChIJvw75L8mjfDURSr7jm2tfq4U
Glasswing,https://guide.michelin.com/en/vienna/wien/restaurant/glasswing,selected,Vienna,Austria,Kärntner Ring 8 Vienna Vienna 1010 AUT,Vienna,Vienna,1010,48.201709,16.3710315,ChIJu7HT7lcHbUcRNhssXDUwWsI
Gochiso nene,https://guide.michelin.com/en/osaka-region/osaka/restaurant/gochiso-nene,selected,Osaka,Japan,"2F, 5-3-22 Tenjimbashi, Kita-ku Osaka Osaka 530-0041 JPN",Osaka,Osaka,530-0041,34.7077641,135.5122428,ChIJ0cbnvbjmAGARIRU3wUhmoXk
Good morning Hongkong,https://guide.michelin.com/en/busan-region/busan_1025838/restaurant/good-morning-hongkong,selected,Busan,South Korea,"19 Seojeon-ro 47 beon-gil, Busanjin-gu Busan Busan 47247 KOR",Busan,Busan,47247,35.158756,129.0644341,ChIJ1a4XlWbraDURgVLbg5i_dHM
Goodbye Horses,https://guide.michelin.com/en/greater-london/london/restaurant/goodbye-horses,selected,London,United Kingdom,"21 Halliford Street, Islington London Greater London N1 3HB GBR",London,Greater London,N1 3HB,51.5402883,-0.1028829,ChIJ6eUIi2YbdkgR_tfFYPZIDVI
Gosari Express,https://guide.michelin.com/en/seoul-capital-area/kr-seoul/restaurant/gosari-express,selected,Seoul,South Korea,"12-10, Toegye-ro 85-gil, Jung-gu Seoul Seoul Capital Area 04576 KOR",Seoul,Seoul Capital Area,04576,37.5662516,127.0199531,ChIJgY68NACjfDUR6jBKQ_dNNBs
Grand Cru,https://guide.michelin.com/en/prague/prague/restaurant/grand-cru,selected,Prague,Czech Republic,Lodecká 4 Prague Prague 110 00 CZE,Prague,Prague,110 00,50.0917781,14.432942,ChIJfcFEdu-UC0cR4RJQnhAMFV0
Grand rocher,https://guide.michelin.com/en/osaka-region/osaka/restaurant/grand-rocher,selected,Osaka,Japan,"4-3-9 Fushimimachi, Chuo-ku Osaka Osaka 541-0044 JPN",Osaka,Osaka,541-0044,34.6890741,135.4994072,ChIJo7JiIKLnAGARozBilPcSKuE
Gresca,https://guide.michelin.com/en/catalunya/barcelona/restaurant/gresca,selected,Barcelona,Spain,Provença 230 Barcelona Catalonia 08036 ESP,Barcelona,Catalonia,08036,41.3912678,2.1572553,ChIJSTemK5CipBIRNV6PIhXQ3bk
Grok,https://guide.michelin.com/en/bangkok-region/bangkok/restaurant/grok,selected,Bangkok,Thailand,"14 Yolo Forest Community, Soi Somkid, Lumphini, Pathum Wan Bangkok Bangkok Region 10330 THA",Bangkok,Bangkok Region,10330,13.7470544,100.5459875,ChIJf924TgCf4jAR1YKBjThVqkU
Guay Jub Mr. Jo,https://guide.michelin.com/en/bangkok-region/bangkok/restaurant/guay-jub-mr-joe,selected,Bangkok,Thailand,"86 Soi Chan 44, Wat Phraya Krai, Bang Kho Laem Bangkok Bangkok Region 10120 THA",Bangkok,Bangkok Region,10120,13.7091825,100.5141618,ChIJCVuwI7mY4jARZ_DeXklRjKQ
HAUSBAR Wien,https://guide.michelin.com/en/vienna/wien/restaurant/hausbar-wien,selected,Vienna,Austria,Karlsplatz 5 Vienna Vienna 1010 AUT,Vienna,Vienna,1010,48.200484,16.3718906,ChIJVc2djeoHbUcRUciGnhqb13w
HDDN,https://guide.michelin.com/en/comunidad-de-madrid/madrid/restaurant/hddn,selected,Madrid,Spain,Plaza de Puerta Cerrada 7 Madrid Community of Madrid 28005 ESP,Madrid,Community of Madrid,28005,40.4136717,-3.7088553,ChIJnfWXvngoQg0R2x1agMcUzZI
Hachi,https://guide.michelin.com/en/osaka-region/osaka/restaurant/hachi,selected,Osaka,Japan,"8-1-8 Uehommachi, Tennoji-ku Osaka Osaka 543-0001 JPN",Osaka,Osaka,543-0001,34.6608667168479,135.518996783569,ChIJo5xW_bXnAGARild0klkzQ74
Haeundae Rib Barbecue Restaurant,https://guide.michelin.com/en/busan-region/busan_1025838/restaurant/haeundae-rib-barbecue-restaurant,selected,Busan,South Korea,"333 Haunedahaebyeon-ro, Haeundae-gu Busan Busan 48096 KOR",Busan,Busan,48096,35.1632462,129.1662962,ChIJQ8b-8WiNaDUROTxhy9aCFTA
Hakkasan Mayfair,https://guide.michelin.com/en/greater-london/london/restaurant/hakkasan-mayfair,selected,London,United Kingdom,"17 Bruton Street, Mayfair London Greater London W1J 6QB GBR",London,Greater London,W1J 6QB,51.5102296,-0.1450157,ChIJydjklNQEdkgRRkTHmCM_92o
Hakozakicho Sumito,https://guide.michelin.com/en/tokyo-region/tokyo/restaurant/hakozakicho-sumito,selected,Tokyo,Japan,"B1F, 27-2 Nihombashihakozakicho, Chuo-ku Tokyo Tokyo 103-0015 JPN",Tokyo,Tokyo,103-0015,35.6827576,139.7839878,ChIJe4to4fqJGGARKIBwi_vp0ps
Hakusi,https://guide.michelin.com/en/seoul-capital-area/kr-seoul/restaurant/hakusi,selected,Seoul,South Korea,"2F, 8-4 Eonju-ro 157-gil, Gangnam-gu Seoul Seoul Capital Area 06024 KOR",Seoul,Seoul Capital Area,06024,37.5241408,127.0322736,ChIJ3yQd4fCjfDUR3ni6y90aAls
Halle aux Grains,https://guide.michelin.com/en/ile-de-france/paris/restaurant/halle-aux-grains,selected,Paris,France,"Bourse de Commerce, 2 rue de Viarmes Paris Ile-de-France 75001 FRA",Paris,Ile-de-France,75001,48.8629365,2.3423588,ChIJWU_367Fv5kcRvjy7VAbM9G4
Haramboure,https://guide.michelin.com/en/comunidad-de-madrid/madrid/restaurant/haramboure,selected,Madrid,Spain,Maldonado 4 Madrid Community of Madrid 28006 ESP,Madrid,Community of Madrid,28006,40.4339273,-3.6857838,ChIJTT455cIpQg0R9JMC_q-2Wu8
Haruka Murooka,https://guide.michelin.com/en/tokyo-region/tokyo/restaurant/haruka-murooka,selected,Tokyo,Japan,"1-21-9 Minamiaoyama, Minato-ku Tokyo Tokyo 107-0062 JPN",Tokyo,Tokyo,107-0062,35.66722499999999,139.7246309,ChIJl6C1ec6LGGAR_tJE9U4uYjQ
Hawksmoor,https://guide.michelin.com/en/greater-london/london/restaurant/hawksmoor,selected,London,United Kingdom,"157a Commercial Street, Spitalfields London Greater London E1 6BJ GBR",London,Greater London,E1 6BJ,51.5214445,-0.0759586,ChIJIdp1goQddkgRqsg8nRzd8Gc
Hestia,https://guide.michelin.com/en/ile-de-france/paris/restaurant/hestia-1216795,selected,Paris,France,8 rue de la Huchette Paris Ile-de-France 75005 FRA,Paris,Ile-de-France,75005,48.8529399,2.346266,ChIJWUwHsmtx5kcRn4QEuvfNdC8
Het Bosch,https://guide.michelin.com/en/noord-holland/amsterdam/restaurant/het-bosch,selected,Amsterdam,Netherlands,Jollenpad 10 Amsterdam Noord-Holland 1081 KC NLD,Amsterdam,Noord-Holland,1081 KC,52.3355159,4.8492841,ChIJYaWtXuXhxUcRMp1fvOndZec
Hibinoryori Viola,https://guide.michelin.com/en/tokyo-region/tokyo/restaurant/hibinoryori-viola,selected,Tokyo,Japan,"4-12-4 Minamiazabu, Minato-ku Tokyo Tokyo 106-0047 JPN",Tokyo,Tokyo,106-0047,35.6476533,139.723956,ChIJoQjlsA2LGGARcqak4efaXrg
Hijirizaka Wakei,https://guide.michelin.com/en/tokyo-region/tokyo/restaurant/hijirizaka-wakei,selected,Tokyo,Japan,"3-4-2 Mita, Minato-ku Tokyo Tokyo 108-0073 JPN",Tokyo,Tokyo,108-0073,35.6545176,139.7439458,ChIJ5cC9c_KMGGARZHBwSjlrDn8
Hikarimono,https://guide.michelin.com/en/tokyo-region/tokyo/restaurant/hikarimono,selected,Tokyo,Japan,"7-5-11 Roppongi, Minato-ku Tokyo Tokyo 106-0032 JPN",Tokyo,Tokyo,106-0032,35.66492590000001,139.7278073,ChIJISPgzuuLGGARy4AQmwzpuuY
Hippocampus,https://guide.michelin.com/en/bayern/mnchen/restaurant/hippocampus,selected,Munich,Germany,Mühlbaurstraße 5 Munich Bavaria 81677 DEU,Munich,Bavaria,81677,48.1405729,11.6082533,ChIJreyZ7Xl1nkcRKg1tf0lHiP0
Hoa Túc (District 1),https://guide.michelin.com/en/ho-chi-minh/ho-chi-minh_2978179/restaurant/hoa-tuc,selected,Ho Chi Minh City,Vietnam,"74/7 Hai Ba Trung Street, Ben Nghe Ward, District 1 Ho Chi Minh City Hồ Chí Minh 700000 VNM",Ho Chi Minh City,Hồ Chí Minh,700000,10.7785004,106.7037745,ChIJY36QJ0YvdTERSsKGBuhpiCI
Hoi An Sense,https://guide.michelin.com/en/ho-chi-minh/ho-chi-minh_2978179/restaurant/hoi-an-sense,selected,Ho Chi Minh City,Vietnam,"6F, 12 Phan Ke Binh, Da Kao Ward, District 1 Ho Chi Minh City Hồ Chí Minh 700000 VNM",Ho Chi Minh City,Hồ Chí Minh,700000,10.7905049,106.6988441,ChIJcysEtUQpdTERHEwcIDpPwDo
Hokusaï,https://guide.michelin.com/en/ile-de-france/paris/restaurant/hokusai,selected,Paris,France,"Metropolitan Paris Tour Eiffel, 3 rue des Belles-Feuilles Paris Ile-de-France 75016 FRA",Paris,Ile-de-France,75016,48.8658233,2.2829015,ChIJO2-Qu5dv5kcRdm8vRwFj4LA
Honey & Co,https://guide.michelin.com/en/greater-london/london/restaurant/honey-co-1202607,selected,London,United Kingdom,"54 Lamb's Conduit Street, Bloomsbury London Greater London WC1N 3LW GBR",London,Greater London,WC1N 3LW,51.5217446,-0.1186436999999999,ChIJDbc3Fw0bdkgRMqzdtDYfZZs
Hong Yuan,https://guide.michelin.com/en/seoul-capital-area/kr-seoul/restaurant/hong-yuan,selected,Seoul,South Korea,"1F The Westin Chosun Hotel, 106 Sogong-ro, Jung-gu Seoul Seoul Capital Area 04533 KOR",Seoul,Seoul Capital Area,04533,37.5644064,126.9796971,ChIJaeJIP_KifDURAIkLIp-bCWs
Hostaria da Franz,https://guide.michelin.com/en/veneto/venezia/restaurant/hostaria-da-franz,selected,Venice,Italy,"salizada Sant'Antonin, sestiere Castello 3499 Venice Veneto 30122 ITA",Venice,Veneto,30122,45.4355022,12.3467955,ChIJrTl_5jCufkcRFFliR-F7tR4
Hozan,https://guide.michelin.com/en/osaka-region/osaka/restaurant/hozan,selected,Osaka,Japan,"3-13 Higashikozucho, Tennoji-ku Osaka Osaka 543-0021 JPN",Osaka,Osaka,543-0021,34.66625990000001,135.5167876,ChIJ5-hiDXTnAGARyM3OXhSIsnM
Huber,https://guide.michelin.com/en/bayern/mnchen/restaurant/huber,selected,Munich,Germany,Newtonstraße 13 Munich Bavaria 81679 DEU,Munich,Bavaria,81679,48.1495646,11.609973,ChIJPRM34nR1nkcR8hCv6P_lYjs
Huen Lamphun,https://guide.michelin.com/en/bangkok-region/bangkok/restaurant/huen-lamphun-suan-phak,selected,Bangkok,Thailand,"64/233 Mu 5, Suan Phak Road, Chimphli, Taling Chan Bangkok Bangkok Region 10170 THA",Bangkok,Bangkok Region,10170,13.793446,100.4281934,ChIJ64GmLLCQ4jAROQOZRjWAHPs
I-SANG,https://guide.michelin.com/en/bangkok-region/bangkok/restaurant/i-sang,selected,Bangkok,Thailand,"2F, VIVRE Building, 34/3 Lang Suan Road, Lumphini, Pathum Wan Bangkok Bangkok Region 10330 THA",Bangkok,Bangkok Region,10330,13.7416096,100.5431896,ChIJh5X0MwCf4jARGn23-6b-Ghk
IAán,https://guide.michelin.com/en/busan-region/busan_1025838/restaurant/iaan,selected,Busan,South Korea,"88 Dalmaji-gil 65beon-gil, Haeundae-gu Busan Busan 48117 KOR",Busan,Busan,48117,35.1587511,129.1758474,ChIJj436AwCNaDURrvFutD5gIM0
IBAIA,https://guide.michelin.com/en/tokyo-region/tokyo/restaurant/ibaia,selected,Tokyo,Japan,"3-12-5 Ginza, Chuo-ku Tokyo Tokyo 104-0061 JPN",Tokyo,Tokyo,104-0061,35.6707865,139.7692282,ChIJqfHk5uCLGGARchCgUa_DnC0
IL Sommelier,https://guide.michelin.com/en/bayern/mnchen/restaurant/il-sommelier,selected,Munich,Germany,Kreillerstraße 194 Munich Bavaria 81825 DEU,Munich,Bavaria,81825,48.1225265,11.660782,ChIJXaJUHh_hnUcRLXvb8WGYJvk
INDIA CLUB,https://guide.michelin.com/en/berlin-region/berlin/restaurant/india-club,selected,Berlin,Germany,Behrenstraße 72 Berlin Berlin 10117 DEU,Berlin,Berlin,10117,52.5151828,13.3797405,ChIJhcjt2cVRqEcRg3H4LZzs3Dc
Ibai,https://guide.michelin.com/en/greater-london/london/restaurant/ibai,selected,London,United Kingdom,"90 Bartholomew Close, City of London London Greater London EC1A 7BN GBR",London,Greater London,EC1A 7BN,51.5178671,-0.0989279,ChIJk3pEE20bdkgReS3Ye_l5sRQ
Ikigai Flor Baja,https://guide.michelin.com/en/comunidad-de-madrid/madrid/restaurant/ikigai,selected,Madrid,Spain,Flor Baja 5 Madrid Community of Madrid 28013 ESP,Madrid,Community of Madrid,28013,40.4221971,-3.7097981,ChIJKSGhOnsoQg0ROr4iKbAXA5c
Ikigai Velázquez,https://guide.michelin.com/en/comunidad-de-madrid/madrid/restaurant/ikigai-velazquez,selected,Madrid,Spain,Velázquez 136 Madrid Community of Madrid 28006 ESP,Madrid,Community of Madrid,28006,40.4398106,-3.6825683,ChIJV_kqIwApQg0R50e9nTvsWq8
Il Borgo,https://guide.michelin.com/en/bayern/mnchen/restaurant/il-borgo,selected,Munich,Germany,Georgenstraße 144 Munich Bavaria 80797 DEU,Munich,Bavaria,80797,48.1575687,11.5608292,ChIJrZAfSN51nkcR-5Qnf9BVj-Q
Il Gusto di Xinge,https://guide.michelin.com/en/toscana/firenze/restaurant/il-gusto-di-xinge,selected,Florence,Italy,Viale Belfiore 2 Florence Tuscany 50144 ITA,Florence,Tuscany,50144,43.7788216,11.2411804,ChIJtbWCReRXKhMRrR_7O42l6cM
Il Ridotto,https://guide.michelin.com/en/veneto/venezia/restaurant/il-ridotto,selected,Venice,Italy,"campo S.S. Filippo e Giacomo, sestiere Castello 4509 Venice Veneto 30122 ITA",Venice,Veneto,30122,45.4351813,12.3417012,ChIJiWB1GtixfkcR1g595YQMoaY
Il Ristorante - Niko Romito,https://guide.michelin.com/en/ile-de-france/paris/restaurant/il-ristorante-niko-romito-1199507,selected,Paris,France,"Hôtel Bulgari, 30 avenue George-V Paris Ile-de-France 75008 FRA",Paris,Ile-de-France,75008,48.86808,2.3014614,ChIJu6BLB3Rv5kcRQZXWDDGiYOU
Il Ristorante - Niko Romito,https://guide.michelin.com/en/lazio/roma/restaurant/il-ristorante-niko-romito-1209165,selected,Rome,Italy,via di Ripetta 73 Rome Lazio 00186 ITA,Rome,Lazio,00186,45.4701318,9.1894462,ChIJo_AGrrPGhkcRWvn69y6fH28
Il Santo Bevitore,https://guide.michelin.com/en/toscana/firenze/restaurant/il-santo-bevitore,selected,Florence,Italy,via Santo Spirito 64/66 r Florence Tuscany 50125 ITA,Florence,Tuscany,50125,43.7690392,11.2468281,ChIJWdMUV6tWKhMROxsW3gM8GNA
Ilô,https://guide.michelin.com/en/ile-de-france/paris/restaurant/ilo,selected,Paris,France,6 rue Castex Paris Ile-de-France 75004 FRA,Paris,Ile-de-France,75004,48.85277190000001,2.3663273,ChIJCZsCXE1x5kcRr6bxYSeeIck
Imperial Treasure,https://guide.michelin.com/en/greater-london/london/restaurant/imperial-treasure,selected,London,United Kingdom,"9 Waterloo Place, St James’s London Greater London SW1Y 4BE GBR",London,Greater London,SW1Y 4BE,51.5079222,-0.1328036,ChIJpbwBCY4FdkgR4DAgeXXfXro
Imprevisto,https://guide.michelin.com/en/catalunya/barcelona/restaurant/imprevisto,selected,Barcelona,Spain,Mallorca 308 Barcelona Catalonia 08037 ESP,Barcelona,Catalonia,08037,41.397113,2.1673015,ChIJO2PLaXujpBIRigxcDuLg6fo
Incorrecte,https://guide.michelin.com/en/catalunya/barcelona/restaurant/incorrecte,selected,Barcelona,Spain,Cerignola 11 Barcelona Catalonia 08022 ESP,Barcelona,Catalonia,08022,41.4021989,2.1341283,ChIJ_QWED-GZpBIRf-oqDpUAB9E
Indus,https://guide.michelin.com/en/bangkok-region/bangkok/restaurant/indus,selected,Bangkok,Thailand,"71 Soi Sukhumvit 26, Khlong Tan, Khlong Toei Bangkok Bangkok Region 10110 THA",Bangkok,Bangkok Region,10110,13.7237576,100.570108,ChIJbc_3ZAaf4jARojv6Y9is7I8
Isa,https://guide.michelin.com/en/comunidad-de-madrid/madrid/restaurant/isa,selected,Madrid,Spain,Sevilla 3 Madrid Community of Madrid 28014 ESP,Madrid,Community of Madrid,28014,40.4171951,-3.7004269,ChIJYXbelRYpQg0RgOKXbelAZz8
Iwa,https://guide.michelin.com/en/busan-region/busan_1025838/restaurant/iwa,selected,Busan,South Korea,"2F, 13 Haeundaehaebyeon-ro 209 beon-gil, Haeundae-gu Busan Busan 48093 KOR",Busan,Busan,48093,35.15970160000001,129.1538894,ChIJy_huZ4qTaDURqPQ8hLnP5xw
JAPATAPA TOSHIBAR,https://guide.michelin.com/en/bayern/mnchen/restaurant/japatapa-toshibar,selected,Munich,Germany,Marschallstraße 2 Munich Bavaria 80802 DEU,Munich,Bavaria,80802,48.1635087,11.5884498,ChIJq6o2KLh1nkcRP7yOOgAJRrc
JIANG NAN CHUN,https://guide.michelin.com/en/osaka-region/osaka/restaurant/jiang-nan-chun-1242585,selected,Osaka,Japan,"37F, Four Seasons Hotel Osaka, 2-4-32 Dojima, Kita-ku Osaka Osaka 530-0003 JPN",Osaka,Osaka,530-0003,34.6958189,135.4936175,ChIJV8QeM73nAGARNQSTafSbKS0
JINBO MINAMI AOYAMA,https://guide.michelin.com/en/tokyo-region/tokyo/restaurant/jinbo-minami-aoyama,selected,Tokyo,Japan,"4-11-13 Minamiaoyama, Minato-ku Tokyo Tokyo 107-0062 JPN",Tokyo,Tokyo,107-0062,35.6656871,139.7175983,ChIJPVUPXq6LGGARPf7fowx3Bws
JOLA,https://guide.michelin.com/en/vienna/wien/restaurant/jola,selected,Vienna,Austria,Salzgries 15 Vienna Vienna 1010 AUT,Vienna,Vienna,1010,48.2132059,16.3713433,ChIJ69GzhyIHbUcRDWSajEacrpI
JUEUN,https://guide.michelin.com/en/seoul-capital-area/kr-seoul/restaurant/restaurant-jueun,selected,Seoul,South Korea,"8F Gyeonghuidang, 36 Gyeonghuigung-gil, Jongno-gu Seoul Seoul Capital Area 03175 KOR",Seoul,Seoul Capital Area,03175,37.5727602,126.9699196,ChIJPbq7MnyjfDUROwBrnGcV-C8
Jaizkibel,https://guide.michelin.com/en/comunidad-de-madrid/madrid/restaurant/jaizkibel,selected,Madrid,Spain,Albasanz 67 Madrid Community of Madrid 28037 ESP,Madrid,Community of Madrid,28037,40.4388938,-3.6227785,ChIJ5ftsegovQg0RdMgU3BcyH3k
Jamn,https://guide.michelin.com/en/bangkok-region/bangkok/restaurant/jamn,selected,Bangkok,Thailand,"8 Soi Chan 43 Yaek 41, Bang Khlo, Bang Kho Laem Bangkok Bangkok Region 10120 THA",Bangkok,Bangkok Region,10120,13.70008,100.5278417,ChIJZ_CWNhWZ4jARKum-WZlHCXY
Jao Nai Fish Ball (Bang Khae Road),https://guide.michelin.com/en/bangkok-region/bangkok/restaurant/jao-nai-fish-ball,selected,Bangkok,Thailand,"103/14 Bang Khae Road, Bang Khae Bangkok Bangkok Region 10160 THA",Bangkok,Bangkok Region,10160,13.697352,100.4212732,ChIJo0cMVEqX4jARIC_Q1Ohm2Lo
Jay Jia Yentafo,https://guide.michelin.com/en/bangkok-region/bangkok/restaurant/jay-jia-yentafo,selected,Bangkok,Thailand,"564 Rama 4 Road, Maha Phruettharam, Bang Rak Bangkok Bangkok Region 10500 THA",Bangkok,Bangkok Region,10500,13.7350417,100.5227116,ChIJCVu36MeZ4jARjMYIWCGSc_Y
Jek Tod,https://guide.michelin.com/en/bangkok-region/bangkok/restaurant/jek-tod,selected,Bangkok,Thailand,"3597/49 Chalaem Nimit Road, Bang Khlo, Bang Kho Laem Bangkok Bangkok Region 10120 THA",Bangkok,Bangkok Region,10120,13.6937366,100.5082797,ChIJ2UNjLACZ4jAROFMvMl4OCgE
Jfree,https://guide.michelin.com/en/tokyo-region/tokyo/restaurant/jfree,selected,Tokyo,Japan,"2F, 2-11-7 Kagurazaka, Shinjuku-ku Tokyo Tokyo 162-0825 JPN",Tokyo,Tokyo,162-0825,35.7011862,139.7419712,ChIJB_eofbCNGGAR9irnB79qoD0
Jhol,https://guide.michelin.com/en/bangkok-region/bangkok/restaurant/jhol,selected,Bangkok,Thailand,"7/2 Soi Sukhumvit 18, Sukhumvit Road, Khlong Toei Bangkok Bangkok Region 10110 THA",Bangkok,Bangkok Region,10110,13.7337585,100.562936,ChIJb8wnaXef4jARcAOBkQ3kJwo
Jimbocho Gokita,https://guide.michelin.com/en/tokyo-region/tokyo/restaurant/jimbocho-gokita,selected,Tokyo,Japan,"2-4-9 Nishikanda, Chiyoda-ku Tokyo Tokyo 101-0065 JPN",Tokyo,Tokyo,101-0065,35.6983632,139.7543583,ChIJVU7OsO6NGGAROzKrCp5C9gI
Jin,https://guide.michelin.com/en/bayern/mnchen/restaurant/jin254149,selected,Munich,Germany,Kanalstraße 14 Munich Bavaria 80538 DEU,Munich,Bavaria,80538,48.1359444,11.584233,ChIJb0UorYl1nkcR6rZwINbg1ys
Jin Dweji Gomtang,https://guide.michelin.com/en/busan-region/busan_1025838/restaurant/jin-dweji-gomtang,selected,Busan,South Korea,"2F, 4 Gwanganhaebyeon-ro 284 beon-gil, Suyeong-gu Busan Busan 48283 KOR",Busan,Busan,48283,35.1512592,129.1158923,ChIJ4VXOKhjtaDURbda7I_O8_W8
Jip,https://guide.michelin.com/en/ile-de-france/paris/restaurant/jip,selected,Paris,France,112 rue de la Roquette Paris Ile-de-France 75011 FRA,Paris,Ile-de-France,75011,48.8569152,2.3783946,ChIJoZf9DwBt5kcRsbcd1zLP4L4
Jiribilla,https://guide.michelin.com/en/catalunya/barcelona/restaurant/jiribilla,selected,Barcelona,Spain,"Comte Borrell, 85 Barcelona Catalonia 08015 ESP",Barcelona,Catalonia,08015,41.3788367,2.160424,ChIJPWxRoo-jpBIR3gHCv4pJwds
Johannas,https://guide.michelin.com/en/bayern/mnchen/restaurant/johannas,selected,Munich,Germany,Heiglhofstraße 18 Munich Bavaria 81377 DEU,Munich,Bavaria,81377,48.1127673,11.4779972,ChIJ27ZXwVDYnUcRC2BtKl8Yu5s
Jok's Kitchen,https://guide.michelin.com/en/bangkok-region/bangkok/restaurant/jok-s-kitchen,selected,Bangkok,Thailand,"23 Soi Charoen Krung 21, Phlapphla Chai Road, Pom Prap, Pom Prap Sattru Phai Bangkok Bangkok Region 10100 THA",Bangkok,Bangkok Region,10100,13.7434771,100.5099772,ChIJB6taHcCZ4jARwVGY20Vy5dI
Jolene,https://guide.michelin.com/en/greater-london/london/restaurant/jolene,selected,London,United Kingdom,"21 Newington Green, Islington London Greater London N16 9PU GBR",London,Greater London,N16 9PU,51.5513088,-0.0844365,ChIJcyhmThsddkgRVwvy3LVIJys
Joo052,https://guide.michelin.com/en/seoul-capital-area/kr-seoul/restaurant/sool052,selected,Seoul,South Korea,"26 Gosanja-ro 14-gil, Seongdong-gu Seoul Seoul Capital Area 04750 KOR",Seoul,Seoul Capital Area,04750,37.5438174,127.0593351,ChIJk6ghnuilfDURLMHITf9oDU0
Julie's,https://guide.michelin.com/en/greater-london/london/restaurant/julie-s,selected,London,United Kingdom,"135 Portland Road, Holland Park London Greater London W11 4LW GBR",London,Greater London,W11 4LW,51.5101298,-0.2105453,ChIJfc2Arn0FdkgRegJM8kS9G4c
Julius,https://guide.michelin.com/en/berlin-region/berlin/restaurant/julius,selected,Berlin,Germany,Gerichtstraße 31 Berlin Berlin 13347 DEU,Berlin,Berlin,13347,52.544983,13.3684778,ChIJt50LF7pRqEcRywUd1N1ZFvU
KAENKRUNG,https://guide.michelin.com/en/bangkok-region/bangkok/restaurant/kaenkrung,selected,Bangkok,Thailand,"521/11 Arunamarin Road, Bangkok Noi Bangkok Bangkok Region 10700 THA",Bangkok,Bangkok Region,10700,13.7501672,100.4836642,ChIJy2Eh7uGZ4jAR6QHx2E1aPws
KEI Collection PARIS,https://guide.michelin.com/en/tokyo-region/tokyo/restaurant/kei-collection-paris,selected,Tokyo,Japan,"49F, Toranomon Hills Station Tower, 2-6-2 Toranomon, Minato-ku Tokyo Tokyo 105-5549 JPN",Tokyo,Tokyo,105-5549,35.6678135,139.7467272,ChIJjyzQdy2LGGARCY3epq_FSqg
KOI,https://guide.michelin.com/en/bayern/mnchen/restaurant/koi-423179,selected,Munich,Germany,Wittelsbacherplatz 1 Munich Bavaria 80333 DEU,Munich,Bavaria,80333,48.143165,11.575507,ChIJnUSq6_J1nkcRRXo0Cz9qHEY
Kabuki Madrid,https://guide.michelin.com/en/comunidad-de-madrid/madrid/restaurant/kabuki-madrid,selected,Madrid,Spain,Lagasca 38 Madrid Community of Madrid 28001 ESP,Madrid,Community of Madrid,28001,40.4244619,-3.685262899999999,ChIJI1Sg0IkpQg0RpmEXngDUrh8
Kagurazaka Marutomi,https://guide.michelin.com/en/tokyo-region/tokyo/restaurant/akebonobashi-marutomi,selected,Tokyo,Japan,"3-4 Fukuromachi, Shinjuku-ku Tokyo Tokyo 162-0828 JPN",Tokyo,Tokyo,162-0828,35.701174,139.7386331,ChIJDeEeH-6MGGARHPf2PojaOc0
Kai,https://guide.michelin.com/en/greater-london/london/restaurant/kai123638,selected,London,United Kingdom,"65 South Audley Street, Mayfair London Greater London W1K 2QU GBR",London,Greater London,W1K 2QU,51.5087508,-0.1516793,ChIJJ2HpEy4FdkgR-ZxFLGDPpcg
Kamado,https://guide.michelin.com/en/osaka-region/osaka/restaurant/kamado,selected,Osaka,Japan,"4-1-11 Nishitemma, Kita-ku Osaka Osaka 530-0047 JPN",Osaka,Osaka,530-0047,34.6771293,135.4859559,ChIJqy4wNVXmAGARdxfIxgIKbuY
Kandanishikicho Sushi Takaharu,https://guide.michelin.com/en/tokyo-region/tokyo/restaurant/kandanishikicho-sushi-takaharu,selected,Tokyo,Japan,"1-17-5 Kandanishikicho, Chiyoda-ku Tokyo Tokyo 101-0054 JPN",Tokyo,Tokyo,101-0054,35.6950074,139.7720667,ChIJx-V-YwKMGGARK1bfu9X1z2c
Kanishka,https://guide.michelin.com/en/greater-london/london/restaurant/kanishka,selected,London,United Kingdom,"17-19 Maddox Street, Mayfair London Greater London W1S 2QH GBR",London,Greater London,W1S 2QH,51.5132284,-0.1417736,ChIJ3fvX0jwFdkgR4zfyvSGfZco
Kappo,https://guide.michelin.com/en/comunidad-de-madrid/madrid/restaurant/kappo,selected,Madrid,Spain,Bretón de los Herreros 44 Madrid Community of Madrid 28003 ESP,Madrid,Community of Madrid,28003,40.43908190000001,-3.6956672,ChIJ79n37fEoQg0Rzi7HDdd8pwQ
Kappo Ryu,https://guide.michelin.com/en/tokyo-region/tokyo/restaurant/kappo-ryu,selected,Tokyo,Japan,"B1F, 4-26-12 Minamiaoyama, Minato-ku Tokyo Tokyo 107-0062 JPN",Tokyo,Tokyo,107-0062,35.6599076,139.7165425,ChIJaTCJnmaLGGARZElQ0OxggIs
Kassen Iritani,https://guide.michelin.com/en/osaka-region/osaka/restaurant/kassen-iritani,selected,Osaka,Japan,"1-8-6 Sonezakishinchi, Kita-ku Osaka Osaka 530-0002 JPN",Osaka,Osaka,530-0002,34.696899,135.5005309,ChIJfZuMrWDnAGARvDBc5K1awM4
Kerfield Arms,https://guide.michelin.com/en/greater-london/london/restaurant/kerfield-arms,selected,London,United Kingdom,"16 Grove Lane, Camberwell, Southwark London Greater London SE5 8SY GBR",London,Greater London,SE5 8SY,51.4737687,-0.0883342,ChIJoaxnTn8DdkgRmUPgKypV5uA
Kerridge's Bar & Grill,https://guide.michelin.com/en/greater-london/london/restaurant/kerridge-s-bar-grill,selected,London,United Kingdom,"Whitehall Place, Whitehall London Greater London SW1A 2BD GBR",London,Greater London,SW1A 2BD,51.5067787,-0.1246626,ChIJCyKWDpwFdkgR7XZi5S0fod8
Khaan,https://guide.michelin.com/en/bangkok-region/bangkok/restaurant/khaan,selected,Bangkok,Thailand,"14/3 Soi Som Khit, Phloen Chit Road, Lumphini, Pathum Wan Bangkok Bangkok Region 10330 THA",Bangkok,Bangkok Region,10330,13.7471057,100.546021,ChIJm68HaIqf4jARhHLocwFgtyg
Khao (Vadhana),https://guide.michelin.com/en/bangkok-region/bangkok/restaurant/khao,selected,Bangkok,Thailand,"15 Soi Ekkamai 10, Khlong Tan Nuea, Vadhana Bangkok Bangkok Region 10110 THA",Bangkok,Bangkok Region,10110,13.7292347,100.5878445,ChIJ90yP-aqf4jARQCQP5J9K69c
Khao San Sek,https://guide.michelin.com/en/bangkok-region/bangkok/restaurant/khao-san-sek,selected,Bangkok,Thailand,"1121-1123 Song Wat Road, Samphanthawong, Samphanthawong Bangkok Bangkok Region 10100 THA",Bangkok,Bangkok Region,10100,13.7366864,100.5102656,ChIJIadF-Q-Z4jARaMI8nbZoV8o
Khum Hom,https://guide.michelin.com/en/bangkok-region/bangkok/restaurant/khum-hom,selected,Bangkok,Thailand,"Movenpick BDMS Wellness Resort Bangkok, 2 Wireless Road, Lumphini, Pathum Wan Bangkok Bangkok Region 10330 THA",Bangkok,Bangkok Region,10330,13.7476198,100.5472264,ChIJXamlyISf4jAR-m4EFWWuIOs
Kinkally,https://guide.michelin.com/en/greater-london/london/restaurant/kinkally,selected,London,United Kingdom,"43 Charlotte Street, Fitzrovia London Greater London W1T 1RS GBR",London,Greater London,W1T 1RS,51.5191902,-0.1356577,ChIJuwgH4JMbdkgRRZQP9lLobSY
Kioku by Endo,https://guide.michelin.com/en/greater-london/london/restaurant/kioku-by-endo,selected,London,United Kingdom,"Raffles London at The OWO, 6th Floor, 2 Whitehall Place, Whitehall London Greater London SW1A 2BD GBR",London,Greater London,SW1A 2BD,51.5053728,-0.1260693,ChIJHZzCDhMFdkgRJgvv7LnnSTU
Kitashinchi Fukutatei,https://guide.michelin.com/en/osaka-region/osaka/restaurant/kitashinchi-fukutatei,selected,Osaka,Japan,"B1F, 1-11-19 Sonezakishinchi, Kita-ku Osaka Osaka 530-0002 JPN",Osaka,Osaka,530-0002,34.69732270000001,135.4999131,ChIJq6qeJezmAGAR5EehqYmON3U
Kitashinchi Gyosai Masashi,https://guide.michelin.com/en/osaka-region/osaka/restaurant/kitashinchi-gyosai-masashi,selected,Osaka,Japan,"2F, 1-5-26 Sonezakishinchi, Kita-ku Osaka Osaka 530-0002 JPN",Osaka,Osaka,530-0002,34.6977005,135.4972518,ChIJAQCEge3mAGARWif3mAOLH3I
Kitashinchi Kushikatsu Bon,https://guide.michelin.com/en/osaka-region/osaka/restaurant/kitashinchi-kushikatsu-bon,selected,Osaka,Japan,"B1F, 1-3-16 Dojima, Kita-ku Osaka Osaka 530-0003 JPN",Osaka,Osaka,530-0003,34.6966074,135.4972251,ChIJWbRw9O3mAGARfoxPr8be-ZU
Kitashinchi Okurano,https://guide.michelin.com/en/osaka-region/osaka/restaurant/kitashinchi-okurano,selected,Osaka,Japan,"3F, 1-3-23 Sonezakishinchi, Kita-ku Osaka Osaka 530-0002 JPN",Osaka,Osaka,530-0002,34.6977705,135.4962382,ChIJ9yrPjvLmAGARrfWEDsJW0pA
Kitashinchi Shien,https://guide.michelin.com/en/osaka-region/osaka/restaurant/kitashinchi-shien,selected,Osaka,Japan,"2F, 1-7-19 Sonezakishinchi, Kita-ku Osaka Osaka 530-0002 JPN",Osaka,Osaka,530-0002,34.6973072,135.4990109,ChIJK7MOzO3mAGAROBJOjb-hkNo
Kitashinchi Yumiba Shinnosuke,https://guide.michelin.com/en/osaka-region/osaka/restaurant/kitashinchi-yumiba-shinnosuke,selected,Osaka,Japan,"7F, 1-5-21 Sonezakishinchi, Kita-ku Osaka Osaka 530-0002 JPN",Osaka,Osaka,530-0002,34.6842651,135.5062957,ChIJ17Lxfx_nAGARZKk68csbYyc
Kiyosumi Takahara,https://guide.michelin.com/en/tokyo-region/tokyo/restaurant/kiyosumi-takahara,selected,Tokyo,Japan,"2-15-4 Kiyosumi, Koto-ku Tokyo Tokyo 135-0024 JPN",Tokyo,Tokyo,135-0024,35.6831843,139.7967148,ChIJGR55CseJGGARiz6F6Ndy6Hw
Kobe Bistro,https://guide.michelin.com/en/ho-chi-minh/ho-chi-minh_2978179/restaurant/kobe-bistro,selected,Ho Chi Minh City,Vietnam,"23C Ton Duc Thang Street, Ben Nghe Ward, District 1 Ho Chi Minh City Hồ Chí Minh 710000 VNM",Ho Chi Minh City,Hồ Chí Minh,710000,10.7825677,106.7055146,ChIJtW7Qdl8vdTERcWbYoOdRCFY
Kojacha,https://guide.michelin.com/en/seoul-capital-area/kr-seoul/restaurant/kojacha,selected,Seoul,South Korea,"17 Hakdong-ro 97-gil, Gangnam-gu Seoul Seoul Capital Area 06072 KOR",Seoul,Seoul Capital Area,06072,37.5208304,127.0551975,ChIJA9AuSt6nfDUREwYp8ug55jQ
Kommod,https://guide.michelin.com/en/vienna/wien/restaurant/kommod,selected,Vienna,Austria,Strozzigasse 40 Vienna Vienna 1080 AUT,Vienna,Vienna,1080,48.209115,16.3490638,ChIJdWZxW-sHbUcRmwCEKjVxmKw
Konnubio,https://guide.michelin.com/en/toscana/firenze/restaurant/konnubio,selected,Florence,Italy,via dei Conti 8 r Florence Tuscany 50123 ITA,Florence,Tuscany,50123,43.77430990000001,11.2532536,ChIJKc2DbwJUKhMRYX7ZbwfxGnk
Koryu Keishin,https://guide.michelin.com/en/osaka-region/osaka/restaurant/koryu-keishin,selected,Osaka,Japan,"1-5-1 Dojima, Kita-ku Osaka Osaka 530-0003 JPN",Osaka,Osaka,530-0003,34.686935,135.5101126,ChIJZ6sRyQ3nAGAR864xMJvRHBo
Koshita,https://guide.michelin.com/en/tokyo-region/tokyo/restaurant/koshita,selected,Tokyo,Japan,"4-3-20 Kudankita, Chiyoda-ku Tokyo Tokyo 102-0073 JPN",Tokyo,Tokyo,102-0073,35.700823,139.7408303,ChIJiSRxIluMGGARgaWss9mCC6o
Krokodilos,https://guide.michelin.com/en/greater-london/london/restaurant/krokodilos,selected,London,United Kingdom,"Lancer Square, 28A Kensington Church Street, Kensington London Greater London W8 4EP GBR",London,Greater London,W8 4EP,51.5031869,-0.1913553999999999,ChIJY4V2ysEPdkgRpFSEBMiLprk
Krua Sa Ros Jad,https://guide.michelin.com/en/bangkok-region/bangkok/restaurant/krua-sa-ros-jad,selected,Bangkok,Thailand,"112/1 Soi Vibhavadi 44, Vibhavadi Rangsit Road, Lat Yao, Chatuchak Bangkok Bangkok Region 10900 THA",Bangkok,Bangkok Region,10900,13.8422249,100.5619829,ChIJ16jc1Fic4jARbTiYLfBTgug
Kukuku,https://guide.michelin.com/en/tokyo-region/tokyo/restaurant/kukuku,selected,Tokyo,Japan,"2F, 7-5-11 Roppongi, Minato-ku Tokyo Tokyo 106-0032 JPN",Tokyo,Tokyo,106-0032,35.66442620000001,139.7298765,ChIJn7oKV3iLGGARNXPGOjv-zJg
Kuoco,https://guide.michelin.com/en/comunidad-de-madrid/madrid/restaurant/kuoco,selected,Madrid,Spain,Barquillo 30 Madrid Community of Madrid 28004 ESP,Madrid,Community of Madrid,28004,40.422763,-3.6955445,ChIJWyVKDYYoQg0R5jvoHijuKbQ
Kurubushi,https://guide.michelin.com/en/osaka-region/osaka/restaurant/kurubushi,selected,Osaka,Japan,"4-12 Naniwacho, Kita-ku Osaka Osaka 530-0022 JPN",Osaka,Osaka,530-0022,34.7074679,135.509718,ChIJv5ae2AbnAGARq0cgRtO4rZg
Kushiage Ryori Kawata,https://guide.michelin.com/en/tokyo-region/tokyo/restaurant/kushiage-ryori-kawata,selected,Tokyo,Japan,"7F, 1-6-9 Azabujuban, Minato-ku Tokyo Tokyo 106-0045 JPN",Tokyo,Tokyo,106-0045,35.6559393,139.7336107,ChIJYU2Yvp-LGGAR1DkkJqFIZz4
Kushikatsu Daibon,https://guide.michelin.com/en/osaka-region/osaka/restaurant/kushikatsu-daibon,selected,Osaka,Japan,"5F, 4-7-7 Nishitemma, Kita-ku Osaka Osaka 530-0047 JPN",Osaka,Osaka,530-0047,34.6966688,135.5038559,ChIJ20RuawfnAGARennhRyVCbwU
Kyoryori Aun,https://guide.michelin.com/en/tokyo-region/tokyo/restaurant/kyoryori-aun,selected,Tokyo,Japan,"1-33-6 Tomigaya, Shibuya-ku Tokyo Tokyo 151-0063 JPN",Tokyo,Tokyo,151-0063,35.6535673,139.7076963,ChIJR3V9ylyLGGARrmF7Fz2KjVo
Kyuu,https://guide.michelin.com/en/tokyo-region/tokyo/restaurant/kyuu,selected,Tokyo,Japan,"2-3-21 Nishiwaseda, Shinjuku-ku Tokyo Tokyo 162-0051 JPN",Tokyo,Tokyo,162-0051,35.7082677011771,139.716971069937,ChIJw96SZnfyGGARgbl8Fm87f3A
Käfer-Schänke,https://guide.michelin.com/en/bayern/mnchen/restaurant/kafer-schanke,selected,Munich,Germany,Prinzregentenstraße 73 Munich Bavaria 81675 DEU,Munich,Bavaria,81675,48.1405915,11.6020464,ChIJDZRuZ4t1nkcR8kMVtpyBMt0
L'ALCHIMIA ASTRATTA,https://guide.michelin.com/en/tokyo-region/tokyo/restaurant/l-alchimia-astratta,selected,Tokyo,Japan,"2-25-2 Okusawa, Setagaya-ku Tokyo Tokyo 158-0083 JPN",Tokyo,Tokyo,158-0083,35.6062382,139.6783725,ChIJySubfQD1GGARZQee4H6o660
L'EAU,https://guide.michelin.com/en/tokyo-region/tokyo/restaurant/l-eau,selected,Tokyo,Japan,"B1F, 2-14-14 Minamiaoyama, Minato-ku Tokyo Tokyo 107-0062 JPN",Tokyo,Tokyo,107-0062,35.6701414,139.720257,ChIJmbr8FaONGGARoqF6ut2IopQ
L'Espoir du Hibou,https://guide.michelin.com/en/seoul-capital-area/kr-seoul/restaurant/l-espoir-du-hibou,selected,Seoul,South Korea,"16 Dosan-daero 59-gil, Gangnam-gu Seoul Seoul Capital Area 06016 KOR",Seoul,Seoul Capital Area,06016,37.5224636,127.0401333,ChIJpwr6Gm6kfDUR4YOjEQvB5YM
L'Inconnu,https://guide.michelin.com/en/ile-de-france/paris/restaurant/l-inconnu,selected,Paris,France,4 rue Pierre-Leroux Paris Ile-de-France 75007 FRA,Paris,Ile-de-France,75007,48.8501605,2.3185686,ChIJO2QhWSxw5kcRFC7r1nNl2II
L'OIGNON,https://guide.michelin.com/en/seoul-capital-area/kr-seoul/restaurant/l-oignon,selected,Seoul,South Korea,"29 Dosan-daero 17-gil, Gangnam-gu Seoul Seoul Capital Area 06033 KOR",Seoul,Seoul Capital Area,06033,37.520622,127.0240956,ChIJQ6j87vujfDURqb5ZHxPeueM
L'Osteria di Santa Marina,https://guide.michelin.com/en/veneto/venezia/restaurant/l-osteria-di-santa-marina,selected,Venice,Italy,"campo Santa Marina, sestiere di Castello 5911 Venice Veneto 30122 ITA",Venice,Veneto,30122,45.4383438,12.3390523,ChIJrQ4xP9mxfkcRJjD1vZxgSe8
L'allium,https://guide.michelin.com/en/tokyo-region/tokyo/restaurant/l-allium,selected,Tokyo,Japan,"B1F, 4-9-23 Shirokanedai, Minato-ku Tokyo Tokyo 108-0071 JPN",Tokyo,Tokyo,108-0071,35.6375432,139.7231827,ChIJi45iWQqLGGARJix9-3OQLSY
L'aube,https://guide.michelin.com/en/tokyo-region/tokyo/restaurant/l-aube,selected,Tokyo,Japan,"1F, Ark Hills Sengokuyama Mori Tower, 1-9-10 Roppongi, Minato-ku Tokyo Tokyo 106-0032 JPN",Tokyo,Tokyo,106-0032,35.6634093,139.741803,ChIJC48Z37yLGGARA2MOBy0RHIc
L'Évadé,https://guide.michelin.com/en/ile-de-france/paris/restaurant/l-evade,selected,Paris,France,23 rue Clauzel Paris Ile-de-France 75009 FRA,Paris,Ile-de-France,75009,48.8791979,2.3377248,ChIJgWoRNjRv5kcR2422TYAEnyE
LA BONNE TABLE,https://guide.michelin.com/en/tokyo-region/tokyo/restaurant/la-bonne-table,selected,Tokyo,Japan,"1F, Coredo Muromachi2, 2-3-1 Nihombashimuromachi, Chuo-ku Tokyo Tokyo 103-0022 JPN",Tokyo,Tokyo,103-0022,35.6866993,139.7748402,ChIJqX0WqVWJGGARjgFlM_FELSg
LABSTELLE,https://guide.michelin.com/en/vienna/wien/restaurant/labstelle,selected,Vienna,Austria,Lugeck 6 Vienna Vienna 1010 AUT,Vienna,Vienna,1010,48.2095404,16.3744916,ChIJacQZY58HbUcRyFQhuQdWxjY
LACERBA,https://guide.michelin.com/en/osaka-region/osaka/restaurant/lacerba,selected,Osaka,Japan,"2F, Shin Daibiru, 1-2-1 Dojimahama, Kita-ku Osaka Osaka 530-0004 JPN",Osaka,Osaka,530-0004,34.6956667,135.4994303,ChIJvalV9e7mAGAR5In4d7Sfj3Q
LAVA,https://guide.michelin.com/en/ile-de-france/paris/restaurant/lava,selected,Paris,France,9 rue de la Montagne-Sainte-Geneviève Paris Ile-de-France 75005 FRA,Paris,Ile-de-France,75005,48.84906900000001,2.348877,ChIJs6l6heZx5kcRjKfIhap2Iro
LAZU,https://guide.michelin.com/en/ile-de-france/paris/restaurant/lazu,selected,Paris,France,47 rue Marguerite-de-Rochechouart Paris Ile-de-France 75009 FRA,Paris,Ile-de-France,75009,48.8790957,2.3454481,ChIJk1bIy0Fu5kcR2hnJCvRJpm0
LEAF,https://guide.michelin.com/en/prague/prague/restaurant/leaf,selected,Prague,Czech Republic,"Dubečská 8, Strašnice Prague Prague 10000 CZE",Prague,Prague,10000,50.0699454,14.4965932,ChIJ-8O1EeKTC0cR_qIx7nEKiVU
LES SOUVENIRS,https://guide.michelin.com/en/osaka-region/osaka/restaurant/les-souvenirs,selected,Osaka,Japan,"5F, 1-2-10 Sonezakishinchi, Kita-ku Osaka Osaka 530-0002 JPN",Osaka,Osaka,530-0002,34.6972099,135.4977382,ChIJCyroELbnAGARoRxCT1yLvaI
LUGDUNUM Bouchon Lyonnais,https://guide.michelin.com/en/tokyo-region/tokyo/restaurant/lugdunum-bouchon-lyonnais,selected,Tokyo,Japan,"4-3-7 Kagurazaka, Shinjuku-ku Tokyo Tokyo 162-0825 JPN",Tokyo,Tokyo,162-0825,35.7017658,139.7400724,ChIJQVqj81qMGGARhWBsotvf69I
La Bien Aparecida,https://guide.michelin.com/en/comunidad-de-madrid/madrid/restaurant/la-bien-aparecida,selected,Madrid,Spain,Jorge Juan 8 Madrid Community of Madrid 28001 ESP,Madrid,Community of Madrid,28001,40.4238496,-3.6870858,ChIJYaYOqaQoQg0RGm8I1qetdZA
La Bohème,https://guide.michelin.com/en/bayern/mnchen/restaurant/la-boheme502762,selected,Munich,Germany,Leopoldstraße 180 Munich Bavaria 80804 DEU,Munich,Bavaria,80804,48.1730342,11.5867684,ChIJZcelvzR0nkcRpcwq-kQ_cik
La Brianza,https://guide.michelin.com/en/tokyo-region/tokyo/restaurant/la-brianza,selected,Tokyo,Japan,"3F, Roppongi Hills Residence C, 6-12-3 Roppongi, Minato-ku Tokyo Tokyo 106-0032 JPN",Tokyo,Tokyo,106-0032,35.6588417,139.7300086,ChIJ60ecVp-LGGARNJc4f-c01zM
La Ferme du Pré,https://guide.michelin.com/en/ile-de-france/paris/restaurant/la-ferme-du-pre,selected,Paris,France,Route de Suresnes - Bois de Boulogne Paris Ile-de-France 75016 FRA,Paris,Ile-de-France,75016,48.8639993,2.2507703,ChIJXZ9lqzZl5kcRxIInGxIRFaI
La Finestra in Cucina,https://guide.michelin.com/en/prague/prague/restaurant/la-finestra-in-cucina,selected,Prague,Czech Republic,Platnérská 13 Prague Prague 110 00 CZE,Prague,Prague,110 00,50.0873513,14.4162553,ChIJGxmor-iUC0cRdTmViA87nzs
La Fontaine,https://guide.michelin.com/en/ho-chi-minh/ho-chi-minh_2978179/restaurant/la-fontaine-1210950,selected,Ho Chi Minh City,Vietnam,"2F, Trade Center, River Garden, 170 Nguyen Van Huong Street, Thao Dien Ward, Thu Duc City Ho Chi Minh City Hồ Chí Minh 70000 VNM",Ho Chi Minh City,Hồ Chí Minh,70000,10.8151737,106.72738,ChIJ5Ue13YQndTER7qiX3WGzXOo
La Forquilla,https://guide.michelin.com/en/catalunya/barcelona/restaurant/la-forquilla,selected,Barcelona,Spain,Aragó 152 Barcelona Catalonia 08011 ESP,Barcelona,Catalonia,08011,41.385718,2.1566643,ChIJi8OIIzyjpBIRubWcU35Mp5c
La Guisandera de Piñera,https://guide.michelin.com/en/comunidad-de-madrid/madrid/restaurant/la-guisandera-de-pinera,selected,Madrid,Spain,Rosario Pino 12 Madrid Community of Madrid 28020 ESP,Madrid,Community of Madrid,28020,40.4622839,-3.6923399,ChIJNT5AzhopQg0R0hLqnWQTezI
La Kanro,https://guide.michelin.com/en/osaka-region/osaka/restaurant/la-kanro,selected,Osaka,Japan,"3-9 Tenjinnishimachi, Kita-ku Osaka Osaka 530-0045 JPN",Osaka,Osaka,530-0045,34.6946459,135.5098782,ChIJzd1MztDmAGARuUXCDW620Wo
La Leggenda dei Frati,https://guide.michelin.com/en/toscana/firenze/restaurant/la-leggenda-dei-frati,selected,Florence,Italy,costa San Giorgio 6/a Florence Tuscany 50125 ITA,Florence,Tuscany,50125,43.7643054,11.256038,ChIJIcjB7f5TKhMRUjQICUtJoKE
La Llorería,https://guide.michelin.com/en/comunidad-de-madrid/madrid/restaurant/la-lloreria,selected,Madrid,Spain,San Lorenzo 4 Madrid Community of Madrid 28004 ESP,Madrid,Community of Madrid,28004,40.4251974,-3.6996101,ChIJ4yEcsQQpQg0RUNU7BWCacEY
La Lune,https://guide.michelin.com/en/tokyo-region/tokyo/restaurant/la-lune-1210250,selected,Tokyo,Japan,"2-26-16 Higashiazabu, Minato-ku Tokyo Tokyo 106-0044 JPN",Tokyo,Tokyo,106-0044,35.660214,139.719405,ChIJV7oGAWWLGGARslO9OGTuG-A
La Maison Confortable,https://guide.michelin.com/en/tokyo-region/tokyo/restaurant/la-maison-confortable,selected,Tokyo,Japan,"4F, 3-7-4 Azabujuban, Minato-ku Tokyo Tokyo 106-0045 JPN",Tokyo,Tokyo,106-0045,35.6537348,139.7350508,ChIJjeUE1hyLGGARrTB_3QOFq3g
La Maruca - Castellana,https://guide.michelin.com/en/comunidad-de-madrid/madrid/restaurant/la-maruca-castellana,selected,Madrid,Spain,Paseo de la Castellana 212 Madrid Community of Madrid 28001 ESP,Madrid,Community of Madrid,28001,40.4636177,-3.6889311,ChIJb65_KxgpQg0RSbXxVwCJXFM
La Maruca - Velázquez,https://guide.michelin.com/en/comunidad-de-madrid/madrid/restaurant/la-maruca,selected,Madrid,Spain,Velázquez 54 Madrid Community of Madrid 28001 ESP,Madrid,Community of Madrid,28001,40.4275228,-3.6837319,ChIJH_tECRHzQQ0RxKUwzmqVfTQ
La Morena,https://guide.michelin.com/en/comunidad-de-madrid/madrid/restaurant/la-morena,selected,Madrid,Spain,Paseo de la Castellana 210 Madrid Community of Madrid 28046 ESP,Madrid,Community of Madrid,28046,40.4630712,-3.688994600000001,ChIJn4yY5MopQg0RlWxWjXk_RtA
La Palombe,https://guide.michelin.com/en/greater-london/london/restaurant/la-palombe,selected,London,United Kingdom,"267 Kensington High Street, Kensington London Greater London W8 6NA GBR",London,Greater London,W8 6NA,51.4986222,-0.1996693,ChIJZ-1k6w4PdkgRlrbyvfQJcQU
La Tasquita de Enfrente,https://guide.michelin.com/en/comunidad-de-madrid/madrid/restaurant/la-tasquita-de-enfrente,selected,Madrid,Spain,Ballesta 6 Madrid Community of Madrid 28004 ESP,Madrid,Community of Madrid,28004,40.421287,-3.7035265,ChIJoQ2oZX0oQg0R6nFdo0cK4vs
La Taverna del Clínic,https://guide.michelin.com/en/catalunya/barcelona/restaurant/la-taverna-del-clinic,selected,Barcelona,Spain,Rosselló 155 Barcelona Catalonia 08036 ESP,Barcelona,Catalonia,08036,41.3888944,2.1512135,ChIJO7D_9ISipBIR5MjQsiSjFWo
La Veranda,https://guide.michelin.com/en/prague/prague/restaurant/la-veranda-104137,selected,Prague,Czech Republic,Elišky Krásnohorské 2/10 Prague Prague 110 00 CZE,Prague,Prague,110 00,50.0902599,14.4199691,ChIJSU79N-iUC0cRwTWyuJnEWMY
La Villa,https://guide.michelin.com/en/ho-chi-minh/ho-chi-minh_2978179/restaurant/la-villa-1201811,selected,Ho Chi Minh City,Vietnam,"14 Ngo Quang Huy Street, Thao Dien Ward, Thu Duc City Ho Chi Minh City Hồ Chí Minh 700000 VNM",Ho Chi Minh City,Hồ Chí Minh,700000,10.8039207,106.7328872,ChIJI9kl2-8udTERM0Vd5pSDQWA
La façon Koga,https://guide.michelin.com/en/tokyo-region/tokyo/restaurant/la-facon-koga,selected,Tokyo,Japan,"1-32-5 Uehara, Shibuya-ku Tokyo Tokyo 151-0064 JPN",Tokyo,Tokyo,151-0064,35.6687409,139.6806832,ChIJVVX53kfzGGARrkobFDcLwfU
Labombe by Trivet,https://guide.michelin.com/en/greater-london/london/restaurant/labombe-by-trivet,selected,London,United Kingdom,"COMO Metropolitan London, 19 Old Park Lane, Mayfair London Greater London W1K 1LB GBR",London,Greater London,W1K 1LB,51.50504,-0.1500275999999999,ChIJV0irD_MFdkgR6zRi3FNkXQM
Lahnyai,https://guide.michelin.com/en/bangkok-region/bangkok/restaurant/lahnyai-nusara,selected,Bangkok,Thailand,"31 Soi Suan Phlu 2, Thung Maha Mek, Sathon Bangkok Bangkok Region 10120 THA",Bangkok,Bangkok Region,10120,13.7222034,100.5384119,ChIJXz_Yexif4jARrAY1EbNGsRQ
Lai,https://guide.michelin.com/en/ho-chi-minh/ho-chi-minh_2978179/restaurant/lai,selected,Ho Chi Minh City,Vietnam,"28F, Sedona Suites, 92-94 Nam Ky Khoi Nghia Street, Ben Nghe Ward, District 1 Ho Chi Minh City Hồ Chí Minh 700000 VNM",Ho Chi Minh City,Hồ Chí Minh,700000,10.7728907,106.7005597,ChIJMcer-fQvdTERse-RuxhoJBs
Lai Rai,https://guide.michelin.com/en/greater-london/london/restaurant/lai-rai,selected,London,United Kingdom,"181 Rye Lane, Peckham London Greater London SE15 4TP GBR",London,Greater London,SE15 4TP,51.4681265,-0.0671263,ChIJnVLUQU4DdkgRQNTPSnTff0o
Lakasa,https://guide.michelin.com/en/comunidad-de-madrid/madrid/restaurant/lakasa,selected,Madrid,Spain,Plaza del Descubridor Diego de Ordás 1 Madrid Community of Madrid 28003 ESP,Madrid,Community of Madrid,28003,40.4409268,-3.7007353,ChIJa5e8D_koQg0RMZJyKnHMGE4
Lana,https://guide.michelin.com/en/comunidad-de-madrid/madrid/restaurant/lana,selected,Madrid,Spain,Ponzano 59 Madrid Community of Madrid 28003 ESP,Madrid,Community of Madrid,28003,40.4413446,-3.6992696,ChIJ6UX8wFkpQg0RatIYOhp6eEk
Langan's Brasserie,https://guide.michelin.com/en/greater-london/london/restaurant/langan-s-brasserie,selected,London,United Kingdom,"Stratton Street, Mayfair London Greater London W1J 8LB GBR",London,Greater London,W1J 8LB,51.5070855,-0.1435579,ChIJ9ylaUygFdkgRhLi_gm28zyU
Lasdun,https://guide.michelin.com/en/greater-london/london/restaurant/lasdun,selected,London,United Kingdom,"National Theatre, Upper Ground, Southwark London Greater London SE1 9PX GBR",London,Greater London,SE1 9PX,51.5075507,-0.1139929,ChIJVyHtvZEFdkgRwG5hkyJaxZ0
Lay Lao (Phaya Thai),https://guide.michelin.com/en/bangkok-region/bangkok/restaurant/lay-lao,selected,Bangkok,Thailand,"65 Soi Phahon Yothin 7, Phahon Yothin Road, Sam Sen Nai, Phaya Thai Bangkok Bangkok Region 10400 THA",Bangkok,Bangkok Region,10400,13.7817476,100.5437851,ChIJ44AEpx2c4jARZKaM12f1HQI
Lazare,https://guide.michelin.com/en/ile-de-france/paris/restaurant/lazare,selected,Paris,France,"Parvis de la gare Saint-Lazare, rue Intérieure Paris Ile-de-France 75008 FRA",Paris,Ile-de-France,75008,48.8761412,2.3255888,ChIJAbPJYTVu5kcRuFw8L6Iuy6M
Le 703,https://guide.michelin.com/en/ile-de-france/paris/restaurant/le-703,selected,Paris,France,9 rue Fourcroy Paris Ile-de-France 75017 FRA,Paris,Ile-de-France,75017,48.880398,2.2960537,ChIJS_3jFvBv5kcRfi9QK6TiLY4
Le Bistroman Atelier,https://guide.michelin.com/en/comunidad-de-madrid/madrid/restaurant/le-bistroman-atelier,selected,Madrid,Spain,Amnistía 10 Madrid Community of Madrid 28013 ESP,Madrid,Community of Madrid,28013,40.4172806,-3.7109492,ChIJv3q97EYpQg0R5TEJcXnClic
Le Bouton,https://guide.michelin.com/en/tokyo-region/tokyo/restaurant/le-bouton,selected,Tokyo,Japan,"2-15-1 Nishiazabu, Minato-ku Tokyo Tokyo 106-0031 JPN",Tokyo,Tokyo,106-0031,35.6616447,139.720988,ChIJ80DoxGSLGGARfM5QKp5mimI
Le Comptoir,https://guide.michelin.com/en/da-nang-region/da-nang_2984390/restaurant/le-comptoir-1211839,selected,Da Nang,Vietnam,"16 Che Lan Vien Street, My An Ward, Ngu Hanh Son District Da Nang Da Nang Region 550000 VNM",Da Nang,Da Nang Region,550000,16.0426746,108.2454296,ChIJw-jjo3IXQjERjDCm-Yd0EAA
Le Coq,https://guide.michelin.com/en/tokyo-region/tokyo/restaurant/le-coq,selected,Tokyo,Japan,"2-7-2 Ebisunishi, Shibuya-ku Tokyo Tokyo 150-0021 JPN",Tokyo,Tokyo,150-0021,35.6503735,139.7071986,ChIJXRWRmkOLGGARrhE16y5inTE
Le DORER,https://guide.michelin.com/en/busan-region/busan_1025838/restaurant/le-dorer,selected,Busan,South Korea,"2F, 37 Marine city 3-ro, Haeundae-gu Busan Busan 48118 KOR",Busan,Busan,48118,35.1554848,129.1466401,ChIJ3yQ_9a6SaDURZ1fPnia4NUA
Le Jardin de Kamo,https://guide.michelin.com/en/tokyo-region/tokyo/restaurant/le-jardin-de-kamo,selected,Tokyo,Japan,"8-6 Nihombashihakozakicho, Chuo-ku Tokyo Tokyo 103-0015 JPN",Tokyo,Tokyo,103-0015,35.6790788,139.7851603,ChIJ-aJMOgCJGGARtnIn4uLVWfc
Le Logis h,https://guide.michelin.com/en/osaka-region/osaka/restaurant/le-logis-h,selected,Osaka,Japan,"1-2-3 Higashitemma, Kita-ku Osaka Osaka 530-0044 JPN",Osaka,Osaka,530-0044,34.6964817,135.5174189,ChIJUeghrUHnAGARbC8K3vDojsM
Le Nez,https://guide.michelin.com/en/osaka-region/osaka/restaurant/le-nez,selected,Osaka,Japan,"2F, 1-3-29 Higashishinsaibashi, Chuo-ku Osaka Osaka 542-0083 JPN",Osaka,Osaka,542-0083,34.6742345,135.5058418,ChIJB5Gcy1znAGARRGNEzaSgMOU
Le Pont de la Tour,https://guide.michelin.com/en/greater-london/london/restaurant/le-pont-de-la-tour,selected,London,United Kingdom,"36d Shad Thames, Butlers Wharf London Greater London SE1 2YE GBR",London,Greater London,SE1 2YE,51.5036641,-0.0735662,ChIJT1ILM0YDdkgRw6emjIQI8Yo
Le Salzgries Paris,https://guide.michelin.com/en/vienna/wien/restaurant/le-salzgries-paris,selected,Vienna,Austria,Marc-Aurel-Straße 6 Vienna Vienna 1010 AUT,Vienna,Vienna,1010,48.212084,16.3732807,ChIJP7eBKKIHbUcRtg5Myju9UAI
Le Stollberg,https://guide.michelin.com/en/bayern/mnchen/restaurant/le-stollberg,selected,Munich,Germany,Stollbergstraße 2 Munich Bavaria 80539 DEU,Munich,Bavaria,80539,48.1361514,11.5829336,ChIJK16BoYl1nkcRk5iIAYcYFsw
Le progrès,https://guide.michelin.com/en/osaka-region/osaka/restaurant/le-progres,selected,Osaka,Japan,"2-1-13 Dojimahama, Kita-ku Osaka Osaka 530-0004 JPN",Osaka,Osaka,530-0004,34.6946655,135.4942766,ChIJpxEG2KbnAGARDuz3t6PBzPM
Le temps moelleux,https://guide.michelin.com/en/tokyo-region/tokyo/restaurant/le-temps-moelleux,selected,Tokyo,Japan,"B1F, 8-13-19 Akasaka, Minato-ku Tokyo Tokyo 107-0052 JPN",Tokyo,Tokyo,107-0052,35.6732767,139.738199,ChIJI-DIa_6LGGARIhhjHrggMRg
Legado,https://guide.michelin.com/en/greater-london/london/restaurant/legado,selected,London,United Kingdom,"1C Montacute Yards, 185-186 Shoreditch High Street London Greater London E1 6HU GBR",London,Greater London,E1 6HU,51.52442440000001,-0.0783523,ChIJie6cOxsddkgRwMuFOl3itdI
Lenzi Tuscan Kitchen,https://guide.michelin.com/en/bangkok-region/bangkok/restaurant/lenzi,selected,Bangkok,Thailand,"69/2 Soi Ruam Ruedi 2, Wireless Road, Lumphini, Pathum Wan Bangkok Bangkok Region 10330 THA",Bangkok,Bangkok Region,10330,13.7378589,100.5507867,ChIJpeYw7iKf4jARuYWMCANEzcA
Les 110 de Taillevent,https://guide.michelin.com/en/greater-london/london/restaurant/les-110-de-taillevent,selected,London,United Kingdom,"16 Cavendish Square, Marylebone London Greater London W1G 9DD GBR",London,Greater London,W1G 9DD,51.5170281,-0.1457883999999999,ChIJ3bFhjtQadkgR8hgO14rp-lg
Les Petits Parisiens,https://guide.michelin.com/en/ile-de-france/paris/restaurant/les-petits-parisiens,selected,Paris,France,49 avenue Jean-Moulin Paris Ile-de-France 75014 FRA,Paris,Ile-de-France,75014,48.8249105,2.3203546,ChIJ65kTdVNx5kcRb34kg2awxac
Leña Barcelona,https://guide.michelin.com/en/catalunya/barcelona/restaurant/lena-barcelona,selected,Barcelona,Spain,Plaça de Pius XII 4 Barcelona Catalonia 08028 ESP,Barcelona,Catalonia,08028,41.3864269,2.1231351,ChIJWwj4lBiZpBIR4F8Rmm45Vrc
Leña Madrid,https://guide.michelin.com/en/comunidad-de-madrid/madrid/restaurant/lena-madrid,selected,Madrid,Spain,Paseo de la Castellana 57 Madrid Community of Madrid 28046 ESP,Madrid,Community of Madrid,28046,40.4388677,-3.6916866,ChIJUxMNmfspQg0RmAjIl1ZRimU
Lilibet's,https://guide.michelin.com/en/greater-london/london/restaurant/lilibet-s,selected,London,United Kingdom,"17 Bruton Street, Mayfair London Greater London W1J 6QB GBR",London,Greater London,W1J 6QB,51.5102679,-0.1449171,ChIJT9u6kt0FdkgR4bjKKXEeIbg
Lima,https://guide.michelin.com/en/greater-london/london/restaurant/lima,selected,London,United Kingdom,"31 Rathbone Place, Fitzrovia London Greater London W1T 1JH GBR",London,Greater London,W1T 1JH,51.5177444,-0.1343306,ChIJZ-XhYiwbdkgRyIZPRR9ubOY
Little Bear,https://guide.michelin.com/en/ho-chi-minh/ho-chi-minh_2978179/restaurant/little-bear-1212889,selected,Ho Chi Minh City,Vietnam,"36 Nguyen Ba Huan Street, Thao Dien Ward, Thu Duc City Ho Chi Minh City Hồ Chí Minh 70000 VNM",Ho Chi Minh City,Hồ Chí Minh,70000,10.8031682,106.7306518,ChIJ-X1cKGIndTERdSNeNRON1Ps
Little Dragon,https://guide.michelin.com/en/comunidad-de-madrid/madrid/restaurant/little-dragon,selected,Madrid,Spain,Reyes 11 Madrid Community of Madrid 28015 ESP,Madrid,Community of Madrid,28015,40.4240978,-3.709425,ChIJteHJIJwpQg0RC4Y7ll_J2ds
Little London,https://guide.michelin.com/en/bayern/mnchen/restaurant/little-london,selected,Munich,Germany,Tal 31 Munich Bavaria 80331 DEU,Munich,Bavaria,80331,48.1356903,11.5808985,ChIJ-c5XJ4p1nkcRtDee9eN7uAM
Little Social,https://guide.michelin.com/en/greater-london/london/restaurant/no-5-social,selected,London,United Kingdom,"5 Pollen Street, Mayfair London Greater London W1S 1NE GBR",London,Greater London,W1S 1NE,51.5135148,-0.1421472,ChIJXQN1lSoFdkgRRC43GsH5TFE
Livello 1,https://guide.michelin.com/en/lazio/roma/restaurant/livello-1,selected,Rome,Italy,via Duccio di Buoninsegna 25 Rome Lazio 00142 ITA,Rome,Lazio,00142,41.8301121,12.489118,ChIJocpMpFSKJRMRbb936wGCakM
Llama Inn,https://guide.michelin.com/en/greater-london/london/restaurant/llama-inn-1215127,selected,London,United Kingdom,"1 Willow Street, Shoreditch London Greater London EC2A 4BH GBR",London,Greater London,EC2A 4BH,51.5253601,-0.0836158999999999,ChIJ3-CzCYoddkgRb6-LMuHRoyM
Los 33,https://guide.michelin.com/en/comunidad-de-madrid/madrid/restaurant/los-33,selected,Madrid,Spain,Plaza de las Salesas 9 Madrid Community of Madrid 28004 ESP,Madrid,Community of Madrid,28004,40.423838,-3.6948431,ChIJM5azoIcpQg0R07BcOybAKz0
Lovis,https://guide.michelin.com/en/berlin-region/berlin/restaurant/lovis,selected,Berlin,Germany,Kantstraße 79 Berlin Berlin 10627 DEU,Berlin,Berlin,10627,52.50695630000001,13.2975903,ChIJKRfH3UlRqEcRO8cUVPJVT1o
Luk Lak,https://guide.michelin.com/en/da-nang-region/da-nang_2984390/restaurant/luk-lak-1211910,selected,Da Nang,Vietnam,"28 Bach Dang Street, Thach Thang Ward, Hai Chau District Da Nang Da Nang Region 550000 VNM",Da Nang,Da Nang Region,550000,16.0786949,108.2237004,ChIJUWBNGo0ZQjERJDLv-2XGwe8
Luma,https://guide.michelin.com/en/bangkok-region/bangkok/restaurant/luma-1243409,selected,Bangkok,Thailand,"113/9-10 Soi Sukhumvit 55, Khlong Tan Nuea, Vadhana Bangkok Bangkok Region 10110 THA",Bangkok,Bangkok Region,10110,13.7288773,100.5807505,ChIJHyrGuFqf4jAR0IgtKFnVq2I
Lurra,https://guide.michelin.com/en/greater-london/london/restaurant/lurra,selected,London,United Kingdom,"9 Seymour Place, Marylebone London Greater London W1H 5BA GBR",London,Greater London,W1H 5BA,51.5147219,-0.1612466,ChIJTRpX1DQFdkgR7HKaZl_kRWw
Lyla,https://guide.michelin.com/en/tokyo-region/tokyo/restaurant/lyla,selected,Tokyo,Japan,"7-5-34 Akasaka, Minato-ku Tokyo Tokyo 107-0052 JPN",Tokyo,Tokyo,107-0052,35.6711556,139.7302763,ChIJ7RqRz3-LGGARYuY3f3SBEQ8
Léontine,https://guide.michelin.com/en/vienna/wien/restaurant/leontine,selected,Vienna,Austria,Reisnerstraße 39 Vienna Vienna 1030 AUT,Vienna,Vienna,1030,48.198713,16.384059,ChIJ97oSfHAHbUcRXbA8vOA1vk8
Lúa,https://guide.michelin.com/en/comunidad-de-madrid/madrid/restaurant/lua,selected,Madrid,Spain,Eduardo Dato 5 Madrid Community of Madrid 28010 ESP,Madrid,Community of Madrid,28010,40.4329107,-3.695733499999999,ChIJg1LX4fEoQg0ROtFyf951QuQ
Lüne,https://guide.michelin.com/en/ho-chi-minh/ho-chi-minh_2978179/restaurant/lune-1212919,selected,Ho Chi Minh City,Vietnam,"17/14 Le Thanh Ton Street, Ben Nghe Ward, District 1 Ho Chi Minh City Hồ Chí Minh 71006 VNM",Ho Chi Minh City,Hồ Chí Minh,71006,10.7798729,106.7041977,ChIJ4alRIIIvdTERlhsI-nxUFOQ
Lửa,https://guide.michelin.com/en/ho-chi-minh/ho-chi-minh_2978179/restaurant/lua-1206633,selected,Ho Chi Minh City,Vietnam,"2 Street No. 11, Thao Dien Ward, Thu Duc City Ho Chi Minh City Hồ Chí Minh 7000000 VNM",Ho Chi Minh City,Hồ Chí Minh,7000000,10.8051829,106.7465495,ChIJqcwxDgAndTERnWH_JBEPnFI
MAMA YAYA,https://guide.michelin.com/en/bangkok-region/bangkok/restaurant/mama-yaya,selected,Bangkok,Thailand,"53 Soi Nak Niwat 16, Lat Phrao Bangkok Bangkok Region 10230 THA",Bangkok,Bangkok Region,10230,13.8072039,100.613201,ChIJV4DrfwCd4jARaLxb3QUS_Yg
MASIA,https://guide.michelin.com/en/tokyo-region/tokyo/restaurant/masia,selected,Tokyo,Japan,"8F, 2-4-6 Ginza, Chuo-ku Tokyo Tokyo 104-0061 JPN",Tokyo,Tokyo,104-0061,35.6740067,139.7664474,ChIJ41DsxRKLGGARY9Tj5jreMtU
MATO,https://guide.michelin.com/en/osaka-region/osaka/restaurant/mato,selected,Osaka,Japan,"2F, 3-11-7 Temma, Kita-ku Osaka Osaka 530-0043 JPN",Osaka,Osaka,530-0043,34.6957699665889,135.515219434541,
MIMOSA,https://guide.michelin.com/en/tokyo-region/tokyo/restaurant/mimosa-1194182,selected,Tokyo,Japan,"2F, 3-10-40 Minamiaoyama, Minato-ku Tokyo Tokyo 107-0062 JPN",Tokyo,Tokyo,107-0062,35.6664431,139.7143626,ChIJA6odS56MGGAR0W7-N9kmmuY
Macionga,https://guide.michelin.com/en/berlin-region/berlin/restaurant/macionga,selected,Berlin,Germany,Xantener Straße 9 Berlin Berlin 10707 DEU,Berlin,Berlin,10707,52.498963,13.3108096,ChIJ1_nPmMZRqEcRU2XgRUIibWw
Madame Lam,https://guide.michelin.com/en/ho-chi-minh/ho-chi-minh_2978179/restaurant/madame-lam,selected,Ho Chi Minh City,Vietnam,"10 Tran Ngoc Dien Street, Thao Dien Ward, Thu Duc City Ho Chi Minh City Hồ Chí Minh 700000 VNM",Ho Chi Minh City,Hồ Chí Minh,700000,10.8030526,106.7390035,ChIJEYKTCNondTERAbSWd7LtfQc
Madame Lân,https://guide.michelin.com/en/da-nang-region/da-nang_2984390/restaurant/madame-lan,selected,Da Nang,Vietnam,"4 Bach Dang Street, Thach Thang Ward, Hai Chau District Da Nang Da Nang Region 550000 VNM",Da Nang,Da Nang Region,550000,16.0814063,108.2232528,ChIJe0VNzjEYQjERImNbpnRF9cI
Madhu's Southall,https://guide.michelin.com/en/greater-london/london/restaurant/madhu-s-southall,selected,London,United Kingdom,"39 South Road, Ealing London Greater London UB1 1SW GBR",London,Greater London,UB1 1SW,51.5097148,-0.3760846,ChIJ3bvHBbFydkgRyj3SZax8xJs
Maeshibaryoriten,https://guide.michelin.com/en/tokyo-region/tokyo/restaurant/maeshiba-ryoriten-1205458,selected,Tokyo,Japan,"B1F, 4-7-5 Tamagawa, Setagaya-ku Tokyo Tokyo 158-0094 JPN",Tokyo,Tokyo,158-0094,35.616789266906,139.625930025785,ChIJAQCF5znnAGARS7p3qS5malM
Maleducat,https://guide.michelin.com/en/catalunya/barcelona/restaurant/maleducat,selected,Barcelona,Spain,Manso 54 Barcelona Catalonia 08015 ESP,Barcelona,Catalonia,08015,41.3773017,2.1616571,ChIJPw0-66WjpBIRPN6jXT90c54
Mama Konstantina,https://guide.michelin.com/en/vienna/wien/restaurant/mama-konstantina,selected,Vienna,Austria,Döblinger Hauptstraße 17 Vienna Vienna 1190 AUT,Vienna,Vienna,1190,48.235617,16.3530563,ChIJ6QtW4QIHbUcRrozWhL8heFk
Man-u,https://guide.michelin.com/en/osaka-region/osaka/restaurant/man-u,selected,Osaka,Japan,"5F, 1-2-33 Dojima, Kita-ku Osaka Osaka 530-0003 JPN",Osaka,Osaka,530-0003,34.6962456,135.4997883,ChIJ0bPDVADnAGARt8uCqKvtzmY
Marcano,https://guide.michelin.com/en/comunidad-de-madrid/madrid/restaurant/marcano,selected,Madrid,Spain,Doctor Castelo 31 Madrid Community of Madrid 28009 ESP,Madrid,Community of Madrid,28009,40.420412,-3.675384,ChIJjSa4D6QoQg0RxhDqq5B7Z9U
Margotto e Baciare,https://guide.michelin.com/en/tokyo-region/tokyo/restaurant/margotto-e-baciare,selected,Tokyo,Japan,"4-2-6 Nishiazabu, Minato-ku Tokyo Tokyo 106-0031 JPN",Tokyo,Tokyo,106-0031,35.6581648,139.7234478,ChIJZ6qhQ3CLGGARzmp9ASkOGJc
Marie B,https://guide.michelin.com/en/prague/prague/restaurant/marie-b,selected,Prague,Czech Republic,Dlouhá 37 Prague Prague 11000 CZE,Prague,Prague,11000,50.0908193,14.4265888,ChIJYXy86QeVC0cR6d6HnNbCcKI
Marksman,https://guide.michelin.com/en/greater-london/london/restaurant/marksman,selected,London,United Kingdom,"254 Hackney Road, Hackney London Greater London E2 7SJ GBR",London,Greater London,E2 7SJ,51.5309165,-0.0695148,ChIJo74Bs8AcdkgRg7RlvkGVKrM
Marmitón,https://guide.michelin.com/en/comunidad-de-madrid/madrid/restaurant/marmiton,selected,Madrid,Spain,Aguas 6 Madrid Community of Madrid 28005 ESP,Madrid,Community of Madrid,28005,40.4108261,-3.7122004,ChIJ_bkgzjwnQg0RhyKJ_Ju4I-k
Martinelli,https://guide.michelin.com/en/bayern/mnchen/restaurant/martinelli,selected,Munich,Germany,Wilhelm-Dieß-Weg 2 Munich Bavaria 81927 DEU,Munich,Bavaria,81927,48.1553618,11.637266,ChIJDxISvD11nkcRKzt6SwYnyHI
Maru,https://guide.michelin.com/en/greater-london/london/restaurant/maru-1196947,selected,London,United Kingdom,"18 Shepherd Market, Mayfair London Greater London W1J 7QH GBR",London,Greater London,W1J 7QH,51.5066938,-0.1462888,ChIJgUkU7K0FdkgRfVvyQBXwWAI
Mashino Ken,https://guide.michelin.com/en/osaka-region/osaka/restaurant/mashino-ken,selected,Osaka,Japan,"2F, 1-3-6 Awajimachi, Chuo-ku Osaka Osaka 541-0047 JPN",Osaka,Osaka,541-0047,34.6771293,135.4859559,ChIJqy4wNVXmAGARdxfIxgIKbuY
Mater,https://guide.michelin.com/en/seoul-capital-area/kr-seoul/restaurant/mater-1210122,selected,Seoul,South Korea,"B1F, 16 Eonju-ro 154-gil, Gangnam-gu Seoul Seoul Capital Area 06021 KOR",Seoul,Seoul Capital Area,06021,37.5233795,127.0346401,ChIJE2Y_kdCjfDURiGU-fYokLMM
Matsuhisa Munich,https://guide.michelin.com/en/bayern/mnchen/restaurant/matsuhisa-munich,selected,Munich,Germany,Neuturmstraße 1 Munich Bavaria 80331 DEU,Munich,Bavaria,80331,48.1372505,11.5807252,ChIJy37_z4t1nkcRStnE5MGqukw
Matsuzaki,https://guide.michelin.com/en/busan-region/busan_1025838/restaurant/matsuzaki,selected,Busan,South Korea,"10 Suyeong-ro 582beon-gil, Suyeong-gu Busan Busan 48297 KOR",Busan,Busan,48297,35.1574234792287,129.113656426924,ChIJY6mZCQDtaDURmoirXwQlKcY
Mayha,https://guide.michelin.com/en/greater-london/london/restaurant/mayha,selected,London,United Kingdom,"43 Chiltern Street, Marylebone London Greater London W1U 6LS GBR",London,Greater London,W1U 6LS,51.5198421,-0.1555195,ChIJTY-7kvwbdkgRapPLQ-2Z5c0
Maymanta,https://guide.michelin.com/en/catalunya/barcelona/restaurant/maymanta,selected,Barcelona,Spain,Plaza de Pius XII 4 Barcelona Catalonia 08028 ESP,Barcelona,Catalonia,08028,41.385979,2.1233129,ChIJZ787mEWZpBIRdPbkiWI6ggk
Medlar,https://guide.michelin.com/en/greater-london/london/restaurant/medlar,selected,London,United Kingdom,"438 King's Road, Chelsea London Greater London SW10 0LJ GBR",London,Greater London,SW10 0LJ,51.483142,-0.177734,ChIJlRcZynoFdkgR0we2mTUEuTs
Meissl & Schadn,https://guide.michelin.com/en/vienna/wien/restaurant/meissl-schadn,selected,Vienna,Austria,Schubertring 10 Vienna Vienna 1010 AUT,Vienna,Vienna,1010,48.2022415,16.3749336,ChIJvygGgJ0HbUcRUOU9epLpWyc
Merachi,https://guide.michelin.com/en/tokyo-region/tokyo/restaurant/merachi,selected,Tokyo,Japan,"1-4-23 Nishiazabu, Minato-ku Tokyo Tokyo 106-0031 JPN",Tokyo,Tokyo,106-0031,35.6615163,139.7240011,ChIJeckfPMuLGGARsDJqYL9J8i4
Mezzogiorno,https://guide.michelin.com/en/greater-london/london/restaurant/mezzogiorno-1245914,selected,London,United Kingdom,"Corinthia Hotel, 10a Northumberland Avenue, Victoria London Greater London SW1A 2BD GBR",London,Greater London,SW1A 2BD,51.5066843,-0.1240671999999999,ChIJzx_3Is8EdkgRkFenPgg9lSA
Mhom,https://guide.michelin.com/en/bangkok-region/bangkok/restaurant/mhom,selected,Bangkok,Thailand,"125 Rama IX Soi 51 Yaek 3, Suan Luang, Suan Luang Bangkok Bangkok Region 10250 THA",Bangkok,Bangkok Region,10250,13.746974,100.6326107,ChIJraYe7SFhHTER3qsWlJCvKfs
MiMi Mei Fair,https://guide.michelin.com/en/greater-london/london/restaurant/mimi-mei-fair,selected,London,United Kingdom,"55 Curzon Street, Mayfair London Greater London W1J 8PG GBR",London,Greater London,W1J 8PG,51.5072934,-0.1454076,ChIJl77szvwFdkgRakYuSU8ESds
Michino Le Tourbillon,https://guide.michelin.com/en/osaka-region/osaka/restaurant/michino-le-tourbillon,selected,Osaka,Japan,"6-9-11 Fukushima, Fukushima-ku Osaka Osaka 553-0003 JPN",Osaka,Osaka,553-0003,34.6965755,135.4886002,ChIJ999dBIrmAGARCSlrbMSkriA
Mieux,https://guide.michelin.com/en/ile-de-france/paris/restaurant/mieux,selected,Paris,France,21 rue Saint-Lazare Paris Ile-de-France 75009 FRA,Paris,Ile-de-France,75009,48.876618,2.3369397,ChIJ7Ylc4Vhv5kcRZAgTOtQB0_Q
Mitsui,https://guide.michelin.com/en/tokyo-region/tokyo/restaurant/mitsui,selected,Tokyo,Japan,"5F, 3-10-2 Azabujuban, Minato-ku Tokyo Tokyo 106-0045 JPN",Tokyo,Tokyo,106-0045,35.6528925,139.7347204,ChIJTaauegCLGGARPugO77pOr0g
Miên Saigon,https://guide.michelin.com/en/ho-chi-minh/ho-chi-minh_2978179/restaurant/mien-saigon,selected,Ho Chi Minh City,Vietnam,"50A Dang Dung Street, Tan Dinh Ward, District 1 Ho Chi Minh City Hồ Chí Minh 710880 VNM",Ho Chi Minh City,Hồ Chí Minh,710880,10.792501,106.688895,ChIJ8w-6iwgpdTEREMxl27U5pq4
Mlýnec,https://guide.michelin.com/en/prague/prague/restaurant/mlynec,selected,Prague,Czech Republic,Novotného Lávka 9 Prague Prague 110 00 CZE,Prague,Prague,110 00,50.0854209,14.413601,ChIJq8Kqk-WUC0cR1qKYFrCBV84
Moemiljip,https://guide.michelin.com/en/busan-region/busan_1025838/restaurant/moemiljip,selected,Busan,South Korea,"2F, Orange Plaza, 23 Marine city 3-ro, Haeundae-gu Busan Busan 48118 KOR",Busan,Busan,48118,35.1566385,129.1469545,ChIJWTS65myTaDUR7_C5NKA4tH4
Moi,https://guide.michelin.com/en/lazio/roma/restaurant/moi,selected,Rome,Italy,via Antonio Serra 15 Rome Lazio 00191 ITA,Rome,Lazio,00191,41.9434883,12.4727627,ChIJaTX-yhJhLxMRdDZlBHF-Z98
Monarch,https://guide.michelin.com/en/prague/prague/restaurant/monarch,selected,Prague,Czech Republic,Na Perštýně 15 Prague Prague 110 00 CZE,Prague,Prague,110 00,50.0838678,14.418163,ChIJD4StV-6UC0cRKn8TVmBk2aQ
Montée,https://guide.michelin.com/en/ile-de-france/paris/restaurant/montee,selected,Paris,France,9 rue Léopold-Robert Paris Ile-de-France 75014 FRA,Paris,Ile-de-France,75014,48.8407977,2.3306888,ChIJ__8ruMhx5kcRYaR8gJpeAvo
Mori Venice Bar,https://guide.michelin.com/en/ile-de-france/paris/restaurant/mori-venice-bar,selected,Paris,France,27 rue Vivienne Paris Ile-de-France 75002 FRA,Paris,Ile-de-France,75002,48.8691131,2.3399855,ChIJKcoagTtu5kcR7w9__RYkVlM
Mount St.,https://guide.michelin.com/en/greater-london/london/restaurant/mount-st,selected,London,United Kingdom,"First Floor, 41-43 Mount Street, Mayfair London Greater London W1K 2RX GBR",London,Greater London,W1K 2RX,51.5097059,-0.1515883999999999,ChIJd8Vf0-UFdkgRbSaCIpLtUXo
Mr. Ahn's Craft Makgeolli,https://guide.michelin.com/en/seoul-capital-area/kr-seoul/restaurant/mr-ahn-s-craft-makgeolli-1192580,selected,Seoul,South Korea,"3 Hoenamu-ro, Yongsan-gu Seoul Seoul Capital Area 04343 KOR",Seoul,Seoul Capital Area,04343,37.5385806,126.9874086,ChIJxRiox02ifDURTKtvmicQdHE
Mudrá,https://guide.michelin.com/en/comunidad-de-madrid/madrid/restaurant/mudra,selected,Madrid,Spain,Recoletos 13 Madrid Community of Madrid 28001 ESP,Madrid,Community of Madrid,28001,40.421855,-3.6898673,ChIJOwTcIaIpQg0RMV-Y-m-xreU
Mugunghwa,https://guide.michelin.com/en/seoul-capital-area/kr-seoul/restaurant/mugunghwa,selected,Seoul,South Korea,"38F Lotte Hotel, 30 Eulji-ro, Jung-gu Seoul Seoul Capital Area 04533 KOR",Seoul,Seoul Capital Area,04533,37.5653,126.980979,ChIJYdgV_PGifDURunjvQVtAzaU
Mukjung,https://guide.michelin.com/en/seoul-capital-area/kr-seoul/restaurant/mukjung,selected,Seoul,South Korea,"17 Teogye-ro 48-gil, Jung-gu Seoul Seoul Capital Area 04619 KOR",Seoul,Seoul Capital Area,04619,37.5618138,127.0005302,ChIJYxLPGQCjfDURXB0wJktN-Hk
My Hanh Seafood,https://guide.michelin.com/en/da-nang-region/da-nang_2984390/restaurant/my-hanh-seafood,selected,Da Nang,Vietnam,"3-5 Vo Nguyen Giap Street, Phuoc My Ward, Son Tra District Da Nang Da Nang Region 550000 VNM",Da Nang,Da Nang Region,550000,16.0654025,108.2461698,ChIJudsANu4XQjERbLKxjXDLHtU
Myrtos,https://guide.michelin.com/en/greater-london/london/restaurant/myrtos,selected,London,United Kingdom,"260-262 Brompton Road, South Kensington London Greater London SW3 2AS GBR",London,Greater London,SW3 2AS,51.4941023,-0.1690429,ChIJ5eVFDK8FdkgR7xxxLxiZzro
Mâche,https://guide.michelin.com/en/ile-de-france/paris/restaurant/mache,selected,Paris,France,61 rue de Chabrol Paris Ile-de-France 75010 FRA,Paris,Ile-de-France,75010,48.8769636,2.3509406,ChIJJa2zzUFv5kcRb84DZAWvWX0
Mì Quảng 1A,https://guide.michelin.com/en/da-nang-region/da-nang_2984390/restaurant/mi-quang-1a,selected,Da Nang,Vietnam,"1A Hai Phong Street, Hai Chau I Ward, Hai Chau District Da Nang Da Nang Region 550000 VNM",Da Nang,Da Nang Region,550000,16.0723938,108.2191157,ChIJX-Pc1zYYQjEROyhEA-ZYJ5g
MỘC Quán Seafood,https://guide.michelin.com/en/da-nang-region/da-nang_2984390/restaurant/moc,selected,Da Nang,Vietnam,"26 To Hien Thanh, Phuoc My Ward, Son Tra District Da Nang Da Nang Region 550000 VNM",Da Nang,Da Nang Region,550000,16.0639962,108.2415744,ChIJx6-KGnIXQjER7x-T0zeOlBw
Mỳ Quảng Cô Sáu,https://guide.michelin.com/en/da-nang-region/da-nang_2984390/restaurant/my-quang-co-sau,selected,Da Nang,Vietnam,"397 Tran Hung Dao Street, An Hai Tay Ward, Son Tra District Da Nang Da Nang Region 550000 VNM",Da Nang,Da Nang Region,550000,16.0661787,108.2296635,ChIJgRyzBl8ZQjERJF9sFGvE4R8
NANAHIRO,https://guide.michelin.com/en/tokyo-region/tokyo/restaurant/nanahiro,selected,Tokyo,Japan,"3F, 4-2-5 Nishiazabu, Minato-ku Tokyo Tokyo 106-0031 JPN",Tokyo,Tokyo,106-0031,35.6601742,139.7235797,ChIJEwlemnqLGGARhwMuRpwpkBI
NELU KORAIBASHI,https://guide.michelin.com/en/osaka-region/osaka/restaurant/nelu-koraibashi,selected,Osaka,Japan,"2-6-4 Koraibashi, Chuo-ku Osaka Osaka 541-0043 JPN",Osaka,Osaka,541-0043,35.0116524,135.7659746,ChIJ5VlV1JznAGARViDhBLGvdkQ
Nairod,https://guide.michelin.com/en/catalunya/barcelona/restaurant/nairod,selected,Barcelona,Spain,Aribau 141 Barcelona Catalonia 08036 ESP,Barcelona,Catalonia,08036,41.3921657,2.1541582,ChIJmWTVw26jpBIRD7cH1WzFzlo
Namakzip,https://guide.michelin.com/en/busan-region/busan_1025838/restaurant/namakzip,selected,Busan,South Korea,"#1068 A, W square, 145 Bunpo-ro, Nam-gu Busan Busan 48515 KOR",Busan,Busan,48515,35.1346177,129.111874,ChIJean8z9btaDURYMVqHrvL4V8
Nan Bei,https://guide.michelin.com/en/bangkok-region/bangkok/restaurant/nan-bei,selected,Bangkok,Thailand,"19F, Rosewood Hotel, 1041/38 Phloen Chit Road, Lumphini, Pathum Wan Bangkok Bangkok Region 10330 THA",Bangkok,Bangkok Region,10330,13.7433455,100.5489627,ChIJJUys49ye4jAR-TlV_Qsxx3Y
Naniwaryori Satou,https://guide.michelin.com/en/osaka-region/osaka/restaurant/naniwaryori-satou,selected,Osaka,Japan,"1-1-11 Doshin, Kita-ku Osaka Osaka 530-0035 JPN",Osaka,Osaka,530-0035,34.6682145,135.5029182,ChIJ15-1wRTnAGARHPaapixoB20
Nanyang Blossom,https://guide.michelin.com/en/greater-london/london/restaurant/nanyang-blossom,selected,London,United Kingdom,"12 Knightsbridge Green, Knightsbridge London Greater London SW1X 7QL GBR",London,Greater London,SW1X 7QL,51.5014371,-0.1624734,ChIJU6ZLJ5QFdkgRYD9koPKExGg
Naïfs,https://guide.michelin.com/en/greater-london/london/restaurant/naifs,selected,London,United Kingdom,"56 Goldsmith Road, Peckham London Greater London SE15 5TN GBR",London,Greater London,SE15 5TN,51.4755039,-0.0652669999999999,ChIJD4Ej9WwDdkgRsIaLtlVaDzU
Nebuka,https://guide.michelin.com/en/tokyo-region/tokyo/restaurant/nebuka,selected,Tokyo,Japan,"2F, 6-8-28 Roppongi, Minato-ku Tokyo Tokyo 106-0032 JPN",Tokyo,Tokyo,106-0032,35.6627191,139.7336608,ChIJSbMqPJ2LGGARGxg7Zzy-Sek
Nectari,https://guide.michelin.com/en/catalunya/barcelona/restaurant/nectari,selected,Barcelona,Spain,València 28 Barcelona Catalonia 08015 ESP,Barcelona,Catalonia,08015,41.380001,2.1466611,ChIJaS6zwH-ipBIRz1gh2_q91sc
Nephele,https://guide.michelin.com/en/ho-chi-minh/ho-chi-minh_2978179/restaurant/nephele,selected,Ho Chi Minh City,Vietnam,"125/12 Nguyen Cuu Van Street, Ward 17, Binh Thanh District, Ho Chi Minh City Hồ Chí Minh 700000 VNM",Ho Chi Minh City,Hồ Chí Minh,700000,10.7958234,106.7054243,ChIJgRjYHQApdTER8gVptVUNrLk
Nest,https://guide.michelin.com/en/greater-london/london/restaurant/nest,selected,London,United Kingdom,"374-378 Old Street, Shoreditch London Greater London EC1V 9LT GBR",London,Greater London,EC1V 9LT,51.5271018,-0.0797259,ChIJ36mWTv0cdkgR5b7OPZ84Gto
Next Door by Imperial,https://guide.michelin.com/en/prague/prague/restaurant/next-door-by-imperial,selected,Prague,Czech Republic,Zlatnická 3 Prague Prague 11000 CZE,Prague,Prague,11000,50.0899223,14.4322784,ChIJzaXCVZWUC0cRJVN8qsD7cdo
Nikaku,https://guide.michelin.com/en/bangkok-region/bangkok/restaurant/nikaku,selected,Bangkok,Thailand,"GF, W Bangkok, 106 North Sathorn Road, Si Lom, Bang Rak Bangkok Bangkok Region 10500 THA",Bangkok,Bangkok Region,10500,13.7219154,100.5287244,ChIJUZp-kVOZ4jAR7ywsoZPWijY
Nishiazabu Noguchi,https://guide.michelin.com/en/tokyo-region/tokyo/restaurant/nishiazabu-noguchi,selected,Tokyo,Japan,"1-10-16 Nishiazabu, Minato-ku Tokyo Tokyo 106-0031 JPN",Tokyo,Tokyo,106-0031,35.661409,139.7242309,ChIJmxUochCLGGARXKl40W1F5zk
Nishiazabu Otake,https://guide.michelin.com/en/tokyo-region/tokyo/restaurant/nishiazabu-otake,selected,Tokyo,Japan,"1-4-23 Nishiazabu, Minato-ku Tokyo Tokyo 106-0031 JPN",Tokyo,Tokyo,106-0031,35.6615201,139.7239213,ChIJoezl8HqLGGARBEpTGq4s7-M
Nishideria,https://guide.michelin.com/en/osaka-region/osaka/restaurant/nishideria,selected,Osaka,Japan,"2F, 3-8 Temmabashikyomachi, Chuo-ku Osaka Osaka 540-0032 JPN",Osaka,Osaka,540-0032,34.6897541,135.515094,ChIJIbMsQzLnAGARg22hd8GShXA
Noble Rot,https://guide.michelin.com/en/greater-london/london/restaurant/noble-rot,selected,London,United Kingdom,"51 Lamb’s Conduit Street, Bloomsbury London Greater London WC1N 3NB GBR",London,Greater London,WC1N 3NB,51.5218778,-0.1186974999999999,ChIJ5x0xOTYbdkgRrqbJFkt8uEI
Nobu London Old Park Lane,https://guide.michelin.com/en/greater-london/london/restaurant/nobu69380,selected,London,United Kingdom,"COMO Metropolitan London, 19 Old Park Lane, Mayfair London Greater London W1Y 4LB GBR",London,Greater London,W1Y 4LB,51.505149,-0.1501351,ChIJtzlJgy8FdkgRe0mah9wlo_0
Noci,https://guide.michelin.com/en/greater-london/london/restaurant/noci,selected,London,United Kingdom,"4-6 Islington Green, Islington London Greater London N1 2XA GBR",London,Greater London,N1 2XA,51.5366721,-0.1029757999999999,ChIJE77C6t0bdkgR5E3cqznybFk
Noda,https://guide.michelin.com/en/tokyo-region/tokyo/restaurant/noda-1212852,selected,Tokyo,Japan,"6-9-9 Jingumae, Shibuya-ku Tokyo Tokyo 150-0001 JPN",Tokyo,Tokyo,150-0001,35.6671379,139.7050385,ChIJxcDZrryNGGARx0ZCt2CuVgw
Nogizaka yui,https://guide.michelin.com/en/tokyo-region/tokyo/restaurant/nogizaka-yui,selected,Tokyo,Japan,"1-23-12 Minamiaoyama, Minato-ku Tokyo Tokyo 107-0062 JPN",Tokyo,Tokyo,107-0062,35.6667586,139.7281082,ChIJd4hwuH6LGGARqv4mn_Nt9s0
Noi,https://guide.michelin.com/en/comunidad-de-madrid/madrid/restaurant/noi-1186274,selected,Madrid,Spain,Recoletos 6 Madrid Community of Madrid 28001 ESP,Madrid,Community of Madrid,28001,40.4219629,-3.690712,ChIJ7btnIyYpQg0RPVAbQqkycpo
Noizé,https://guide.michelin.com/en/greater-london/london/restaurant/noize,selected,London,United Kingdom,"39 Whitfield Street, Fitzrovia London Greater London W1T 2SF GBR",London,Greater London,W1T 2SF,51.5201024,-0.1351144,ChIJFbeK_ysbdkgRtaAzrMpYRJk
Nonos par Paul Pairet,https://guide.michelin.com/en/ile-de-france/paris/restaurant/nonos-par-paul-pairet,selected,Paris,France,"Le Crillon, 10 place de la Concorde Paris Ile-de-France 75008 FRA",Paris,Ile-de-France,75008,48.8677341,2.3213875,ChIJPRuPSb9v5kcRCLft1e95YEA
Nopi,https://guide.michelin.com/en/greater-london/london/restaurant/nopi,selected,London,United Kingdom,"21-22 Warwick Street, Soho London Greater London W1B 5NE GBR",London,Greater London,W1B 5NE,51.5117272,-0.1384399,ChIJiYjWsdUEdkgRF9gDUUHqQl4
Norma,https://guide.michelin.com/en/greater-london/london/restaurant/norma,selected,London,United Kingdom,"8 Charlotte Street, Fitzrovia London Greater London W1T 2LS GBR",London,Greater London,W1T 2LS,51.51833990000001,-0.1343925,ChIJYaCsemYbdkgRjzlIMV5qa4c
North,https://guide.michelin.com/en/bangkok-region/bangkok/restaurant/north,selected,Bangkok,Thailand,"8 Soi Sukhumvit 33, Khlong Tan Nuea, Vadhana Bangkok Bangkok Region 10110 THA",Bangkok,Bangkok Region,10110,13.7334696,100.5674502,ChIJcRgyCeyf4jARKQO8CpoIlJ8
North Port,https://guide.michelin.com/en/perth-and-kinross/gb-perth/restaurant/north-port,selected,Perth,Australia,8 North Port Perth Perth and Kinross PH1 5LU GBR,Perth,Perth and Kinross,PH1 5LU,56.3984554,-3.4292326,ChIJOcmvsBM7hkgRE5YD1jLD9wM
Nosso,https://guide.michelin.com/en/ile-de-france/paris/restaurant/nosso,selected,Paris,France,22 promenade Claude-Lévi-Strauss Paris Ile-de-France 75013 FRA,Paris,Ile-de-France,75013,48.8316698,2.3745149,ChIJOXlENjhz5kcRHYsDcJiD9Gc
Noto Kanazawanosachi Ginza Furuta,https://guide.michelin.com/en/tokyo-region/tokyo/restaurant/noto-kanazawanosachi-ginza-furuta,selected,Tokyo,Japan,"5-10-11 Ginza, Chuo-ku Tokyo Tokyo 104-0061 JPN",Tokyo,Tokyo,104-0061,35.6698843,139.7654739,ChIJ4xOQ_uaLGGAR-9jRcGznMFk
Nous 4,https://guide.michelin.com/en/ile-de-france/paris/restaurant/nous-4,selected,Paris,France,3 rue Beccaria Paris Ile-de-France 75012 FRA,Paris,Ile-de-France,75012,48.846876,2.379055,ChIJd0Lizg9y5kcREFxaQMvhwDo
Nu Đồ Kitchen,https://guide.michelin.com/en/da-nang-region/da-nang_2984390/restaurant/nu-%C4%91o-kitchen,selected,Da Nang,Vietnam,"11/1 Luu Quang Thuan Street, My An Ward, Ngu Hanh Son District Da Nang Da Nang Region 550000 VNM",Da Nang,Da Nang Region,550000,16.0409798,108.2454259,ChIJ-8q6BqQXQjER-jNdTRfeLzc
Nunuka - Bistrot Georgia,https://guide.michelin.com/en/comunidad-de-madrid/madrid/restaurant/nunuka,selected,Madrid,Spain,Libertad 13 Madrid Community of Madrid 28004 ESP,Madrid,Community of Madrid,28004,40.4208672,-3.697648,ChIJAXY8g28pQg0RqdqqyN3dMJo
Nymphenburger Hof,https://guide.michelin.com/en/bayern/mnchen/restaurant/nymphenburger-hof,selected,Munich,Germany,Nymphenburger Straße 24 Munich Bavaria 80335 DEU,Munich,Bavaria,80335,48.1490215,11.5524896,ChIJ6SxuMAh2nkcRORJ7IUOFHE0
Nén Danang,https://guide.michelin.com/en/da-nang-region/da-nang_2984390/restaurant/nen-danang,selected,Da Nang,Vietnam,"16 My Da Tay 2 Street, Khue My Ward, Ngu Hanh Son District Da Nang Da Nang Region 50506 VNM",Da Nang,Da Nang Region,50506,16.0346026,108.2395581,ChIJN-vJNV8XQjERNccI4vX2rHY
Nén Light,https://guide.michelin.com/en/ho-chi-minh/ho-chi-minh_2978179/restaurant/nen-light,selected,Ho Chi Minh City,Vietnam,"122/2 Tran Dinh Xu Street, Nguyen Cu Trinh Ward, District 1 Ho Chi Minh City Hồ Chí Minh 700000 VNM",Ho Chi Minh City,Hồ Chí Minh,700000,10.762641,106.6885209,ChIJv0Z1o8IvdTERNEjCaebTlsg
Năm Đảnh,https://guide.michelin.com/en/da-nang-region/da-nang_2984390/restaurant/nam-%C4%91anh,selected,Da Nang,Vietnam,"139/59/38 Tran Quang Khai Street, Tho Quang Ward, Son Tra District Da Nang Da Nang Region 550000 VNM",Da Nang,Da Nang Region,550000,16.1022967,108.2533986,ChIJkYkOmOMXQjEREz4KLKpwAOE
Nœud. TOKYO,https://guide.michelin.com/en/tokyo-region/tokyo/restaurant/n%C5%93ud-tokyo,selected,Tokyo,Japan,"B1F, 2-5-7 Hirakawacho, Chiyoda-ku Tokyo Tokyo 102-0093 JPN",Tokyo,Tokyo,102-0093,35.6797293,139.7387309,ChIJt5zGCmWNGGARxzZXLKI63i8
O'Grelo,https://guide.michelin.com/en/comunidad-de-madrid/madrid/restaurant/o-grelo,selected,Madrid,Spain,Menorca 39 Madrid Community of Madrid 28009 ESP,Madrid,Community of Madrid,28009,40.4194447,-3.6742675,ChIJQXUp0qUoQg0Rv9DotsANAuQ
O2,https://guide.michelin.com/en/tokyo-region/tokyo/restaurant/o2,selected,Tokyo,Japan,"2-15-12 Miyoshi, Koto-ku Tokyo Tokyo 135-0022 JPN",Tokyo,Tokyo,135-0022,35.6802997,139.8026863,ChIJLQmNmxeJGGARPF8EFqBjajU
OIMATSU Tempura Suzuki,https://guide.michelin.com/en/osaka-region/osaka/restaurant/oimatsu-tempura-suzuki,selected,Osaka,Japan,"4-4-2 Nishitemma, Kita-ku Osaka Osaka 530-0047 JPN",Osaka,Osaka,530-0047,34.6973664,135.5052479,ChIJPwqzCX_nAGARlkd0yhz7_r8
ON,https://guide.michelin.com/en/seoul-capital-area/kr-seoul/restaurant/on565623,selected,Seoul,South Korea,"B1F, 42 Dosan-daero 92-gil, Gangnam-gu Seoul Seoul Capital Area 06070 KOR",Seoul,Seoul Capital Area,06070,37.5220012530706,127.049481343947,
ONYX,https://guide.michelin.com/en/vienna/wien/restaurant/onyx-1192428,selected,Vienna,Austria,Stephansplatz 12 Vienna Vienna 1010 AUT,Vienna,Vienna,1010,48.2083333,16.3716667,ChIJMQdQLJ8HbUcRobUqn24z1Rc
OPUS,https://guide.michelin.com/en/vienna/wien/restaurant/opus,selected,Vienna,Austria,Kärntner Ring 16 Vienna Vienna 1015 AUT,Vienna,Vienna,1015,48.2008577,16.3732756,ChIJ3QTIaZ0HbUcRP3cRJCsxvlM
Ochre,https://guide.michelin.com/en/greater-london/london/restaurant/ochre-1203539,selected,London,United Kingdom,"The National Gallery, Trafalgar Square, St James’s London Greater London WC2N 5DN GBR",London,Greater London,WC2N 5DN,51.5089559,-0.1273776999999999,ChIJ4y24cs4EdkgRLxebNYSEplk
Octo,https://guide.michelin.com/en/ho-chi-minh/ho-chi-minh_2978179/restaurant/octo-1206692,selected,Ho Chi Minh City,Vietnam,"2F, 75 Ho Tung Mau Street, Ben Nghe Ward, District 1 Ho Chi Minh City Hồ Chí Minh 700000 VNM",Ho Chi Minh City,Hồ Chí Minh,700000,10.7785004,106.7037745,ChIJY36QJ0YvdTERSsKGBuhpiCI
Odette,https://guide.michelin.com/en/ile-de-france/paris/restaurant/odette535607,selected,Paris,France,25 rue du Pont-Neuf Paris Ile-de-France 75001 FRA,Paris,Ile-de-France,75001,48.860757,2.344313,ChIJVxpO4yFu5kcRVKbB2xMvLMY
Oilje,https://guide.michelin.com/en/seoul-capital-area/kr-seoul/restaurant/oilje,selected,Seoul,South Korea,"29 Hangang-daero 62da-gil, Yongsan-gu Seoul Seoul Capital Area 04382 KOR",Seoul,Seoul Capital Area,04382,37.5325443,126.9747393,ChIJ_QFVYGSjfDURpdna_-3xNGI
Ojo,https://guide.michelin.com/en/bangkok-region/bangkok/restaurant/ojo-bangkok,selected,Bangkok,Thailand,"76F, The Standard Bangkok Mahanakhon, 114 Narathiwas Road, Si Lom, Bang Rak Bangkok Bangkok Region 10500 THA",Bangkok,Bangkok Region,10500,13.7234536,100.5285824,ChIJkyzUoEyZ4jARDEHlKpWbX50
Okra FoodBar,https://guide.michelin.com/en/ho-chi-minh/ho-chi-minh_2978179/restaurant/okra-foodbar,selected,Ho Chi Minh City,Vietnam,"2 Le Van Mien Street, Thao Dien Ward, Thu Duc City Ho Chi Minh City Hồ Chí Minh 71300 VNM",Ho Chi Minh City,Hồ Chí Minh,71300,10.8045288,106.7319296,ChIJS5LtHBAndTER_CEId34EPLI
Oku,https://guide.michelin.com/en/osaka-region/osaka/restaurant/oku-1205448,selected,Osaka,Japan,"2-1-37 Katamachi, Miyakojima-ku Osaka Osaka 534-0025 JPN",Osaka,Osaka,534-0025,34.694391,135.5300432,ChIJAQDUndbgAGARylrR7S5e7Dk
Olh Eum,https://guide.michelin.com/en/seoul-capital-area/kr-seoul/restaurant/olh-eum,selected,Seoul,South Korea,"3F, 37 Seolleung-ro 152-gil, Gangnam-gu Seoul Seoul Capital Area 06016 KOR",Seoul,Seoul Capital Area,06016,37.5230138,127.052256,ChIJ07En6IijfDURbAnIZ84_Wac
Olivia,https://guide.michelin.com/en/ho-chi-minh/ho-chi-minh_2978179/restaurant/olivia-1205312,selected,Ho Chi Minh City,Vietnam,"31A Le Van Mien Street, Thao Dien Ward, Thu Duc City Ho Chi Minh City Hồ Chí Minh 700000 VNM",Ho Chi Minh City,Hồ Chí Minh,700000,10.7805203,106.7004891,ChIJWdVgZm4vdTERJvyUCbQS0ts
Olivia's Prime,https://guide.michelin.com/en/da-nang-region/da-nang_2984390/restaurant/olivia-s-prime,selected,Da Nang,Vietnam,"Lot G1-G4, GF, Indochina Mall, 74 Bach Dang Street, Hai Chau 1 Ward, Hai Chau District Da Nang Da Nang Region 550000 VNM",Da Nang,Da Nang Region,550000,16.0701673,108.2242232,ChIJYxCN7iwYQjERLuz4t50uWQo
Olivos,https://guide.michelin.com/en/catalunya/barcelona/restaurant/olivos,selected,Barcelona,Spain,Galileu 159 Barcelona Catalonia 08028 ESP,Barcelona,Catalonia,08028,41.380405,2.1338305,ChIJdddVPoiYpBIRH-u56MmnugE
Omeraki,https://guide.michelin.com/en/comunidad-de-madrid/madrid/restaurant/omeraki,selected,Madrid,Spain,Duque de Sesto 27 Madrid Community of Madrid 28009 ESP,Madrid,Community of Madrid,28009,40.4226046,-3.6753093,ChIJiVihijApQg0RiZyfNOjVSUE
One Club Row,https://guide.michelin.com/en/greater-london/london/restaurant/one-club-row,selected,London,United Kingdom,"1 Club Row, Shoreditch London Greater London E1 6JX GBR",London,Greater London,E1 6JX,51.5240027,-0.074219,ChIJLTPl7JIddkgR76bZYSpbA2A
One Degree North,https://guide.michelin.com/en/seoul-capital-area/kr-seoul/restaurant/one-degree-north,selected,Seoul,South Korea,"8 Hakdong-ro 43-gil, Gangnam-gu Seoul Seoul Capital Area 06061 KOR",Seoul,Seoul Capital Area,06061,37.5167837,127.0374221,ChIJdwaXkL6jfDURhRvzNknpctE
Onyva,https://guide.michelin.com/en/seoul-capital-area/kr-seoul/restaurant/onyva,selected,Seoul,South Korea,"B1, 15 Dosan-daero 75-gil, Gangnam-gu Seoul Seoul Capital Area 06015 KOR",Seoul,Seoul Capital Area,06015,37.5251521,127.045702,ChIJZ6wvtROlfDURtlX0fHf89Ak
Orania.Berlin,https://guide.michelin.com/en/berlin-region/berlin/restaurant/orania-berlin,selected,Berlin,Germany,Oranienplatz 17 Berlin Berlin 10999 DEU,Berlin,Berlin,10999,52.5023124,13.4169165,ChIJhVPKSjJOqEcREl5tz5Ti7ok
Orchestra,https://guide.michelin.com/en/tokyo-region/tokyo/restaurant/orchestra,selected,Tokyo,Japan,"4-1-7 Yoyogi, Shibuya-ku Tokyo Tokyo 151-0053 JPN",Tokyo,Tokyo,151-0053,35.6778315,139.6923131,ChIJn0LCPcuMGGARkALm5dK40P4
Oryori Horiuchi,https://guide.michelin.com/en/tokyo-region/tokyo/restaurant/oryori-horiuchi,selected,Tokyo,Japan,"9-15 Arakicho, Shinjuku-ku Tokyo Tokyo 160-0007 JPN",Tokyo,Tokyo,160-0007,35.6929241,139.6983149,ChIJ__97-daMGGARAWYjwQZtOEg
Oryori Ichiho,https://guide.michelin.com/en/tokyo-region/tokyo/restaurant/oryori-ichiho,selected,Tokyo,Japan,"3F, 1-23-10 Ebisu, Shibuya-ku Tokyo Tokyo 150-0013 JPN",Tokyo,Tokyo,150-0013,35.6480215,139.7153124,ChIJ-XBHrW6LGGARZwrLmE6QbSA
Oryori Katsushi,https://guide.michelin.com/en/tokyo-region/tokyo/restaurant/oryori-katsushi,selected,Tokyo,Japan,"3F, 8-7-19 Ginza, Chuo-ku Tokyo Tokyo 104-0061 JPN",Tokyo,Tokyo,104-0061,35.6684724,139.7609606,ChIJ8_jxkHmLGGARxif1m9ddRus
Oryori Kokoroba,https://guide.michelin.com/en/tokyo-region/tokyo/restaurant/oryori-kokoroba,selected,Tokyo,Japan,"3F, 2-10-11 Nihombashiningyocho, Chuo-ku Tokyo Tokyo 103-0013 JPN",Tokyo,Tokyo,103-0013,35.6870501,139.7730495,ChIJ9fcZgFWJGGARba-URZY-YKw
Oryz,https://guide.michelin.com/en/ho-chi-minh/ho-chi-minh_2978179/restaurant/oryz,selected,Ho Chi Minh City,Vietnam,"51 Tran Nhat Duat Street, Tan Dinh Ward, District 1 Ho Chi Minh City Hồ Chí Minh 710700 VNM",Ho Chi Minh City,Hồ Chí Minh,710700,10.793999,106.6896054,ChIJT6hkLNYpdTERqbm5Pi4esfo
Osmosis,https://guide.michelin.com/en/catalunya/barcelona/restaurant/osmosis,selected,Barcelona,Spain,Aribau 100 Barcelona Catalonia 08036 ESP,Barcelona,Catalonia,08036,41.3903007,2.157169,ChIJm29JzI-ipBIRgONW28jE414
Osteria Ottanta Sette,https://guide.michelin.com/en/osaka-region/osaka/restaurant/osteria-ottanta-sette,selected,Osaka,Japan,"4-1-11 Nishitemma, Kita-ku Osaka Osaka 530-0047 JPN",Osaka,Osaka,530-0047,34.6997588,135.4991681,ChIJk-lbIu3mAGARgJUFKCwFPI8
Osteria alle Testiere,https://guide.michelin.com/en/veneto/venezia/restaurant/osteria-alle-testiere,selected,Venice,Italy,"calle del Mondo Novo, sestiere Castello 5801 Venice Veneto 30122 ITA",Venice,Veneto,30122,45.4370329,12.3402057,ChIJTZhlPPOxfkcRVPNinHERw7k
Osteria da Fiore,https://guide.michelin.com/en/veneto/venezia/restaurant/osteria-da-fiore,selected,Venice,Italy,"calle del Scaleter, sestiere San Polo 2202/a Venice Veneto 30125 ITA",Venice,Veneto,30125,45.4386474,12.3292758,ChIJSxH8ysWxfkcRKkDdrpnjTZc
Otsuki,https://guide.michelin.com/en/osaka-region/osaka/restaurant/otsuki,selected,Osaka,Japan,"1-2-4 Fukushima, Fukushima-ku Osaka Osaka 553-0003 JPN",Osaka,Osaka,553-0003,34.695347,135.4881778,ChIJyffEVvXmAGARKKzuFe2U1_I
Otto,https://guide.michelin.com/en/ile-de-france/paris/restaurant/otto-1205489,selected,Paris,France,5 rue Mouffetard Paris Ile-de-France 75005 FRA,Paris,Ile-de-France,75005,48.8448489,2.3493675,ChIJx6VuJ2dx5kcRpX-dsyUlkL0
Oukan,https://guide.michelin.com/en/berlin-region/berlin/restaurant/oukan,selected,Berlin,Germany,Ackerstraße 144 Berlin Berlin 10115 DEU,Berlin,Berlin,10115,52.5320486,13.3959774,ChIJa3DboXJRqEcR8cNBig6jihY
Ovillo,https://guide.michelin.com/en/comunidad-de-madrid/madrid/restaurant/ovillo,selected,Madrid,Spain,Pantoja 8 Madrid Community of Madrid 28002 ESP,Madrid,Community of Madrid,28002,40.4475099,-3.6703652,ChIJtQ6kA6EpQg0RVXR-ucyQ_1c
Ozio Gastronómico,https://guide.michelin.com/en/comunidad-de-madrid/madrid/restaurant/ozio-gastronomico,selected,Madrid,Spain,Aviador Zorita 37 Madrid Community of Madrid 28020 ESP,Madrid,Community of Madrid,28020,40.4505076,-3.6984756,ChIJm_D9Vc0pQg0RfDFujKOabf4
PERIGEE,https://guide.michelin.com/en/seoul-capital-area/kr-seoul/restaurant/perigee,selected,Seoul,South Korea,"6-5 Bongeunsa-ro 68-gil, Gangnam-gu Seoul Seoul Capital Area 06153 KOR",Seoul,Seoul Capital Area,06153,37.5112619,127.0494907,ChIJGc7HIKOlfDUR8CD_FNhLaEQ
PONTE DEL PIATTO,https://guide.michelin.com/en/tokyo-region/tokyo/restaurant/ponte-del-piatto,selected,Tokyo,Japan,"5-19-7 Hiro, Shibuya-ku Tokyo Tokyo 150-0012 JPN",Tokyo,Tokyo,150-0012,35.6490593,139.7202865,ChIJ89mJzBKLGGAR6tcxlMCk3JM
PONTE VECCHIO,https://guide.michelin.com/en/osaka-region/osaka/restaurant/ponte-vecchio,selected,Osaka,Japan,"1-8-16 Kitahama, Chuo-ku Osaka Osaka 541-0041 JPN",Osaka,Osaka,541-0041,34.6914424,135.5073063,ChIJh4sB4t3mAGAR_sRIp21V5Is
Paco Meralgo,https://guide.michelin.com/en/catalunya/barcelona/restaurant/paco-meralgo,selected,Barcelona,Spain,Muntaner 171 Barcelona Catalonia 08036 ESP,Barcelona,Catalonia,08036,41.3916259,2.1524973,ChIJzeQs2JqipBIREQ4pkufEXzM
Pacto Raíz,https://guide.michelin.com/en/comunidad-de-madrid/madrid/restaurant/pacto-raiz,selected,Madrid,Spain,Espartinas 5 Madrid Community of Madrid 28001 ESP,Madrid,Community of Madrid,28001,40.4244208,-3.6793114,ChIJQ0QrducpQg0RS319tReEKT4
Palais de Chine,https://guide.michelin.com/en/seoul-capital-area/kr-seoul/restaurant/palais-de-chine,selected,Seoul,South Korea,"6F L'Escape Hotel, 67 Toegye-ro, Jung-gu Seoul Seoul Capital Area 04529 KOR",Seoul,Seoul Capital Area,04529,37.5600655935618,126.979761465203,ChIJuxUby8OjfDURRXKWIFiojR4
Palmier by Guillaume Galliot,https://guide.michelin.com/en/bangkok-region/bangkok/restaurant/palmier-by-guillaume-galliot,selected,Bangkok,Thailand,"Four Seasons Private Residences Bangkok, 300/1 Charoen Krung Road, Yan Nawa, Sathon Bangkok Bangkok Region 10120 THA",Bangkok,Bangkok Region,10120,13.712172,100.5100059,ChIJgzzH6leZ4jARrxEBjZXotg8
Parzival,https://guide.michelin.com/en/prague/prague/restaurant/parzival,selected,Prague,Czech Republic,Karoliny Světlé 323/27 Prague Prague 11000 CZE,Prague,Prague,11000,50.0836652,14.414289,ChIJYbmVDyqVC0cRwEJEiD4PzvA
Pastamara - Bar con Cucina,https://guide.michelin.com/en/vienna/wien/restaurant/pastamara-bar-con-cucina,selected,Vienna,Austria,Schubertring 5 Vienna Vienna 1010 AUT,Vienna,Vienna,1010,48.2024031,16.3761699,ChIJlUaeRCwHbUcRfv9PPGYK1-w
Paste,https://guide.michelin.com/en/bangkok-region/bangkok/restaurant/paste,selected,Bangkok,Thailand,"3F, Gaysorn Village, 999 Phloen Chit Road, Lumphini, Pathum Wan Bangkok Bangkok Region 10330 THA",Bangkok,Bangkok Region,10330,13.7451977,100.5407743,ChIJv7TOAdCe4jARIzQBBoyuBVY
Patous,https://guide.michelin.com/en/tokyo-region/tokyo/restaurant/patous,selected,Tokyo,Japan,"3-4-14 Azabudai, Minato-ku Tokyo Tokyo 106-0041 JPN",Tokyo,Tokyo,106-0041,35.6604609,139.7392264,ChIJw5UEYCWLGGAR3Y1Ho30nAow
Paulette,https://guide.michelin.com/en/greater-london/london/restaurant/paulette-1214770,selected,London,United Kingdom,"18 Formosa Street, Little Venice London Greater London W9 1EE GBR",London,Greater London,W9 1EE,51.5245646,-0.1851325999999999,ChIJ43gFVnIbdkgR0aO_Re8ioko
Petersham Nurseries Café,https://guide.michelin.com/en/greater-london/london/restaurant/petersham-nurseries-cafe,selected,London,United Kingdom,"Church Lane, Richmond London Greater London TW10 7AG GBR",London,Greater London,TW10 7AG,51.4469911,-0.3024828,ChIJqXpfmBQMdkgRLTFvDCvZvjk
Pfistermühle,https://guide.michelin.com/en/bayern/mnchen/restaurant/pfistermuhle,selected,Munich,Germany,Pfisterstraße 4 Munich Bavaria 80331 DEU,Munich,Bavaria,80331,48.1382803,11.5792016,ChIJo_iVmIt1nkcRp7dkzCVONg0
Phat Kaolao Beef,https://guide.michelin.com/en/bangkok-region/bangkok/restaurant/phat-kaolao-beef,selected,Bangkok,Thailand,"29 Ratchaphruek Road, Bang Waek, Phasi Charoen Bangkok Bangkok Region 10160 THA",Bangkok,Bangkok Region,10160,13.736133,100.447423,ChIJqXHoYX6X4jAR58Ivd2-SrOg
Phra Nakhon,https://guide.michelin.com/en/bangkok-region/bangkok/restaurant/phra-nakhon,selected,Bangkok,Thailand,"Lower Lobby, Capella Bangkok, 300/2 Charoenkrung Road, Yan Nawa, Sathon Bangkok Bangkok Region 10120 THA",Bangkok,Bangkok Region,10120,13.7131047,100.5110225,ChIJqcNXkyaZ4jAR6PgpLK1RNzI
Phébé,https://guide.michelin.com/en/ile-de-france/paris/restaurant/phebe,selected,Paris,France,190 rue de Courcelles Paris Ile-de-France 75017 FRA,Paris,Ile-de-France,75017,48.885699,2.296903,ChIJ45alMZdv5kcRQTV2IIU72JA
Phở Bò Phú Gia (District 3),https://guide.michelin.com/en/ho-chi-minh/ho-chi-minh_2978179/restaurant/pho-bo-phu-gia,selected,Ho Chi Minh City,Vietnam,"146E Ly Chinh Thang Street, Ward 14, District 3 Ho Chi Minh City Hồ Chí Minh 722700 VNM",Ho Chi Minh City,Hồ Chí Minh,722700,10.7864175,106.6845135,ChIJ445qOwApdTERdY22HUbLfY0
Phở Hùng (District 1),https://guide.michelin.com/en/ho-chi-minh/ho-chi-minh_2978179/restaurant/pho-hung,selected,Ho Chi Minh City,Vietnam,"241-243 Nguyen Trai Street, Nguyen Cu Trinh Ward, District 1 Ho Chi Minh City Hồ Chí Minh 71014 VNM",Ho Chi Minh City,Hồ Chí Minh,71014,10.7648891,106.6877054,ChIJgTpe0RkvdTERiArZU41y19w
Phở Việt Nam (District 1),https://guide.michelin.com/en/ho-chi-minh/ho-chi-minh_2978179/restaurant/pho-viet-nam-district-1,selected,Ho Chi Minh City,Vietnam,"14 Pham Hong Thai Street, Ben Thanh Ward, District 1 Ho Chi Minh City Hồ Chí Minh 71009 VNM",Ho Chi Minh City,Hồ Chí Minh,71009,10.771386,106.6961339,ChIJJSRONbovdTERyqDnjqShlKc
Piatto Mitsu,https://guide.michelin.com/en/tokyo-region/tokyo/restaurant/piatto-mitsu,selected,Tokyo,Japan,"7F, 1-7-12 Motoazabu, Minato-ku Tokyo Tokyo 106-0046 JPN",Tokyo,Tokyo,106-0046,35.6525694,139.7335008,ChIJIRrsddaLGGAR2DjfFmpmytg
Pierre Gagnaire,https://guide.michelin.com/en/seoul-capital-area/kr-seoul/restaurant/pierre-gagnaire,selected,Seoul,South Korea,"35F Lotte Hotel, 30 Eulji-ro, Jung-gu Seoul Seoul Capital Area 04533 KOR",Seoul,Seoul Capital Area,04533,37.5652281,126.9810257,ChIJYdgV_PGifDUR7MyNNSKtVzI
Pig and Butcher,https://guide.michelin.com/en/greater-london/london/restaurant/pig-and-butcher,selected,London,United Kingdom,"80 Liverpool Road, Islington London Greater London N1 OQD GBR",London,Greater London,N1 OQD,51.5373966,-0.10674,ChIJWQP2EmgbdkgRScFFWbQpF1A
Pilar Akaneya,https://guide.michelin.com/en/comunidad-de-madrid/madrid/restaurant/pilar-akaneya,selected,Madrid,Spain,Espronceda 33 Madrid Community of Madrid 28003 ESP,Madrid,Community of Madrid,28003,40.4405867,-3.6949022,ChIJVepwd7ApQg0RG1PIY4eKjZI
Pinna,https://guide.michelin.com/en/greater-london/london/restaurant/pinna,selected,London,United Kingdom,"43 Curzon Street, Mayfair London Greater London W1J 7UF GBR",London,Greater London,W1J 7UF,51.506724,-0.1467829,ChIJPQJ-AzcFdkgRc9e4UZBgQsY
Plaiga TOKYO,https://guide.michelin.com/en/tokyo-region/tokyo/restaurant/plaiga-tokyo,selected,Tokyo,Japan,"M2F, Nihonseimei Marunouchi Garden Tower, 1-1-3 Marunouchi, Chiyoda-ku Tokyo Tokyo 100-0005 JPN",Tokyo,Tokyo,100-0005,35.6844706,139.7622458,ChIJF95Jn6uNGGAR7jelkGxEbbM
Ploussard,https://guide.michelin.com/en/greater-london/london/restaurant/ploussard,selected,London,United Kingdom,"97 St John's Road, Battersea London Greater London SW11 1QY GBR",London,Greater London,SW11 1QY,51.4608989,-0.1666914,ChIJebPWITYFdkgRdJGPtz5gpa0
Podere 39,https://guide.michelin.com/en/toscana/firenze/restaurant/podere-39,selected,Florence,Italy,via Senese 39 r Florence Tuscany 50125 ITA,Florence,Tuscany,50125,43.7593427,11.2414464,ChIJ3ypvqVpRKhMRXCucexr2niY
Pollini at Ladbroke Hall,https://guide.michelin.com/en/greater-london/london/restaurant/pollini-at-ladbroke-hall,selected,London,United Kingdom,"79 Barlby Road, Notting Hill London Greater London W10 6AZ GBR",London,Greater London,W10 6AZ,51.5232509,-0.2201255,ChIJqwNh-yQQdkgRBDGd67B4UTA
Poncio WM,https://guide.michelin.com/en/comunidad-de-madrid/madrid/restaurant/poncio,selected,Madrid,Spain,Plaza del Niño Jesús 3 Madrid Community of Madrid 28009 ESP,Madrid,Community of Madrid,28009,40.4113644,-3.6751651,ChIJybttMYsnQg0RmraCky5M4nI
Portfolio,https://guide.michelin.com/en/prague/prague/restaurant/portfolio,selected,Prague,Czech Republic,"Lannův Palác, Havlíčkova 1030/1 Prague Prague 110 00 CZE",Prague,Prague,110 00,50.0873826,14.4323428,ChIJ_aOlH5WUC0cR2zClulg6_OU
Pot au Feu,https://guide.michelin.com/en/prague/prague/restaurant/pot-au-feu,selected,Prague,Czech Republic,Rybná 13 Prague Prague 110 00 CZE,Prague,Prague,110 00,50.0891667,14.4258333,ChIJ598dR-qUC0cRcEscjrkNOGU
Pouliche,https://guide.michelin.com/en/ile-de-france/paris/restaurant/pouliche,selected,Paris,France,11 rue d'Enghien Paris Ile-de-France 75010 FRA,Paris,Ile-de-France,75010,48.8716752,2.3521869,ChIJn7oZtDxv5kcR9efLDbsQz88
Pravaas,https://guide.michelin.com/en/greater-london/london/restaurant/pravaas,selected,London,United Kingdom,"3 Glendower Place, South Kensington London Greater London SW7 3DU GBR",London,Greater London,SW7 3DU,51.493587,-0.1758392,ChIJ__9DAWgFdkgRj0UKhMpiz4I
Praya Dining,https://guide.michelin.com/en/bangkok-region/bangkok/restaurant/praya-dining,selected,Bangkok,Thailand,"Praya Palazzo 757/1 Soi Somdet Phra Pin Klao 2, Bang Yi Khan, Bang Phlat Bangkok Bangkok Region 10700 THA",Bangkok,Bangkok Region,10700,13.7659505,100.493498,ChIJq6qqqoaZ4jARq1LLIVLyzD4
Prince Arthur,https://guide.michelin.com/en/greater-london/london/restaurant/prince-arthur,selected,London,United Kingdom,"11 Pimlico Road, Belgravia London Greater London SW1W 8NA GBR",London,Greater London,SW1W 8NA,51.4907891,-0.1508322,ChIJT1U0wPgFdkgRHgUHHC7k3bA
Principio,https://guide.michelin.com/en/tokyo-region/tokyo/restaurant/principio,selected,Tokyo,Japan,"2F, 2-4-8 Azabujuban, Minato-ku Tokyo Tokyo 106-0045 JPN",Tokyo,Tokyo,106-0045,35.6557455,139.7348429,ChIJLWwrcZ-LGGARhK4iBOp8WWQ
Punjab Grill,https://guide.michelin.com/en/bangkok-region/bangkok/restaurant/punjab-grill1183627,selected,Bangkok,Thailand,"GF, Radisson Suites Bangkok Sukhumvit, 23/2-3 Soi Sukhumvit 13, Khlong Toei Nuea, Vadhana Bangkok Bangkok Region 10110 THA",Bangkok,Bangkok Region,10110,13.744005,100.5578306,ChIJ72LddOae4jARRR0jIdhfDJw
Pur,https://guide.michelin.com/en/catalunya/barcelona/restaurant/pur,selected,Barcelona,Spain,Passatge de la Concepció 11 Barcelona Catalonia 08008 ESP,Barcelona,Catalonia,08008,41.3944814,2.1600744,ChIJ6aCRCtujpBIRPXVE4SSryzA
Pure Wine & Food,https://guide.michelin.com/en/bayern/mnchen/restaurant/pure-wine-food,selected,Munich,Germany,Neureutherstraße 15 Munich Bavaria 80799 DEU,Munich,Bavaria,80799,48.154729,11.5721393,ChIJC4j4K5h1nkcRTHVGv6XMqOk
Pyeongsanok,https://guide.michelin.com/en/busan-region/busan_1025838/restaurant/pyeongsanok,selected,Busan,South Korea,"26 Choryangjung-ro, Dong-gu Busan Busan 48818 KOR",Busan,Busan,48818,35.1143238,129.0370923,ChIJTdizVXzpaDURvUo2crasO0A
Pétrelle,https://guide.michelin.com/en/ile-de-france/paris/restaurant/petrelle,selected,Paris,France,34 rue Pétrelle Paris Ile-de-France 75009 FRA,Paris,Ile-de-France,75009,48.8809526,2.346664,ChIJS4XkBmpu5kcRVhmXQ22MB_E
QQ Asian Kitchen,https://guide.michelin.com/en/prague/prague/restaurant/qq-asian-kitchen,selected,Prague,Czech Republic,Odborů 278/4 Prague Prague 12000 CZE,Prague,Prague,12000,50.0775048,14.4180141,ChIJ9Xc0al-UC0cRdS-EJGE4d_M
QUINTOCANTO,https://guide.michelin.com/en/osaka-region/osaka/restaurant/quintocanto,selected,Osaka,Japan,"3-6-32 Nakanoshima, Kita-ku Osaka Osaka 530-0005 JPN",Osaka,Osaka,530-0005,34.69327,135.492491,ChIJITtdTvHmAGAR4F1NZrgXPHU
Quaglino's,https://guide.michelin.com/en/greater-london/london/restaurant/quaglino-s,selected,London,United Kingdom,"16 Bury Street, St James’s London Greater London SW1Y 6AJ GBR",London,Greater London,SW1Y 6AJ,51.5074913,-0.1388927999999999,ChIJiwDyTtYEdkgR-n9I3koyBCQ
Quality Chop House,https://guide.michelin.com/en/greater-london/london/restaurant/quality-chop-house,selected,London,United Kingdom,"91-94 Farringdon Road, Clerkenwell London Greater London EC1R 3EA GBR",London,Greater London,EC1R 3EA,51.5247718,-0.1100116999999999,ChIJSblyaE8bdkgRI36jwz2mSas
Quatre Vingt Douze,https://guide.michelin.com/en/tokyo-region/tokyo/restaurant/quatre-vingt-douze,selected,Tokyo,Japan,"2F, 1-9-5 Funabashi, Setagaya-ku Tokyo Tokyo 156-0055 JPN",Tokyo,Tokyo,156-0055,35.6474762,139.6228919,ChIJW4DE9JONGGARXcoJyTMYulQ
Quedubon,https://guide.michelin.com/en/ile-de-france/paris/restaurant/quedubon,selected,Paris,France,22 rue du Plateau Paris Ile-de-France 75019 FRA,Paris,Ile-de-France,75019,48.8781682,2.3843452,ChIJ1d_XysNt5kcRc20ajeL9fYQ
Quince Eatery,https://guide.michelin.com/en/ho-chi-minh/ho-chi-minh_2978179/restaurant/quince-eatery,selected,Ho Chi Minh City,Vietnam,"37 Bis Ky Con Street, Nguyen Thai Binh Ward, District 1 Ho Chi Minh City Hồ Chí Minh 700000 VNM",Ho Chi Minh City,Hồ Chí Minh,700000,10.766199,106.6992167,ChIJh2FeSBUvdTERCRKLSex0DA0
R21,https://guide.michelin.com/en/noord-holland/amsterdam/restaurant/r21,selected,Amsterdam,Netherlands,Peperstraat 23 Amsterdam Noord-Holland 1011 TJ NLD,Amsterdam,Noord-Holland,1011 TJ,52.3715951,4.9077573,ChIJ-VEiq2kJxkcRd81WgAwPjM0
REQUINQUER,https://guide.michelin.com/en/tokyo-region/tokyo/restaurant/requinquer,selected,Tokyo,Japan,"5-17-11 Shirokanedai, Minato-ku Tokyo Tokyo 108-0071 JPN",Tokyo,Tokyo,108-0071,35.6375912,139.7233024,ChIJtccVlASLGGARoUk3MeeAKQA
RISTORANTE Al Porto,https://guide.michelin.com/en/tokyo-region/tokyo/restaurant/ristorante-al-porto,selected,Tokyo,Japan,"B1F, 3-24-9 Nishiazabu, Minato-ku Tokyo Tokyo 106-0031 JPN",Tokyo,Tokyo,106-0031,35.65886130000001,139.7243287,ChIJ508KYHCLGGARwr_-P_DTcFo
RMW Carne,https://guide.michelin.com/en/seoul-capital-area/kr-seoul/restaurant/rmw-carne,selected,Seoul,South Korea,"2F, 12 Daesagwan-ro 5-gil, Yongsan-gu Seoul Seoul Capital Area 04400 KOR",Seoul,Seoul Capital Area,04400,37.5348321,127.0008554,ChIJn0TDwqajfDURT2z0yC1_Ahs
ROPPONGI RIAN,https://guide.michelin.com/en/tokyo-region/tokyo/restaurant/roppongi-rian,selected,Tokyo,Japan,"4F, 6-2-6 Roppongi, Minato-ku Tokyo Tokyo 106-0032 JPN",Tokyo,Tokyo,106-0032,35.6621057,139.7308112,ChIJySBK8rSLGGARUEuug8rJgiw
Raisan,https://guide.michelin.com/en/tokyo-region/tokyo/restaurant/raisan,selected,Tokyo,Japan,"5-9-9 Yoyogi, Shibuya-ku Tokyo Tokyo 151-0053 JPN",Tokyo,Tokyo,151-0053,35.6863845,139.7004339,ChIJB9gt78-MGGAR1m-scQlkRsg
Rambutan,https://guide.michelin.com/en/greater-london/london/restaurant/rambutan,selected,London,United Kingdom,"10 Stoney Street, Borough Market London Greater London SE1 9AD GBR",London,Greater London,SE1 9AD,51.50556090000001,-0.0915199,ChIJnZxnVJUDdkgRs7i5rhmIjwM
Ramsey,https://guide.michelin.com/en/busan-region/busan_1025838/restaurant/ramsey,selected,Busan,South Korea,"3F, 38 Gwanganhaebyeon-ro 284 beon-gil, Suyeong-gu Busan Busan 48285 KOR",Busan,Busan,48285,35.153333,129.1252855,ChIJ1RGsrIDtaDURDbicL7UI8Yg
Ramón Freixa Tradición,https://guide.michelin.com/en/comunidad-de-madrid/madrid/restaurant/ramon-freixa-tradicion,selected,Madrid,Spain,Velázquez 24 Madrid Community of Madrid 28001 ESP,Madrid,Community of Madrid,28001,40.4241855,-3.6837693,ChIJY6YqewApQg0RKjwKbXoha-4
Rark,https://guide.michelin.com/en/bangkok-region/bangkok/restaurant/rark,selected,Bangkok,Thailand,"4 Pridiphanomyong 26 Road, Soi Phatthana Wet 3, Khlong Tan Nuea, Vadhana Bangkok Bangkok Region 10110 THA",Bangkok,Bangkok Region,10110,13.726372,100.6002503,ChIJg-r64m2h4jARUck2boUMUjw
Regalo,https://guide.michelin.com/en/tokyo-region/tokyo/restaurant/regalo,selected,Tokyo,Japan,"B1F, 4-6-2 Yoyogi, Shibuya-ku Tokyo Tokyo 151-0053 JPN",Tokyo,Tokyo,151-0053,35.6783371,139.6928569,ChIJNy3hEsuMGGARSQMvAtwVAzI
Restaurant Gordon Ramsay High,https://guide.michelin.com/en/greater-london/london/restaurant/restaurant-gordon-ramsay-high,selected,London,United Kingdom,"60th Floor, 22 Bishopsgate, City of London London Greater London EC2N 4BQ GBR",London,Greater London,EC2N 4BQ,51.5144189,-0.0830479,ChIJ_0dDsFIDdkgRhVvXnvnF49A
Restaurant OY,https://guide.michelin.com/en/seoul-capital-area/kr-seoul/restaurant/restaurant-oy,selected,Seoul,South Korea,"B1F, 48-12 Seolleung-ro 148-gil, Gangnam-gu Seoul Seoul Capital Area 06064 KOR",Seoul,Seoul Capital Area,06064,37.5221993,127.0432992,ChIJR1GiswGlfDURukx-bP-iXiw
Retrobottega,https://guide.michelin.com/en/lazio/roma/restaurant/retrobottega,selected,Rome,Italy,via della Stelletta 4 Rome Lazio 00186 ITA,Rome,Lazio,00186,41.9019254,12.475204,ChIJVYm1AVFgLxMRgMGqr8Hf9Gw
Reunros (Yan Nawa),https://guide.michelin.com/en/bangkok-region/bangkok/restaurant/reunros,selected,Bangkok,Thailand,"Bangkok Square, 762/2 Rama 3 Road, Bang Phongphang, Yan Nawa Bangkok Bangkok Region 10120 THA",Bangkok,Bangkok Region,10120,13.6726498,100.5342247,ChIJTxh5u_ah4jAR0edhLKFESF8
RiVi,https://guide.michelin.com/en/osaka-region/osaka/restaurant/rivi,selected,Osaka,Japan,"1-16-28 Kyomachibori, Nishi-ku Osaka Osaka 550-0003 JPN",Osaka,Osaka,550-0003,34.6871292,135.4938951,ChIJGWqVsfvmAGARrZZrcyWUG0w
Rialto,https://guide.michelin.com/en/seoul-capital-area/kr-seoul/restaurant/rialto,selected,Seoul,South Korea,"2F, 13 Samseong-ro 149-gil, Gangnam-gu Seoul Seoul Capital Area 06063 KOR",Seoul,Seoul Capital Area,06063,37.5231857,127.0465505,ChIJ_8E--UylfDURJRP1Kevybus
Rice Field,https://guide.michelin.com/en/ho-chi-minh/ho-chi-minh_2978179/restaurant/rice-field,selected,Ho Chi Minh City,Vietnam,"2F, 75-77 Ho Tung Mau Street, Ben Nghe Ward, District 1 Ho Chi Minh City Hồ Chí Minh 700000 VNM",Ho Chi Minh City,Hồ Chí Minh,700000,10.7720055,106.7037291,ChIJvRWnOkEvdTER3THjhAkB-m0
Ristorante ACQUA PAZZA,https://guide.michelin.com/en/tokyo-region/tokyo/restaurant/ristorante-acqua-pazza,selected,Tokyo,Japan,"2F, Passage Aoyama, 2-27-18 Minamiaoyama, Minato-ku Tokyo Tokyo 107-0062 JPN",Tokyo,Tokyo,107-0062,35.6691013,139.7166933,ChIJj7nDu7eNGGARRlwH9Tzo8Mo
Ristorante Angelo,https://guide.michelin.com/en/tokyo-region/tokyo/restaurant/ristorante-angelo,selected,Tokyo,Japan,"3-17-21 Higashigotanda, Shinagawa-ku Tokyo Tokyo 141-0022 JPN",Tokyo,Tokyo,141-0022,35.6262321,139.7281585,ChIJt3_nxvmKGGARU94hgQc4B8w
Ristorante HONDA,https://guide.michelin.com/en/tokyo-region/tokyo/restaurant/ristorante-honda,selected,Tokyo,Japan,"2-12-35 Kitaaoyama, Minato-ku Tokyo Tokyo 107-0061 JPN",Tokyo,Tokyo,107-0061,35.67027,139.7144913,ChIJW1qyVr2MGGAR5R7JFPKf8CI
Riva del Fiume,https://guide.michelin.com/en/bangkok-region/bangkok/restaurant/riva-del-fiume,selected,Bangkok,Thailand,"LF, Four Seasons Hotel Bangkok at Chao Phraya River, 300/1 Charoen Krung Road, Yan Nawa, Sathon Bangkok Bangkok Region 10120 THA",Bangkok,Bangkok Region,10120,13.7119675,100.5101059,ChIJFaat39aZ4jARDcVFJThulb0
Rocacho Plaza,https://guide.michelin.com/en/comunidad-de-madrid/madrid/restaurant/rocacho-plaza,selected,Madrid,Spain,Plaza del Marqués de Salamanca 9 Madrid Community of Madrid 28006 ESP,Madrid,Community of Madrid,28006,40.4298622,-3.6790574,ChIJSRcQSQYpQg0RhyqbwLwgwos
Roe,https://guide.michelin.com/en/greater-london/london/restaurant/roe,selected,London,United Kingdom,"5 Park Drive, Canary Wharf London Greater London E14 9GG GBR",London,Greater London,E14 9GG,51.5023057,-0.0152132,ChIJ2xMBYYIDdkgR4aYnWkJ9vG8
Rooster,https://guide.michelin.com/en/ile-de-france/paris/restaurant/rooster,selected,Paris,France,137 rue Cardinet Paris Ile-de-France 75017 FRA,Paris,Ile-de-France,75017,48.8867428,2.3130887,ChIJsz8Sqrpv5kcRm1B61Dpq_t8
Roscioli,https://guide.michelin.com/en/lazio/roma/restaurant/roscioli,selected,Rome,Italy,via dei Giubbonari 21 Rome Lazio 00186 ITA,Rome,Lazio,00186,41.894256,12.4742417,ChIJ4T6-zEhgLxMRSa1VL3N0DyY
Rosi,https://guide.michelin.com/en/greater-london/london/restaurant/rosi-1240993,selected,London,United Kingdom,"The Beaumont Hotel, 8 Balderton Street, Brown Hart Gardens, Mayfair London Greater London W1K 6TF GBR",London,Greater London,W1K 6TF,51.5128548,-0.1523648,ChIJiT3IOmMFdkgRhAKU7tiqqc4
Rote Bar,https://guide.michelin.com/en/vienna/wien/restaurant/rote-bar,selected,Vienna,Austria,Philharmonikerstraße 4 Vienna Vienna 1010 AUT,Vienna,Vienna,1010,48.2039459,16.3698418,ChIJI85wbpwHbUcRTYQo-yZgyQw
Royal China Club,https://guide.michelin.com/en/greater-london/london/restaurant/royal-china-club,selected,London,United Kingdom,"40-42 Baker Street, Marylebone London Greater London W1U 7AJ GBR",London,Greater London,W1U 7AJ,51.5183846,-0.1555513,ChIJWzYhs80adkgRKIvFea5zXSA
Rules,https://guide.michelin.com/en/greater-london/london/restaurant/rules,selected,London,United Kingdom,"35 Maiden Lane, Covent Garden London Greater London WC2E 7LB GBR",London,Greater London,WC2E 7LB,51.510833,-0.1231694,ChIJbUnC58oEdkgR4pwzPtYGrbY
Rural,https://guide.michelin.com/en/comunidad-de-madrid/madrid/restaurant/rural,selected,Madrid,Spain,Marqués de Cubas 8 Madrid Community of Madrid 28014 ESP,Madrid,Community of Madrid,28014,40.4171147,-3.6955638,ChIJ288on_UpQg0RAt5Sc69HgEk
Ryuen,https://guide.michelin.com/en/tokyo-region/tokyo/restaurant/ryuen,selected,Tokyo,Japan,"7F, 2-10-11 Nihombashiningyocho, Chuo-ku Tokyo Tokyo 103-0013 JPN",Tokyo,Tokyo,103-0013,35.686234,139.784539,ChIJ1_FOtE-JGGAR_cxJzzITqhA
Ryunique,https://guide.michelin.com/en/seoul-capital-area/kr-seoul/restaurant/ryunique,selected,Seoul,South Korea,"8-1 Dosan-daero 45-gil, Gangnam-gu Seoul Seoul Capital Area 06021 KOR",Seoul,Seoul Capital Area,06021,37.5229162,127.0359991,ChIJS9nKAOujfDURJv1LbZxRs-k
RíasKru,https://guide.michelin.com/en/catalunya/barcelona/restaurant/riaskru,selected,Barcelona,Spain,Lleida 7 Barcelona Catalonia 08004 ESP,Barcelona,Catalonia,08004,41.3742731,2.1545964,ChIJeQu9LXuipBIRWL2eYjhP-k8
SAKAKI,https://guide.michelin.com/en/tokyo-region/tokyo/restaurant/sakaki,selected,Tokyo,Japan,"2-12-12 Kyobashi, Chuo-ku Tokyo Tokyo 104-0031 JPN",Tokyo,Tokyo,104-0031,35.6760114,139.7714728,ChIJc2XjQuKLGGAR_ZxIyDPQGr0
SAN,https://guide.michelin.com/en/seoul-capital-area/kr-seoul/restaurant/san,selected,Seoul,South Korea,"B1, 6 Eonju-ro 168-gil, Gangnam-gu Seoul Seoul Capital Area 06020 KOR",Seoul,Seoul Capital Area,06020,37.5249265,127.0325905,ChIJ_f318Y6jfDURJT8z3uE0U9I
SHIKI Brasserie & Bar,https://guide.michelin.com/en/vienna/wien/restaurant/shiki-brasserie-bar,selected,Vienna,Austria,Krugerstraße 3 Vienna Vienna 1010 AUT,Vienna,Vienna,1010,48.2041252,16.3710172,ChIJn_JAP5wHbUcRu75ZVUPFuMs
SHIKI Japanese Fine Dining,https://guide.michelin.com/en/vienna/wien/restaurant/shiki,selected,Vienna,Austria,Krugerstraße 3 Vienna Vienna 1010 AUT,Vienna,Vienna,1010,48.2041252,16.3710172,ChIJn_JAP5wHbUcRu75ZVUPFuMs
SIIO,https://guide.michelin.com/en/seoul-capital-area/kr-seoul/restaurant/siio,selected,Seoul,South Korea,"33 Dosan-daero 54-gil, Gangnam-gu Seoul Seoul Capital Area 06056 KOR",Seoul,Seoul Capital Area,06056,37.5205221,127.0391814,ChIJWbXUVBKjfDURcZ1ufEGa43I
ST25 by KOTO,https://guide.michelin.com/en/ho-chi-minh/ho-chi-minh_2978179/restaurant/st25-by-koto,selected,Ho Chi Minh City,Vietnam,"2F, Sofitel Saigon Plaza, 17 Le Duan Blvd, Ben Nghe Ward, District 1 Ho Chi Minh City Hồ Chí Minh 70000 VNM",Ho Chi Minh City,Hồ Chí Minh,70000,10.7837441,106.7022116,ChIJ6aNoJgAvdTERaCx1nlbCbJg
STAY,https://guide.michelin.com/en/seoul-capital-area/kr-seoul/restaurant/stay,selected,Seoul,South Korea,"81F Lotteworld Tower, 300 Olympic-ro, Songpa-gu Seoul Seoul Capital Area 05551 KOR",Seoul,Seoul Capital Area,05551,37.5125689,127.1025792,ChIJCRrErCClfDUR1urQD2jmQKw
STŮL,https://guide.michelin.com/en/prague/prague/restaurant/stul,selected,Prague,Czech Republic,U Matěje 152/1 Prague Prague 6 160 00 CZE,Prague,Prague,6 160 00,50.1132353,14.3797941,ChIJzSrJ2oGVC0cRM6Zl9LFLuCw
SUKIYAKI ASAI,https://guide.michelin.com/en/tokyo-region/tokyo/restaurant/sukiyaki-asai,selected,Tokyo,Japan,"3-11-15 Toranomon, Minato-ku Tokyo Tokyo 105-0001 JPN",Tokyo,Tokyo,105-0001,35.6653351,139.747056,ChIJ9ZdAApmLGGARo-WX6PD3gy8
Sael,https://guide.michelin.com/en/greater-london/london/restaurant/sael,selected,London,United Kingdom,"1 St James's Market, St. James's London Greater London SW1Y 4QQ GBR",London,Greater London,SW1Y 4QQ,51.5088908,-0.1332191,ChIJJ3nC0IcFdkgRtbwyO_J5B-k
Saigon Recipe,https://guide.michelin.com/en/bangkok-region/bangkok/restaurant/saigon-recipe,selected,Bangkok,Thailand,"Piman 49, B3 Building, 46/5 Soi Sukhumvit 49, Khlong Tan Nuea, Vadhana Bangkok Bangkok Region 10110 THA",Bangkok,Bangkok Region,10110,13.7321831,100.5766324,ChIJxdmqz6qf4jARzJk0M_JFNA0
Sakuragi,https://guide.michelin.com/en/tokyo-region/tokyo/restaurant/sakuragi,selected,Tokyo,Japan,"2F, 3-7-2 Tsukiji, Chuo-ku Tokyo Tokyo 104-0045 JPN",Tokyo,Tokyo,104-0045,35.6679031,139.7737344,ChIJ1YA_leWJGGARq3YF62OrrI4
Salabka,https://guide.michelin.com/en/prague/prague/restaurant/salabka,selected,Prague,Czech Republic,K Bohnicím 849/2a Prague Prague 171 00 CZE,Prague,Prague,171 00,50.1208659,14.4098868,ChIJUQb3NtHqC0cRfrJUIITVkjU
Sam's Riverside,https://guide.michelin.com/en/greater-london/london/restaurant/sam-s-riverside,selected,London,United Kingdom,"1 Crisp Walk, Hammersmith London Greater London W6 9DN GBR",London,Greater London,W6 9DN,51.488237,-0.2279885999999999,ChIJU384RGQPdkgRVf21TehGvy8
San Baylon,https://guide.michelin.com/en/lazio/roma/restaurant/san-baylon,selected,Rome,Italy,via di Ripetta 232 Rome Lazio 00186 ITA,Rome,Lazio,00186,41.9085356,12.4759667,ChIJfYDkizNhLxMRhzualoifcTE
Sang Thatien,https://guide.michelin.com/en/bangkok-region/bangkok/restaurant/sang-tha-tien,selected,Bangkok,Thailand,"75 Maha Rat Road, Phra Borom Maha Ratchawang, Phra Nakhon Bangkok Bangkok Region 10200 THA",Bangkok,Bangkok Region,10200,13.7452141,100.4914343,ChIJg4mOiySZ4jARp3NPQ9A9RGc
Sanro,https://guide.michelin.com/en/seoul-capital-area/kr-seoul/restaurant/sanro,selected,Seoul,South Korea,"2F, 518 Dosan-daero, Gangnam-gu Seoul Seoul Capital Area 06070 KOR",Seoul,Seoul Capital Area,06070,37.524174,127.0497815,ChIJT0yLpi-lfDURlC034_SeSQo
Sansho,https://guide.michelin.com/en/prague/prague/restaurant/sansho,selected,Prague,Czech Republic,Petrská 25 Prague Prague 110 00 CZE,Prague,Prague,110 00,50.0917636,14.4348471,ChIJa-WapL-UC0cReRIiMMl92uM
Santo Remedio,https://guide.michelin.com/en/greater-london/london/restaurant/santo-remedio,selected,London,United Kingdom,"152 Tooley Street, Southwark London Greater London SE1 2TU GBR",London,Greater London,SE1 2TU,51.5036308,-0.0809753,ChIJnVPRUqUcdkgRcLgam6bOw94
Sanwa,https://guide.michelin.com/en/tokyo-region/tokyo/restaurant/sanwa,selected,Tokyo,Japan,"B1F, 5-13-14 Shirokanedai, Minato-ku Tokyo Tokyo 108-0071 JPN",Tokyo,Tokyo,108-0071,35.6377548,139.7227937,ChIJMRwV-hOLGGARJN5g-bWs51c
Sanyod (Bang Rak),https://guide.michelin.com/en/bangkok-region/bangkok/restaurant/sanyod-sathon-bang-rak,selected,Bangkok,Thailand,"89 Soi Charat Wiang, Si Lom, Bang Rak Bangkok Bangkok Region 10500 THA",Bangkok,Bangkok Region,10500,13.7188385,100.5176718,ChIJi8XyU9Oe4jARrOjDdixXim0
Sapori,https://guide.michelin.com/en/bern-region/interlaken/restaurant/sapori184095,selected,Interlaken,Switzerland,Höheweg 41 Interlaken Berne 3800 CHE,Interlaken,Berne,3800,46.6869963,7.8581534,ChIJU_qTY5mkj0cR0Xn35ExJFMQ
Sartoria by Paulo Airaudo,https://guide.michelin.com/en/bangkok-region/bangkok/restaurant/sartoria-by-paulo-airaudo,selected,Bangkok,Thailand,"56F, The Empire, 1 South Sathon Road, Yan Nawa, Sathon Bangkok Bangkok Region 10120 THA",Bangkok,Bangkok Region,10120,13.7204361,100.5301754,ChIJ1RZPUwWf4jARz2F58PfNQB4
Savoy Grill,https://guide.michelin.com/en/greater-london/london/restaurant/savoy-grill,selected,London,United Kingdom,"The Savoy, Strand London Greater London WC2R 0EU GBR",London,Greater London,WC2R 0EU,51.5106095,-0.1205802,ChIJPyb_JskEdkgRfrReO4J7lhc
Scarlett,https://guide.michelin.com/en/bangkok-region/bangkok/restaurant/scarlett,selected,Bangkok,Thailand,"37F, Pullman Hotel G, 188 Silom Road, Suriyawong, Bang Rak Bangkok Bangkok Region 10500 THA",Bangkok,Bangkok Region,10500,13.726056,100.525876,ChIJwb3uUy2f4jAR5jRfKS19D9w
Schwarzreiter Restaurant,https://guide.michelin.com/en/bayern/mnchen/restaurant/schwarzreiter,selected,Munich,Germany,Maximilianstraße 17 Munich Bavaria 80539 DEU,Munich,Bavaria,80539,48.1390008,11.5815691,ChIJCbw3_4t1nkcR3ks5yJDvy-4
Scott's,https://guide.michelin.com/en/greater-london/london/restaurant/scott-s,selected,London,United Kingdom,"20 Mount Street, Mayfair London Greater London W1K 2HE GBR",London,Greater London,W1K 2HE,51.5098953,-0.1508344999999999,ChIJcf7z3i0FdkgRp8viwzBRRn8
Seifu,https://guide.michelin.com/en/bangkok-region/bangkok/restaurant/seifu,selected,Bangkok,Thailand,"4F, Kissuisen, Bangkok Marriott Hotel The Surawongse, 262 Surawong Road, Si Phraya, Bang Rak Bangkok Bangkok Region 10500 THA",Bangkok,Bangkok Region,10500,13.7276085,100.5220418,ChIJberET_KZ4jARlAYlWk2NUJg
Sensato,https://guide.michelin.com/en/catalunya/barcelona/restaurant/sensato,selected,Barcelona,Spain,Septimania 36 Barcelona Catalonia 08006 ESP,Barcelona,Catalonia,08006,41.4051988,2.1467819,ChIJU8xFSLajpBIRtRBa-AdvMzU
Senses,https://guide.michelin.com/en/noord-holland/amsterdam/restaurant/senses318529,selected,Amsterdam,Netherlands,Vijzelstraat 45 Amsterdam Noord-Holland 1017 HE NLD,Amsterdam,Noord-Holland,1017 HE,52.3659041,4.8932993,ChIJmXCDu-oJxkcRGHNsqGzPLeQ
Sexy Fish,https://guide.michelin.com/en/greater-london/london/restaurant/sexy-fish,selected,London,United Kingdom,"4-6 Berkeley Square, Mayfair London Greater London W1J 6BR GBR",London,Greater London,W1J 6BR,51.5092932,-0.1443304,ChIJYVq92CsFdkgRVOTD3hS1L2Y
Shang Palace,https://guide.michelin.com/en/ile-de-france/paris/restaurant/shang-palace298066,selected,Paris,France,"Shangri-La, 10 avenue d'Iéna Paris Ile-de-France 75116 FRA",Paris,Ile-de-France,75116,48.863726,2.2934,ChIJC3Q8OeRv5kcRizBUU2o1qCA
Shibari Sushi and Grill,https://guide.michelin.com/en/comunidad-de-madrid/madrid/restaurant/shibari-sushi-and-grill,selected,Madrid,Spain,"Mira el Río Baja, 20 Madrid Community of Madrid 28005 ESP",Madrid,Community of Madrid,28005,40.4069221,-3.7086615,ChIJ-7iiPgcnQg0RfMdclhX7DAo
Shimmachi Adachi,https://guide.michelin.com/en/osaka-region/osaka/restaurant/shimmachi-adachi,selected,Osaka,Japan,"3-8-10 Shimmachi, Nishi-ku Osaka Osaka 550-0013 JPN",Osaka,Osaka,550-0013,34.6763884,135.494066,ChIJ__9reATnAGAREcAVk5VzPPE
Shin Harada,https://guide.michelin.com/en/tokyo-region/tokyo/restaurant/shin-harada,selected,Tokyo,Japan,"12F, 2-6-5 Ginza, Chuo-ku Tokyo Tokyo 104-0061 JPN",Tokyo,Tokyo,104-0061,35.6730209,139.7678429,ChIJR_yX_-OLGGARsCa9A8FfuIA
Shintaro,https://guide.michelin.com/en/osaka-region/osaka/restaurant/shintaro,selected,Osaka,Japan,"2-5-5 Nishitemma, Kita-ku Osaka Osaka 530-0047 JPN",Osaka,Osaka,530-0047,34.6951383,135.5018309,ChIJ_8tI0ujmAGARPnxNFh3Hqvs
Shintomicho Yuasa,https://guide.michelin.com/en/tokyo-region/tokyo/restaurant/shintomicho-yuasa,selected,Tokyo,Japan,"2-7-4 Shintomi, Chuo-ku Tokyo Tokyo 104-0041 JPN",Tokyo,Tokyo,104-0041,35.6708779,139.7737045,ChIJyfuw6cmJGGARQyFxnVPW-UE
Shiomachi,https://guide.michelin.com/en/tokyo-region/tokyo/restaurant/shiomachi,selected,Tokyo,Japan,"2F, 1-34-10 Uehara, Shibuya-ku Tokyo Tokyo 151-0064 JPN",Tokyo,Tokyo,151-0064,35.669425920391,139.681963933984,ChIJFWA2a0jzGGAREu-b-QO3LBc
Shirokane Shin,https://guide.michelin.com/en/tokyo-region/tokyo/restaurant/shirokane-shin,selected,Tokyo,Japan,"3-2-3 Shirokane, Minato-ku Tokyo Tokyo 108-0072 JPN",Tokyo,Tokyo,108-0072,35.6393194,139.7302638,ChIJDerdGWuLGGAR1q7c1KXPu5Y
Shirokane Tori-Tama,https://guide.michelin.com/en/bangkok-region/bangkok/restaurant/tori-tama,selected,Bangkok,Thailand,"Park Lane, 18 Soi Sukhumvit 63, Khlong Tan Nuea, Vadhana Bangkok Bangkok Region 10110 THA",Bangkok,Bangkok Region,10110,13.7233834,100.5844093,ChIJP645tq-f4jARwzvVEUcBnfI
Shizuru,https://guide.michelin.com/en/tokyo-region/tokyo/restaurant/shizuru,selected,Tokyo,Japan,"3F, 1-3-12 Tomigaya, Shibuya-ku Tokyo Tokyo 151-0063 JPN",Tokyo,Tokyo,151-0063,35.6692948,139.6890016,ChIJe1lnARa6JhURIbwDGFYatHw
Shokudo Tanoshi,https://guide.michelin.com/en/osaka-region/osaka/restaurant/shokudo-tanoshi,selected,Osaka,Japan,"2F, Shin Daibiru, 1-2-1 Dojimahama, Kita-ku Osaka Osaka 530-0004 JPN",Osaka,Osaka,530-0004,34.6956854,135.4993014,ChIJ07x-vW3nAGARmBp2JSjh_CU
Shokudo Uchino,https://guide.michelin.com/en/osaka-region/osaka/restaurant/shokudo-uchino,selected,Osaka,Japan,"4F, 1-4-7 Dojima, Kita-ku Osaka Osaka 530-0003 JPN",Osaka,Osaka,530-0003,34.6960232,135.4977781,ChIJVVUZ-e3mAGARPjxBFm1go-I
Shokudo Uyuki,https://guide.michelin.com/en/tokyo-region/tokyo/restaurant/shokudo-uyuki,selected,Tokyo,Japan,"4-11-9 Asakusa, Taito-ku Tokyo Tokyo 111-0032 JPN",Tokyo,Tokyo,111-0032,35.7183431,139.796734,ChIJnQTdxCWPGGARzh9J8xDG6p4
Shuko Osaka Manpukudou,https://guide.michelin.com/en/osaka-region/osaka/restaurant/shuko-osaka-manpukudou,selected,Osaka,Japan,"3-4-14 Oimazatonishi, Higashinari-ku Osaka Osaka 537-0014 JPN",Osaka,Osaka,537-0014,40.7336156,-73.9916539,ChIJe8WrB5lZwokREBs3DZYJyKc
Shunka Nakamura,https://guide.michelin.com/en/tokyo-region/tokyo/restaurant/shunka-nakamura,selected,Tokyo,Japan,"2-11-7 Higashinihombashi, Chuo-ku Tokyo Tokyo 103-0004 JPN",Tokyo,Tokyo,103-0004,35.6623383,139.7294144,ChIJ1fKO1HmLGGAR16JOMIm7eSE
Shunzen Kiraku,https://guide.michelin.com/en/osaka-region/osaka/restaurant/shunzen-kiraku,selected,Osaka,Japan,"1-3-16 Tohei, Chuo-ku Osaka Osaka 542-0063 JPN",Osaka,Osaka,542-0063,34.6826672,135.5027486,ChIJMSohYB7nAGARTXr6nK7YrFw
Si Dining,https://guide.michelin.com/en/da-nang-region/da-nang_2984390/restaurant/si-dining,selected,Da Nang,Vietnam,"1 Giang Chau 2 Street, Khue My Ward, Ngu Hanh Son District Da Nang Da Nang Region 550000 VNM",Da Nang,Da Nang Region,550000,16.0301883,108.2380423,ChIJy3H3lqwXQjER_ZurvNoSwV0
Si Sawat,https://guide.michelin.com/en/bangkok-region/bangkok/restaurant/si-sawat,selected,Bangkok,Thailand,"Unit A1, Suwan Tower, 14/1 Soi Sathon 2, Si Lom, Bang Rak Bangkok Bangkok Region 10500 THA",Bangkok,Bangkok Region,10500,13.7260409,100.5418823,ChIJwWJFYkWf4jARP7qsoGwGqX4
Silva,https://guide.michelin.com/en/greater-london/london/restaurant/silva-1216957,selected,London,United Kingdom,"26-28 Bruton Place, Mayfair London Greater London W1J 6NG GBR",London,Greater London,W1J 6NG,51.5111611,-0.1448761999999999,ChIJ6Y3nMwAFdkgROoy8wqxJP-E
"Simone, Le Resto...",https://guide.michelin.com/en/ile-de-france/paris/restaurant/simone-le-resto,selected,Paris,France,33 boulevard Arago Paris Ile-de-France 75013 FRA,Paris,Ile-de-France,75013,48.8353249,2.3479007,ChIJaRiXpZRx5kcRhsLXbprNSxI
Simplicité,https://guide.michelin.com/en/tokyo-region/tokyo/restaurant/simplicite,selected,Tokyo,Japan,"2-17-13 Ebisunishi, Shibuya-ku Tokyo Tokyo 150-0021 JPN",Tokyo,Tokyo,150-0021,35.649062,139.70541,ChIJq6q-LFuLGGARGTXzTuJkYtQ
Sino,https://guide.michelin.com/en/greater-london/london/restaurant/sino,selected,London,United Kingdom,"7 All Saints Road, Notting Hill London Greater London W11 1HA GBR",London,Greater London,W11 1HA,51.5177681,-0.2037449999999999,ChIJi43VN2kRdkgR4c-wuiSxY9w
Six Portland Road,https://guide.michelin.com/en/greater-london/london/restaurant/six-portland-road,selected,London,United Kingdom,"6 Portland Road, Holland Park London Greater London W11 4LA GBR",London,Greater London,W11 4LA,51.507218,-0.2078789999999999,ChIJb7Pe-eYPdkgRCS9KuK5RoWk
"Sketch, The Gallery",https://guide.michelin.com/en/greater-london/london/restaurant/sketch-the-gallery,selected,London,United Kingdom,"9 Conduit Street, Mayfair London Greater London W1S 2XG GBR",London,Greater London,W1S 2XG,51.512693,-0.141529,ChIJa4btjyoFdkgRJAOdAdsAdbA
Small Dinner Club,https://guide.michelin.com/en/bangkok-region/bangkok/restaurant/small-dinner-club,selected,Bangkok,Thailand,"1109 Charoen Krung Road, Si Phraya, Bang Rak Bangkok Bangkok Region 10500 THA",Bangkok,Bangkok Region,10500,13.7282057,100.5160011,ChIJoc4dD3aZ4jAR8cIvFuqN2pE
Soan Mitate,https://guide.michelin.com/en/tokyo-region/tokyo/restaurant/soan-mitate,selected,Tokyo,Japan,"2F, 2-8-12 Azabujuban, Minato-ku Tokyo Tokyo 106-0045 JPN",Tokyo,Tokyo,106-0045,35.6554634,139.7342076,ChIJdT-GtaOLGGAR6-mamhbK0Fo
Sobajuu,https://guide.michelin.com/en/seoul-capital-area/kr-seoul/restaurant/sobajuu,selected,Seoul,South Korea,"B1 #22, 75 Keunumul-ro, Mapo-gu Seoul Seoul Capital Area 04158 KOR",Seoul,Seoul Capital Area,04158,37.541265,126.9462986,ChIJReXEVgCZfDUR76fTpuej1Ec
Sobakeeri Suzu,https://guide.michelin.com/en/seoul-capital-area/kr-seoul/restaurant/sobakeeri-suzu,selected,Seoul,South Korea,"98 Dongho-ro 12-gil, Jung-gu Seoul Seoul Capital Area 04608 KOR",Seoul,Seoul Capital Area,04608,37.541265,126.9462986,ChIJ67UDbQCZfDURxgf1l12Mvaw
Soces,https://guide.michelin.com/en/ile-de-france/paris/restaurant/soces,selected,Paris,France,32 rue de la Villette Paris Ile-de-France 75019 FRA,Paris,Ile-de-France,75019,48.8763046,2.3879091,ChIJHc0YiXdt5kcRqxr5cSr6m4o
Solc,https://guide.michelin.com/en/catalunya/barcelona/restaurant/solc,selected,Barcelona,Spain,Paseo de Gràcia 68 Barcelona Catalonia 08007 ESP,Barcelona,Catalonia,08007,41.3934401,2.1639871,ChIJQ6M_mnmjpBIRj_TqhL1fZVg
Soluna,https://guide.michelin.com/en/catalunya/barcelona/restaurant/soluna,selected,Barcelona,Spain,Casanova 157 Barcelona Catalonia 08036 ESP,Barcelona,Catalonia,08036,41.3910795,2.1510758,ChIJxYZ87y2jpBIRqFzvdRQtuPc
Soma,https://guide.michelin.com/en/bangkok-region/bangkok/restaurant/soma-1242092,selected,Bangkok,Thailand,"Siam Patumwan House, 414 Phaya Thai Road, Wang Mai, Pathum Wan Bangkok Bangkok Region 10330 THA",Bangkok,Bangkok Region,10330,13.7474769,100.5306844,ChIJ1crUqJif4jARpt1VjPzcAs8
Somboon Seafood (Bang Rak),https://guide.michelin.com/en/bangkok-region/bangkok/restaurant/somboon-seafood-surawong,selected,Bangkok,Thailand,"169, 169/7-12 Surawong Road, Suriyawong, Bang Rak Bangkok Bangkok Region 10500 THA",Bangkok,Bangkok Region,10500,13.7282415,100.5266321,ChIJl-fumtGY4jARTrlCA7w6pgI
Somssi by Jihun Kim,https://guide.michelin.com/en/greater-london/london/restaurant/somssi-by-jihun-kim,selected,London,United Kingdom,"Mandarin Oriental Mayfair, 22 Hanover Square, Mayfair London Greater London W1S 1JP GBR",London,Greater London,W1S 1JP,51.5132756,-0.1439879,ChIJP60F9BUFdkgR-lAqKce4YzU
Sonnet,https://guide.michelin.com/en/seoul-capital-area/kr-seoul/restaurant/sonnet-1241886,selected,Seoul,South Korea,"3F, Seolleung-ro 157-gil, Gangnam-gu Seoul Seoul Capital Area 06018 KOR",Seoul,Seoul Capital Area,06018,37.5241658,127.0390675,ChIJOY1bNEqjfDUR8pHYAdJ029M
Sooksoodoga,https://guide.michelin.com/en/seoul-capital-area/kr-seoul/restaurant/sooksoodoga,selected,Seoul,South Korea,"28 Dongsomun-ro 17-gil, Seongbuk-gu Seoul Seoul Capital Area 02830 KOR",Seoul,Seoul Capital Area,02830,37.593543,127.0154153,ChIJr-4eGOa9fDURrMio1pKTdCo
Sornthong,https://guide.michelin.com/en/bangkok-region/bangkok/restaurant/sornthong,selected,Bangkok,Thailand,"2829-31 Rama 4 Road, Khlong Toei Bangkok Bangkok Region 10110 THA",Bangkok,Bangkok Region,10110,13.7194416,100.5666288,ChIJAyjSgBef4jARiI_DADARRYU
Sourire Le Restaurant,https://guide.michelin.com/en/ile-de-france/paris/restaurant/sourire-le-restaurant,selected,Paris,France,15 rue de la Santé Paris Ile-de-France 75013 FRA,Paris,Ile-de-France,75013,48.8372188,2.342035,ChIJM2QbF8Bx5kcRu1e_SjvcSvg
Soy Kitchen,https://guide.michelin.com/en/comunidad-de-madrid/madrid/restaurant/soy-kitchen,selected,Madrid,Spain,Zurbano 59 Madrid Community of Madrid 28010 ESP,Madrid,Community of Madrid,28010,40.4360399,-3.6932271,ChIJN6QQh_IoQg0RxN6g6LyvaV4
Spring,https://guide.michelin.com/en/greater-london/london/restaurant/spring,selected,London,United Kingdom,"New Wing, Somerset House, Strand London Greater London WC2R 1LA GBR",London,Greater London,WC2R 1LA,51.510983,-0.1183385999999999,ChIJw38uE8oEdkgR9hD3azVChzM
Square One,https://guide.michelin.com/en/ho-chi-minh/ho-chi-minh_2978179/restaurant/square-one,selected,Ho Chi Minh City,Vietnam,"2 Lam Son Square, Ben Nghe Ward, District 1 Ho Chi Minh City Hồ Chí Minh 700000 VNM",Ho Chi Minh City,Hồ Chí Minh,700000,10.7773633,106.7032349,ChIJUc5tJEYvdTERQHf-PVO_Ss8
Sra Bua by Kiin Kiin,https://guide.michelin.com/en/bangkok-region/bangkok/restaurant/sra-bua-by-kiin-kiin,selected,Bangkok,Thailand,"GF, Siam Kempinski Hotel, 991/9 Rama 1 Road, Pathum Wan Bangkok Bangkok Region 10330 THA",Bangkok,Bangkok Region,10330,13.7485218,100.5351244,ChIJIdQ-0s2e4jAREzCRlcXp3qc
Stage,https://guide.michelin.com/en/bangkok-region/bangkok/restaurant/stage,selected,Bangkok,Thailand,"58 Soi Sathon 9, Yan Nawa, Sathon Bangkok Bangkok Region 10200 THA",Bangkok,Bangkok Region,10200,13.7190163,100.5283124,ChIJwUjd1B2f4jARQlbLajEcJm8
Stanley's,https://guide.michelin.com/en/greater-london/london/restaurant/stanley-s,selected,London,United Kingdom,"151 Sydney Street, Chelsea London Greater London SW3 6NT GBR",London,Greater London,SW3 6NT,51.4875752,-0.1692573,ChIJK7aYUOsFdkgRKgJYM07RLuw
Stern Ristorante,https://guide.michelin.com/en/ile-de-france/paris/restaurant/caffe-stern,selected,Paris,France,47 passage des Panoramas Paris Ile-de-France 75002 FRA,Paris,Ile-de-France,75002,48.870912,2.341459,ChIJUzCAIjxu5kcR1aDGjpg9D1g
Stoker (District 1),https://guide.michelin.com/en/ho-chi-minh/ho-chi-minh_2978179/restaurant/stoker-district-1,selected,Ho Chi Minh City,Vietnam,"44 Mac Thi Buoi Street, Ben Nghe Ward, District 1 Ho Chi Minh City Hồ Chí Minh 700000 VNM",Ho Chi Minh City,Hồ Chí Minh,700000,10.775529,106.704724,ChIJkf7CY0YvdTER6Dr64Ni3r5k
Story Cellar,https://guide.michelin.com/en/greater-london/london/restaurant/story-cellar,selected,London,United Kingdom,"17 Neal's Yard, Seven Dials, Covent Garden London Greater London WC2H 9DP GBR",London,Greater London,WC2H 9DP,51.5143221,-0.1260553999999999,ChIJ04HDf_IFdkgRJyhOGv1f7YQ
Straker's,https://guide.michelin.com/en/greater-london/london/restaurant/straker-s,selected,London,United Kingdom,"91 Golborne Road, Notting Hill London Greater London W10 5NL GBR",London,Greater London,W10 5NL,51.5215206,-0.2087090999999999,ChIJUwfpqzMRdkgRDv9h3mXZFLA
Sua,https://guide.michelin.com/en/comunidad-de-madrid/madrid/restaurant/sua,selected,Madrid,Spain,Moratín 22 Madrid Community of Madrid 28014 ESP,Madrid,Community of Madrid,28014,40.4123825,-3.6962974,ChIJoQ6X51gnQg0ReNfMpqsy8c0
Sucre,https://guide.michelin.com/en/greater-london/london/restaurant/sucre,selected,London,United Kingdom,"47B Great Marlborough Street, Soho London Greater London W1F 7JP GBR",London,Greater London,W1F 7JP,51.5143745,-0.1384772,ChIJmW7ikrgFdkgRAMNppV_gcFo
Sudachi,https://guide.michelin.com/en/tokyo-region/tokyo/restaurant/sudachi,selected,Tokyo,Japan,"B1F, 7-12-12 Minamiaoyama, Minato-ku Tokyo Tokyo 107-0062 JPN",Tokyo,Tokyo,107-0062,35.6578271,139.7183953,ChIJq3-_iWWLGGARAh1xm66RrjQ
Sui Okazaki,https://guide.michelin.com/en/osaka-region/osaka/restaurant/sui-okazaki,selected,Osaka,Japan,"2F, 1-16-20 Higashishinsaibashi, Chuo-ku Osaka Osaka 542-0083 JPN",Osaka,Osaka,542-0083,34.6962228,135.5003918,ChIJ08hDwe7mAGARjjUyjQv5qFk
Sumibi Iwata,https://guide.michelin.com/en/osaka-region/osaka/restaurant/sumibi-iwata,selected,Osaka,Japan,"3-5-8 Miyakojimanakadori, Miyakojima-ku Osaka Osaka 534-0022 JPN",Osaka,Osaka,534-0022,34.6861506,135.5100835,ChIJ42wZ3yDnAGARbmDosDQIOFE
Sune,https://guide.michelin.com/en/greater-london/london/restaurant/sune,selected,London,United Kingdom,"129A Pritchard's Road, Hackney London Greater London E2 9AP GBR",London,Greater London,E2 9AP,51.5354104,-0.0627228,ChIJXRnwPAkddkgR6-a-4vu5Umc
Supanniga Eating Room (Phra Nakhon),https://guide.michelin.com/en/bangkok-region/bangkok/restaurant/supanniga-eating-room-tha-tian,selected,Bangkok,Thailand,"392/25-26 Maha Rat Road, Phra Borom Maha Ratchawang, Phra Nakhon Bangkok Bangkok Region 10200 THA",Bangkok,Bangkok Region,10200,13.7441351,100.4917348,ChIJjZS9RwSZ4jARNZMgiT03fJ4
Supawan,https://guide.michelin.com/en/greater-london/london/restaurant/supawan,selected,London,United Kingdom,"38 Caledonian Road, King's Cross London Greater London N1 9DT GBR",London,Greater London,N1 9DT,51.5319549,-0.1205035999999999,ChIJe7Dr3z4bdkgRUmbggSDRRNw
Super Huit,https://guide.michelin.com/en/ile-de-france/paris/restaurant/super-huit,selected,Paris,France,95 rue de Miromesnil Paris Ile-de-France 75008 FRA,Paris,Ile-de-France,75008,48.8797499,2.3152574,ChIJRVtFvX1v5kcRu-mSmgbuAlg
Surtopía,https://guide.michelin.com/en/comunidad-de-madrid/madrid/restaurant/surtopia,selected,Madrid,Spain,Núñez de Balboa 106 Madrid Community of Madrid 28006 ESP,Madrid,Community of Madrid,28006,40.4353641,-3.6818554,ChIJQ738PMAoQg0RVNMnuemJKMg
Sushi Enishi,https://guide.michelin.com/en/osaka-region/osaka/restaurant/sushi-enishi,selected,Osaka,Japan,"11-1 Kurosakicho, Kita-ku Osaka Osaka 530-0023 JPN",Osaka,Osaka,530-0023,34.7078916,135.5089941,ChIJA6pn_r7mAGARP6zIVdG4f-s
Sushi Ikki,https://guide.michelin.com/en/tokyo-region/tokyo/restaurant/sushi-ikki,selected,Tokyo,Japan,"1-5-9 Shibuya, Shibuya-ku Tokyo Tokyo 150-0002 JPN",Tokyo,Tokyo,150-0002,35.6455886,139.7077302,ChIJe6fYwUCLGGARk9MAqYbeauY
Sushi Kagura,https://guide.michelin.com/en/tokyo-region/tokyo/restaurant/sushi-kagura,selected,Tokyo,Japan,"3-2-3 Shimbashi, Minato-ku Tokyo Tokyo 105-0004 JPN",Tokyo,Tokyo,105-0004,35.666564,139.7545917,ChIJBUZ6qWSLGGARsMj_TQDj52A
Sushi Kanesho,https://guide.michelin.com/en/tokyo-region/tokyo/restaurant/sushi-kanesho,selected,Tokyo,Japan,"3-33-9 Asakusa, Taito-ku Tokyo Tokyo 111-0032 JPN",Tokyo,Tokyo,111-0032,35.7176798,139.7968868,ChIJq6coauqOGGARIZ1EDytCpeo
Sushi Kyomachibori Sato,https://guide.michelin.com/en/osaka-region/osaka/restaurant/sushi-kyomachibori-sato,selected,Osaka,Japan,"B1F, 1-8-22 Kyomachibori, Nishi-ku Osaka Osaka 550-0003 JPN",Osaka,Osaka,550-0003,34.6868999,135.4956035,ChIJ2yGbFHLnAGARz6ZfsfljvnI
Sushi Masato,https://guide.michelin.com/en/bangkok-region/bangkok/restaurant/sushi-masato,selected,Bangkok,Thailand,"3/22 Soi Sukhumvit 31, Khlong Tan Nuea, Vadhana Bangkok Bangkok Region 10110 THA",Bangkok,Bangkok Region,10110,13.7344699,100.5661069,ChIJob7bn_2e4jARUP-ZMAVjLc8
Sushi Matsumoto,https://guide.michelin.com/en/tokyo-region/tokyo/restaurant/sushi-matsumoto-1208306,selected,Tokyo,Japan,"1-49-14 Itabashi, Itabashi-ku Tokyo Tokyo 173-0004 JPN",Tokyo,Tokyo,173-0004,35.747709,139.7191961,ChIJdWDwVZqSGGARi-51z1-Wt74
Sushi Saryu,https://guide.michelin.com/en/bangkok-region/bangkok/restaurant/sushi-saryu,selected,Bangkok,Thailand,"GF, Kronos Sathorn Building, 46 North Sathorn Road, Si Lom, Bang Rak Bangkok Bangkok Region 10500 THA",Bangkok,Bangkok Region,10500,13.724882,100.5385418,ChIJi-I3vw-f4jARu88v1Ks0T-k
Sushi Satoru,https://guide.michelin.com/en/tokyo-region/tokyo/restaurant/sushi-satoru,selected,Tokyo,Japan,"2F, 1-17-16 Ebisuminami, Shibuya-ku Tokyo Tokyo 150-0022 JPN",Tokyo,Tokyo,150-0022,35.6446568,139.7102887,ChIJ1VWz-DWLGGAROBq2-Nranbg
Sushi Shigenaga,https://guide.michelin.com/en/osaka-region/osaka/restaurant/sushi-shigenaga,selected,Osaka,Japan,"3F, 1-6-13 Sonezakishinchi, Kita-ku Osaka Osaka 530-0002 JPN",Osaka,Osaka,530-0002,34.69751720000001,135.4981456,ChIJW7qGhv7nAGAR-KtLL6mr3R8
Sushi Taichi,https://guide.michelin.com/en/tokyo-region/tokyo/restaurant/sushi-taichi,selected,Tokyo,Japan,"2F, 6-4-13 Ginza, Chuo-ku Tokyo Tokyo 104-0061 JPN",Tokyo,Tokyo,104-0061,35.6712127,139.7613368,ChIJFYitIsaLGGARoc_a_tYb3U4
Sushi Takumi,https://guide.michelin.com/en/osaka-region/osaka/restaurant/sushi-takumi,selected,Osaka,Japan,"3F, 3-1-2 Bingomachi, Chuo-ku Osaka Osaka 541-0051 JPN",Osaka,Osaka,541-0051,34.685529,135.5035016,ChIJ3X8uz53nAGARJ3z-ZyWrKn4
Sushi Yuden,https://guide.michelin.com/en/osaka-region/osaka/restaurant/sushi-yuden,selected,Osaka,Japan,"3-8-25 Ueshio, Tennoji-ku Osaka Osaka 543-0002 JPN",Osaka,Osaka,543-0002,34.66625990000001,135.5167876,ChIJ5-hiDXTnAGARyM3OXhSIsnM
Sushidokoro Kurosugi Shinkan,https://guide.michelin.com/en/osaka-region/osaka/restaurant/sushidokoro-kurosugi-shinkan,selected,Osaka,Japan,"10F, 1-10-22 Sonezakishinchi, Kita-ku Osaka Osaka 530-0002 JPN",Osaka,Osaka,530-0002,34.6980249,135.4981733,ChIJ2cZqfnDnAGARCiiftIwS3eI
Sushidokoro SHIN,https://guide.michelin.com/en/osaka-region/osaka/restaurant/sushidokoro-shin,selected,Osaka,Japan,"7-12-14 Tenjimbashi, Kita-ku Osaka Osaka 531-0041 JPN",Osaka,Osaka,531-0041,34.7140182,135.5111097,ChIJYWSTsLjmAGAR7difAb284VQ
Sushidokoro Shishi,https://guide.michelin.com/en/tokyo-region/tokyo/restaurant/sushidokoro-shishi,selected,Tokyo,Japan,"2F, 1-10-10 Omorikita, Ota-ku Tokyo Tokyo 143-0016 JPN",Tokyo,Tokyo,143-0016,35.5860226,139.7284029,ChIJuTbdTgBhGGARqE1XZ8dbOa8
Sushidokoro Yamato,https://guide.michelin.com/en/tokyo-region/tokyo/restaurant/sushidokoro-yamato,selected,Tokyo,Japan,"3-7-2 Tsukiji, Chuo-ku Tokyo Tokyo 104-0045 JPN",Tokyo,Tokyo,104-0045,35.6679171,139.77375,ChIJA2o2h7SJGGARzFxrbMmS634
Sushisho Nehachi,https://guide.michelin.com/en/osaka-region/osaka/restaurant/sushisho-nehachi,selected,Osaka,Japan,"4-1-70 Fukushima, Fukushima-ku Osaka Osaka 553-0003 JPN",Osaka,Osaka,553-0003,34.691098,135.483835,ChIJV42SwBrnAGARqYrim0UoeMg
Sushiya Hajime,https://guide.michelin.com/en/tokyo-region/tokyo/restaurant/sushiya-hajime,selected,Tokyo,Japan,"2F, 4-3 Kagurazaka, Shinjuku-ku Tokyo Tokyo 162-0825 JPN",Tokyo,Tokyo,162-0825,35.701699,139.7401091,ChIJVRXA81qMGGARttwOHAi0kP0
SŌWADŌ,https://guide.michelin.com/en/tokyo-region/tokyo/restaurant/sowado,selected,Tokyo,Japan,"1-12-15 Hiro, Shibuya-ku Tokyo Tokyo 150-0012 JPN",Tokyo,Tokyo,150-0012,35.6480215,139.7153124,ChIJ49405C2LGGARcijau9UAPxE
TA-KUMI,https://guide.michelin.com/en/comunidad-de-madrid/madrid/restaurant/ta-kumi-1205616,selected,Madrid,Spain,Claudio Coello 114 Madrid Community of Madrid 28006 ESP,Madrid,Community of Madrid,28006,40.4359509,-3.685223,ChIJi_0REaQpQg0RR9BZOC8xqYo
TAAN,https://guide.michelin.com/en/bangkok-region/bangkok/restaurant/taan,selected,Bangkok,Thailand,"25F, Siam@Siam Design Hotel, 865 Rama 1 Road, Wang Mai, Pathum Wan Bangkok Bangkok Region 10330 THA",Bangkok,Bangkok Region,10330,13.7473396,100.5269839,ChIJbV7JakqZ4jARz5eeuH1tuxE
TACUBO Shirokanedai,https://guide.michelin.com/en/tokyo-region/tokyo/restaurant/tacubo-shirokanedai,selected,Tokyo,Japan,"B1F, 4-19-21 Shirokanedai, Minato-ku Tokyo Tokyo 108-0071 JPN",Tokyo,Tokyo,108-0071,35.6397103,139.7227939,ChIJSbVng5mLGGARtxbPqAX7pqM
TAMPU,https://guide.michelin.com/en/comunidad-de-madrid/madrid/restaurant/tampu,selected,Madrid,Spain,Prim 13 Madrid Community of Madrid 28004 ESP,Madrid,Community of Madrid,28004,40.4219622,-3.6935115,ChIJpWlI08QoQg0RXJi7Rzb0tvk
TAVERNETTA da KITAYAMA,https://guide.michelin.com/en/osaka-region/osaka/restaurant/tavernetta-da-kitayama,selected,Osaka,Japan,"1-6 Ishigatsujicho, Tennoji-ku Osaka Osaka 543-0031 JPN",Osaka,Osaka,543-0031,34.6648147,135.5230792,ChIJBby9n0TnAGARx79JnM4SQ98
TEMPURA HANAGATAMI,https://guide.michelin.com/en/osaka-region/osaka/restaurant/tempura-hanagatami,selected,Osaka,Japan,"5F, The Ritz-Carlton, Osaka, 2-5-25 Umeda, Kita-ku Osaka Osaka 530-0001 JPN",Osaka,Osaka,530-0001,34.6979546,135.4919135,ChIJz4HJq4zmAGAReLvvmCsVeBk
THE CLOUD by Käfer,https://guide.michelin.com/en/bayern/mnchen/restaurant/the-cloud-by-kafer,selected,Munich,Germany,Am Olympiapark 1 Munich Bavaria 80809 DEU,Munich,Bavaria,80809,48.1768601,11.5565826,ChIJt96jin12nkcRIY-FM4ZpPWc
THE UPPER,https://guide.michelin.com/en/tokyo-region/tokyo/restaurant/the-upper,selected,Tokyo,Japan,"10F, MARUNOUCHI TERRACE, 1-3-4 Marunouchi, Chiyoda-ku Tokyo Tokyo 100-0005 JPN",Tokyo,Tokyo,100-0005,35.6844103,139.7640883,ChIJAVBcenGLGGAR80J5LmnrJ54
TOWN,https://guide.michelin.com/en/greater-london/london/restaurant/town-1240868,selected,London,United Kingdom,"26-29 Drury Lane, Covent Garden London Greater London WC2B 5RL GBR",London,Greater London,WC2B 5RL,51.5150945,-0.12289,ChIJgTNXqc8bdkgRSlZrDPT89Qo
TRATTORIA SICILIANA Don Ciccio,https://guide.michelin.com/en/tokyo-region/tokyo/restaurant/trattoria-siciliana-don-ciccio,selected,Tokyo,Japan,"1-2-6 Minamiaoyama, Minato-ku Tokyo Tokyo 107-0062 JPN",Tokyo,Tokyo,107-0062,35.6721815,139.7254147,ChIJZ3voi16LGGAR7mR2u7_J8jw
Taberna Noroeste,https://guide.michelin.com/en/catalunya/barcelona/restaurant/taberna-noroeste,selected,Barcelona,Spain,Radas 67 Barcelona Catalonia 08004 ESP,Barcelona,Catalonia,08004,41.372221,2.1605371,ChIJB81p2GCjpBIRoZh_el1xads
Taberna Pedraza,https://guide.michelin.com/en/comunidad-de-madrid/madrid/restaurant/taberna-pedraza,selected,Madrid,Spain,Recoletos 4 Madrid Community of Madrid 28001 ESP,Madrid,Community of Madrid,28001,40.4221275,-3.6908865,ChIJPY6cbKYoQg0RzeP4T61c5ho
Takahashi,https://guide.michelin.com/en/tokyo-region/tokyo/restaurant/takahashi-1205597,selected,Tokyo,Japan,"1-7-6 Morishita, Koto-ku Tokyo Tokyo 135-0004 JPN",Tokyo,Tokyo,135-0004,35.6869463,139.7976075,ChIJAbUHR2iJGGARuSJHAUeOBxw
Takeda,https://guide.michelin.com/en/osaka-region/osaka/restaurant/takeda-1216714,selected,Osaka,Japan,"2F, 2-1-6 Tsuriganecho, Chuo-ku Osaka Osaka 540-0035 JPN",Osaka,Osaka,540-0035,34.6247303,135.5520533,ChIJaVoiqO_eAGARI8F7PDf0R5Q
Takumi,https://guide.michelin.com/en/tokyo-region/tokyo/restaurant/takumi,selected,Tokyo,Japan,"1-11-10 Nishiazabu, Minato-ku Tokyo Tokyo 106-0031 JPN",Tokyo,Tokyo,106-0031,35.6604228,139.7243101,ChIJVVVhh3qLGGARGTE1PDL6pck
Takumi Sushi Owana,https://guide.michelin.com/en/tokyo-region/tokyo/restaurant/takumi-sushi-owana,selected,Tokyo,Japan,"4F, 1-17-17 Ebisuminami, Shibuya-ku Tokyo Tokyo 150-0022 JPN",Tokyo,Tokyo,150-0022,35.6447657,139.7104181,ChIJVVWJ8j-LGGARG9J6uCuYogo
Tamarind,https://guide.michelin.com/en/greater-london/london/restaurant/tamarind69400,selected,London,United Kingdom,"20 Queen Street, Mayfair London Greater London W1J 5PR GBR",London,Greater London,W1J 5PR,51.5070713,-0.1472487999999999,ChIJTUlS0S4FdkgRNcarX5NN-AM
Tamila,https://guide.michelin.com/en/greater-london/london/restaurant/tamila,selected,London,United Kingdom,"39 Northcote Road, Wandsworth London Greater London SW11 1NJ GBR",London,Greater London,SW11 1NJ,51.4596722,-0.1662461999999999,ChIJXU5VdfcFdkgR4IKuTRWUFmo
Tammang,https://guide.michelin.com/en/bangkok-region/bangkok/restaurant/tammang,selected,Bangkok,Thailand,"380-382 Rama 2 Road, Bang Mot, Chom Thong Bangkok Bangkok Region 10150 THA",Bangkok,Bangkok Region,10150,13.6813152,100.4737878,ChIJi0kx286j4jARZ0g1D_o2dVw
Tanakada Nishiazabuten,https://guide.michelin.com/en/tokyo-region/tokyo/restaurant/tanakada-nishiazabuten,selected,Tokyo,Japan,"2-2-2 Nishiazabu, Minato-ku Tokyo Tokyo 106-0031 JPN",Tokyo,Tokyo,106-0031,35.6641418,139.7203174,ChIJwaL8zHCLGGARP42cRHlkqLw
Tang Sui Heng (Banthat Thong Road),https://guide.michelin.com/en/bangkok-region/bangkok/restaurant/tung-sui-heng-pochana-stadium-one,selected,Bangkok,Thailand,"649 Banthat Thong Road, Wang Mai, Pathum Wan Bangkok Bangkok Region 10330 THA",Bangkok,Bangkok Region,10330,13.7468617,100.5237712,ChIJt9rU2CmZ4jARHu_M9WzEbqU
Tapori,https://guide.michelin.com/en/bangkok-region/bangkok/restaurant/tapori,selected,Bangkok,Thailand,"22/2 Soi Sukhumvit 47, Khlong Tan Nuea, Vadhana Bangkok Bangkok Region 10110 THA",Bangkok,Bangkok Region,10110,13.7299377,100.5744672,ChIJ8ynAp7mf4jAR1d2faDTx7RA
Taro,https://guide.michelin.com/en/prague/prague/restaurant/taro-1217153,selected,Prague,Czech Republic,Národní 10 Prague Prague 11000 CZE,Prague,Prague,11000,50.0815735,14.4166907,ChIJtc9SeFeUC0cROXx_GqFm5D0
Tasogare,https://guide.michelin.com/en/tokyo-region/tokyo/restaurant/tasogare,selected,Tokyo,Japan,"3F, 2-6-2 Azabujuban, Minato-ku Tokyo Tokyo 106-0045 JPN",Tokyo,Tokyo,106-0045,35.6562335,139.733075,ChIJbWo8yZ-LGGARAhPAbu6GEE0
Temmabashi Fujikawa,https://guide.michelin.com/en/osaka-region/osaka/restaurant/temmabashi-fujikawa,selected,Osaka,Japan,"2-2-21 Temma, Kita-ku Osaka Osaka 530-0043 JPN",Osaka,Osaka,530-0043,34.6902474,135.5163172,ChIJh6DZDSjnAGARziOvyvQmEjk
Tempura Aratamikawa,https://guide.michelin.com/en/tokyo-region/tokyo/restaurant/tempura-aratamikawa,selected,Tokyo,Japan,"2F, 2-15-6 Nishishimbashi, Minato-ku Tokyo Tokyo 105-0003 JPN",Tokyo,Tokyo,105-0003,35.6669274,139.7512528,ChIJm19mRJOLGGAR7ZzsDqyeXnw
Tempura Fukana,https://guide.michelin.com/en/osaka-region/osaka/restaurant/tempura-fukana,selected,Osaka,Japan,"B1F, 2-1-25 Dojima, Kita-ku Osaka Osaka 530-0003 JPN",Osaka,Osaka,530-0003,34.6963018,135.4941237,ChIJf8UJAPznAGAROP3059p9wJA
Tempura Kitagawa,https://guide.michelin.com/en/tokyo-region/tokyo/restaurant/tempura-kitagawa,selected,Tokyo,Japan,"B1F, 1-17-15 Ebisuminami, Shibuya-ku Tokyo Tokyo 150-0022 JPN",Tokyo,Tokyo,150-0022,35.64453719999999,139.7102448,ChIJmYbCJQCLGGARTfRFtyeJdhc
Tempura Sakugetsu,https://guide.michelin.com/en/osaka-region/osaka/restaurant/tempura-sakugetsu,selected,Osaka,Japan,"2-9-26 Shimanochi, Chuo-ku Osaka Osaka 542-0082 JPN",Osaka,Osaka,542-0082,34.6700868,135.50823,ChIJMx8ySDHnAGAR78kV0sCxzIA
Tempura Shimomura,https://guide.michelin.com/en/tokyo-region/tokyo/restaurant/tempura-shimomura,selected,Tokyo,Japan,"1-11-13 Misuji, Taito-ku Tokyo Tokyo 111-0055 JPN",Tokyo,Tokyo,111-0055,35.7042077,139.7853468,ChIJq8q-9LqOGGARC_RnUt8cMkI
Tempura Taku,https://guide.michelin.com/en/tokyo-region/tokyo/restaurant/tempura-taku,selected,Tokyo,Japan,"5F, 3-1 Kagurazaka, Shinjuku-ku Tokyo Tokyo 162-0825 JPN",Tokyo,Tokyo,162-0825,35.7021761,139.7410807,ChIJKT1zkkS5GGARvDm1xvQEEFM
Tempura Urakami,https://guide.michelin.com/en/osaka-region/osaka/restaurant/tempura-urakami,selected,Osaka,Japan,"5-6-3 Fukushima, Fukushima-ku Osaka Osaka 553-0003 JPN",Osaka,Osaka,553-0003,34.6964386,135.4879019,ChIJB1RNE_XmAGARyDET6S0Mcgo
Ten's,https://guide.michelin.com/en/catalunya/barcelona/restaurant/ten-s,selected,Barcelona,Spain,Avenida Marqués de l'Argentera 11 Barcelona Catalonia 08003 ESP,Barcelona,Catalonia,08003,41.3842006,2.1843617,ChIJMxp5H_6ipBIR-XbZESY3q3c
Tendril,https://guide.michelin.com/en/greater-london/london/restaurant/tendril,selected,London,United Kingdom,"5 Princes Street, Mayfair London Greater London W1B 2LQ GBR",London,Greater London,W1B 2LQ,51.5146122,-0.1427628,ChIJ116rKF4PdkgRJylL-GGjPDo
Tenjimon,https://guide.michelin.com/en/seoul-capital-area/kr-seoul/restaurant/tenjimon,selected,Seoul,South Korea,"4F, 41 Hakdong-ro 97-gil, Gangnam-gu Seoul Seoul Capital Area 06072 KOR",Seoul,Seoul Capital Area,06072,37.5224135,127.054306,ChIJw404MNGlfDUR8Jz3aLJg0Oc
Teppan,https://guide.michelin.com/en/seoul-capital-area/kr-seoul/restaurant/teppan,selected,Seoul,South Korea,"B1F, Grand Hyatt Hotel, 322 Sowol-ro, Yongsan-gu Seoul Seoul Capital Area 04347 KOR",Seoul,Seoul Capital Area,04347,37.5393726,126.9967325,ChIJ3dwLLk2ifDURMujeb44nwcg
Teppanyaki WAJO,https://guide.michelin.com/en/osaka-region/osaka/restaurant/teppanyaki-wajo,selected,Osaka,Japan,"12F, The St. Regis Osaka, 3-6-12 Hommachi, Chuo-ku Osaka Osaka 541-0053 JPN",Osaka,Osaka,541-0053,34.6831434,135.5013444,ChIJr5uq6Q7nAGARHs4BRb955pc
Terrazza Danieli,https://guide.michelin.com/en/veneto/venezia/restaurant/terrazza-danieli,selected,Venice,Italy,"riva degli Schiavoni, sestiere Castello 4196 Venice Veneto 30122 ITA",Venice,Veneto,30122,45.4296732,12.3259511,ChIJsZNQo82xfkcRJovKXmXBfnQ
Tetsu,https://guide.michelin.com/en/comunidad-de-madrid/madrid/restaurant/tetsu,selected,Madrid,Spain,Marqués de Villamagna 1 Madrid Community of Madrid 28001 ESP,Madrid,Community of Madrid,28001,40.4298293,-3.6879496,ChIJXzrTIwApQg0RmiHMhXFSe8A
The Albion by Kirk Westaway,https://guide.michelin.com/en/ho-chi-minh/ho-chi-minh_2978179/restaurant/the-albion-by-kirk-westaway,selected,Ho Chi Minh City,Vietnam,"23F, Hôtel des Arts Saigon, 76-78 Nguyen Thi Minh Khai Street, Vo Thi Sau Ward, District 3 Ho Chi Minh City Hồ Chí Minh 070000 VNM",Ho Chi Minh City,Hồ Chí Minh,070000,10.782411,106.6972606,ChIJPREeQwAvdTERhdqYOYH2JbM
The Baring,https://guide.michelin.com/en/greater-london/london/restaurant/the-baring,selected,London,United Kingdom,"55 Baring Street, Islington London Greater London N1 3DS GBR",London,Greater London,N1 3DS,51.5371024,-0.0885046999999999,ChIJsyJpATMddkgRN1nHZbE9uWA
The Chalk Freehouse,https://guide.michelin.com/en/greater-london/london/restaurant/the-chalk-freehouse,selected,London,United Kingdom,"27 Tryon Street, Chelsea London Greater London SW3 3LG GBR",London,Greater London,SW3 3LG,51.4875752,-0.1692573,ChIJK7aYUOsFdkgRKgJYM07RLuw
The Cocochine,https://guide.michelin.com/en/greater-london/london/restaurant/the-cocochine,selected,London,United Kingdom,"27 Bruton Place, Mayfair London Greater London W1J 6NQ GBR",London,Greater London,W1J 6NQ,51.5108323,-0.1450583,ChIJiaD7CO4FdkgRD3TU2uCicsQ
The Connaught Grill,https://guide.michelin.com/en/greater-london/london/restaurant/the-connaught-grill-1217143,selected,London,United Kingdom,"Carlos Place, Mayfair London Greater London W1K 2AL GBR",London,Greater London,W1K 2AL,51.5100105,-0.1498006999999999,ChIJGxonjGEFdkgRWvAxuowh4to
The Devonshire,https://guide.michelin.com/en/greater-london/london/restaurant/the-devonshire,selected,London,United Kingdom,"17-19 Denman Street, Soho London Greater London W1D 7HW GBR",London,Greater London,W1D 7HW,51.51062750000001,-0.1353358,ChIJsc95TQcFdkgRDgDjFkIJCz8
The French House,https://guide.michelin.com/en/greater-london/london/restaurant/french-house,selected,London,United Kingdom,"49 Dean Street, Soho London Greater London W1D 5BG GBR",London,Greater London,W1D 5BG,51.5127471,-0.1317317999999999,ChIJBUj2-9IEdkgRmSNxHI1mals
The Fuji Grill,https://guide.michelin.com/en/greater-london/london/restaurant/the-fuji-grill,selected,London,United Kingdom,"Beaverbrook Town House, 115 Sloane Street, Belgravia London Greater London SW1X 9PJ GBR",London,Greater London,SW1X 9PJ,51.4947671,-0.1584839999999999,ChIJ13U2Lr8FdkgRHMpwkjkxm-8
The Green Table,https://guide.michelin.com/en/seoul-capital-area/kr-seoul/restaurant/the-green-table,selected,Seoul,South Korea,"5F Arario Space, 83 Yulgok-ro, Jongno-gu Seoul Seoul Capital Area 03058 KOR",Seoul,Seoul Capital Area,03058,37.5777278,126.9884708,ChIJ_____6ChfDURiaRnah1hzUc
The Grill at The Dorchester,https://guide.michelin.com/en/greater-london/london/restaurant/the-grill-193361,selected,London,United Kingdom,"The Dorchester Hotel, 53 Park Lane, Mayfair London Greater London W1K 1QA GBR",London,Greater London,W1K 1QA,51.5073189,-0.1521873,ChIJiTyvxdcEdkgRXsLBfaeiXIU
The Holland,https://guide.michelin.com/en/greater-london/london/restaurant/the-holland,selected,London,United Kingdom,"25 Earls Court Road, Kensington London Greater London W8 6EB GBR",London,Greater London,W8 6EB,51.498178,-0.1978859,ChIJibmQvoMPdkgRK71kyUczsis
The Lanesborough Grill,https://guide.michelin.com/en/greater-london/london/restaurant/the-lanesborough-grill,selected,London,United Kingdom,"The Lanesborough Hotel, Hyde Park Corner London Greater London SW1X 7TA GBR",London,Greater London,SW1X 7TA,51.5023626,-0.1524159,ChIJvcaqMiUFdkgRH3I284WxJoY
The Monkey Gallery Dining,https://guide.michelin.com/en/ho-chi-minh/ho-chi-minh_2978179/restaurant/the-monkey-gallery-dining,selected,Ho Chi Minh City,Vietnam,"3F, 91 Mac Thi Buoi Street, Ben Nghe Ward, District 1 Ho Chi Minh City Hồ Chí Minh 700000 VNM",Ho Chi Minh City,Hồ Chí Minh,700000,10.7743976,106.7040112,ChIJxyncMZMvdTERBWKzGW9EBWo
The Ninth Gate,https://guide.michelin.com/en/seoul-capital-area/kr-seoul/restaurant/the-ninth-gate,selected,Seoul,South Korea,"1F The Westin Chosun Hotel, 106 Sogong-ro, Jung-gu Seoul Seoul Capital Area 04533 KOR",Seoul,Seoul Capital Area,04533,37.5644064,126.9796971,ChIJaeJIP_KifDURoY0DjBxaIj8
The Park,https://guide.michelin.com/en/greater-london/london/restaurant/the-park-1215538,selected,London,United Kingdom,"2 Queensway, Lancaster Gate London Greater London W2 3RX GBR",London,Greater London,W2 3RX,51.5104763,-0.1868679999999999,ChIJOxvAaJAFdkgRyTxvwB8xP3Y
The Temptation,https://guide.michelin.com/en/da-nang-region/da-nang_2984390/restaurant/the-temptation,selected,Da Nang,Vietnam,"125 Ho Nghinh Street, Phuoc My Ward, Son Tra District Da Nang Da Nang Region 550000 VNM",Da Nang,Da Nang Region,550000,16.0734565,108.2431275,ChIJd2HsN1oXQjER19a79kUNt-U
The Wigmore,https://guide.michelin.com/en/greater-london/london/restaurant/the-wigmore,selected,London,United Kingdom,"15 Langham Place, Upper Regent Street, Marylebone London Greater London W1B 1JA GBR",London,Greater London,W1B 1JA,51.5174988,-0.1432782,ChIJq6oaqNUadkgRpZOzYplQjq4
Thiou,https://guide.michelin.com/en/ile-de-france/paris/restaurant/thiou-1210574,selected,Paris,France,"Hôtel Norman, 9 rue Balzac Paris Ile-de-France 75008 FRA",Paris,Ile-de-France,75008,48.8736895,2.3003111,ChIJ1S254QJv5kcRjwVbhv8D7bM
Through the Woods,https://guide.michelin.com/en/greater-london/london/restaurant/through-the-woods,selected,London,United Kingdom,"212 Middle Lane, Crouch End London Greater London N8 7LA GBR",London,Greater London,N8 7LA,51.5866547,-0.121754,ChIJh-8RnHQbdkgRh7CxAa6V_vQ
Thúy 94 Cũ,https://guide.michelin.com/en/ho-chi-minh/ho-chi-minh_2978179/restaurant/thuy-94-cu,selected,Ho Chi Minh City,Vietnam,"84 Dinh Tien Hoang Street, Da Kao Ward, District 1 Ho Chi Minh City Hồ Chí Minh 710000 VNM",Ho Chi Minh City,Hồ Chí Minh,710000,10.7901546,106.6978458,ChIJlRD5xMoodTERQiFYLoQ_OyQ
Ticuí,https://guide.michelin.com/en/comunidad-de-madrid/madrid/restaurant/ticui,selected,Madrid,Spain,Cedaceros 6 Madrid Community of Madrid 28014 ESP,Madrid,Community of Madrid,28014,40.4174397,-3.6985701,ChIJ9QZb390pQg0R1XTXCHH4kJQ
Tinc gana,https://guide.michelin.com/en/tokyo-region/tokyo/restaurant/tinc-gana,selected,Tokyo,Japan,"4-3 Rokubancho, Chiyoda-ku Tokyo Tokyo 102-0085 JPN",Tokyo,Tokyo,102-0085,35.6891599,139.7352518,ChIJF1SZpZmNGGARMpZdBnEELqI
Tobi Masa,https://guide.michelin.com/en/greater-london/london/restaurant/tobi-masa,selected,London,United Kingdom,"The Chancery Rosewood Hotel, 30 Grosvenor Square, Mayfair London Greater London W1K 6AN GBR",London,Greater London,W1K 6AN,51.511463,-0.153658,ChIJxVKhczIFdkgRZ9Ao33RlxkU
Toc Toc,https://guide.michelin.com/en/seoul-capital-area/kr-seoul/restaurant/toc-toc,selected,Seoul,South Korea,"3F, 41 Hakdong-ro 97-gil, Gangnam-gu Seoul Seoul Capital Area 06072 KOR",Seoul,Seoul Capital Area,06072,37.5223712,127.0542979,ChIJDRB8ZoijfDURnAHuRSEyC9I
Toh Lim,https://guide.michelin.com/en/seoul-capital-area/kr-seoul/restaurant/toh-lim,selected,Seoul,South Korea,"37F Lotte Hotel, 30 Eulji-ro, Jung-gu Seoul Seoul Capital Area 04533 KOR",Seoul,Seoul Capital Area,04533,37.5653982,126.9810257,ChIJ4XXgtxqjfDUR2zvGXfHR7z0
Tokihami,https://guide.michelin.com/en/tokyo-region/tokyo/restaurant/tokihami,selected,Tokyo,Japan,"2F, 3-11-6 Ginza, Chuo-ku Tokyo Tokyo 104-0061 JPN",Tokyo,Tokyo,104-0061,35.6708207,139.768861,ChIJnwElbiiLGGARth6Ff7TRft0
Tokyo Chinese Ichirin,https://guide.michelin.com/en/tokyo-region/tokyo/restaurant/tokyo-chinese-ichirin,selected,Tokyo,Japan,"1-5-8 Tsukiji, Chuo-ku Tokyo Tokyo 104-0045 JPN",Tokyo,Tokyo,104-0045,35.6698572,139.7715378,ChIJ0SFPdeCLGGARjy7EZktw8Sc
Tom Brown at The Capital,https://guide.michelin.com/en/greater-london/london/restaurant/tom-brown-at-the-capital,selected,London,United Kingdom,"22-24 Basil Street, Knightsbridge London Greater London SW3 1AT GBR",London,Greater London,SW3 1AT,51.5001747,-0.1616047,ChIJcxfV3jgFdkgRPIzugJ79Ki0
TonTon,https://guide.michelin.com/en/comunidad-de-madrid/madrid/restaurant/tonton-1216005,selected,Madrid,Spain,Jordán 7 Madrid Community of Madrid 28010 ESP,Madrid,Community of Madrid,28010,40.4329978,-3.7033031,ChIJjxkLOhspQg0RjFgYfzMDs8E
Tooru,https://guide.michelin.com/en/busan-region/busan_1025838/restaurant/tooru,selected,Busan,South Korea,"38-1 Dongseong-ro 49 beon-gil, Busanjin-gu Busan Busan 47304 KOR",Busan,Busan,47304,35.1551348,129.0663881,ChIJ6Rt7nF7raDURsyK3wlebMFE
Tora,https://guide.michelin.com/en/comunidad-de-madrid/madrid/restaurant/tora,selected,Madrid,Spain,Padilla 5 Madrid Community of Madrid 28006 ESP,Madrid,Community of Madrid,28006,40.4317707,-3.6858456,ChIJk_4jTtEpQg0ReZFmTRVFW6A
Torafuguga,https://guide.michelin.com/en/busan-region/busan_1025838/restaurant/torafuguga,selected,Busan,South Korea,"480 Jwadongsunhwan-ro, Haeundae-gu Busan Busan 48103 KOR",Busan,Busan,48103,35.1641428,129.1699864,ChIJxbJWzVaNaDURmLfOyilyVIk
Tori-Key,https://guide.michelin.com/en/comunidad-de-madrid/madrid/restaurant/tori-key,selected,Madrid,Spain,Plaza del Descubridor Diego de Ordás 2 Madrid Community of Madrid 28003 ESP,Madrid,Community of Madrid,28003,40.4409809,-3.7004273,ChIJZcO2qvcoQg0RqRY6Qd1ZKo4
Torisawa 22,https://guide.michelin.com/en/bangkok-region/bangkok/restaurant/torisawa-22,selected,Bangkok,Thailand,"2F, 267/16 Soi Sukhumvit 63, Khlong Tan Nuea, Vadhana Bangkok Bangkok Region 10110 THA",Bangkok,Bangkok Region,10110,13.7344252,100.5868708,ChIJlRCfMeef4jARMixXFyeRibw
Toriyaki Ohana,https://guide.michelin.com/en/tokyo-region/tokyo/restaurant/toriyaki-ohana,selected,Tokyo,Japan,"3-28-2 Ebisu, Shibuya-ku Tokyo Tokyo 150-0013 JPN",Tokyo,Tokyo,150-0013,35.6437958,139.7156051,ChIJ-XBHrW6LGGARZwrLmE6QbSA
Tosara,https://guide.michelin.com/en/osaka-region/osaka/restaurant/tosara,selected,Osaka,Japan,"2-7-26 Nishitemma, Kita-ku Osaka Osaka 530-0047 JPN",Osaka,Osaka,530-0047,34.6959575,135.5021363,ChIJb7tY643nAGARrRwVFLKhbf0
Towa,https://guide.michelin.com/en/ile-de-france/paris/restaurant/will,selected,Paris,France,75 rue Crozatier Paris Ile-de-France 75012 FRA,Paris,Ile-de-France,75012,48.849591,2.3793134,ChIJfe0cOQ9y5kcRa69y4RFpF_s
Tram-Tram,https://guide.michelin.com/en/catalunya/barcelona/restaurant/tram-tram,selected,Barcelona,Spain,Major de Sarrià 121 Barcelona Catalonia 08017 ESP,Barcelona,Catalonia,08017,41.400749,2.120531,ChIJX_qwTEeYpBIRLYdiL1aD41s
Trattoria Martinelli,https://guide.michelin.com/en/vienna/wien/restaurant/trattoria-martinelli,selected,Vienna,Austria,Freyung 3 Vienna Vienna 1010 AUT,Vienna,Vienna,1010,48.2112782,16.3649478,ChIJya4GSDsHbUcRHyPSvhiUnuE
Trichards,https://guide.michelin.com/en/bayern/mnchen/restaurant/trichards,selected,Munich,Germany,Reitmorstraße 21 Munich Bavaria 80538 DEU,Munich,Bavaria,80538,48.1404831,11.5925814,ChIJxaXMlzB1nkcRoLLhWh9ju2M
Triciclo,https://guide.michelin.com/en/comunidad-de-madrid/madrid/restaurant/triciclo,selected,Madrid,Spain,Santa María 28 Madrid Community of Madrid 28014 ESP,Madrid,Community of Madrid,28014,40.4128799,-3.6972446,ChIJbzIh_SkmQg0RdmTIzdzsDLg
Trid,https://guide.michelin.com/en/seoul-capital-area/kr-seoul/restaurant/trid,selected,Seoul,South Korea,"2F, 16 Seolleung-ro 162-gil, Gangnam-gu Seoul Seoul Capital Area 06014 KOR",Seoul,Seoul Capital Area,06014,37.5266693,127.0416788,ChIJh_Hy_YOlfDURPBVzNYFT0qk
Truffle,https://guide.michelin.com/en/ho-chi-minh/ho-chi-minh_2978179/restaurant/truffle,selected,Ho Chi Minh City,Vietnam,"73F, Landmark 81, Vinhomes Central Park, Binh Thanh District Ho Chi Minh City Hồ Chí Minh 700000 VNM",Ho Chi Minh City,Hồ Chí Minh,700000,10.7949798,106.7217893,ChIJNUquq6YpdTERCniLES2zOvk
Tsunokamizaka Koshiba,https://guide.michelin.com/en/tokyo-region/tokyo/restaurant/tsunokamizaka-koshiba,selected,Tokyo,Japan,"2F, 15 Arakicho, Shinjuku-ku Tokyo Tokyo 160-0007 JPN",Tokyo,Tokyo,160-0007,35.6910467,139.7246692,ChIJzyKmyvOMGGARr1iop6HMadU
Tsurutokame,https://guide.michelin.com/en/tokyo-region/tokyo/restaurant/tsurutokame,selected,Tokyo,Japan,"B1F, 6-7-15 Ginza, Chuo-ku Tokyo Tokyo 104-0061 JPN",Tokyo,Tokyo,104-0061,35.6705119,139.7623838,ChIJVVVJqOiLGGARSL9m9_50k3Y
Tunateca Balfegó,https://guide.michelin.com/en/catalunya/barcelona/restaurant/tunateca-balfego,selected,Barcelona,Spain,Avenida Diagonal 439 Barcelona Catalonia 08036 ESP,Barcelona,Catalonia,08036,41.3939266,2.1502146,ChIJMQtngZuipBIRX1rbjLb2Aus
UNE IMMERSION,https://guide.michelin.com/en/tokyo-region/tokyo/restaurant/une-immersion,selected,Tokyo,Japan,"1-28-8 Hommachi, Shibuya-ku Tokyo Tokyo 151-0071 JPN",Tokyo,Tokyo,151-0071,35.680202,139.6801904,ChIJ8Qc0vJfzGGARTFmKJbb74sU
UNE PINCÉE,https://guide.michelin.com/en/tokyo-region/tokyo/restaurant/une-pincee,selected,Tokyo,Japan,"2-19-2 Higashiazabu, Minato-ku Tokyo Tokyo 106-0044 JPN",Tokyo,Tokyo,106-0044,35.6567051,139.742521,ChIJAwVzr0OLGGARail4iNx3vvY
UNKAI,https://guide.michelin.com/en/vienna/wien/restaurant/unkai,selected,Vienna,Austria,Kärntner Ring 9 Vienna Vienna 1010 AUT,Vienna,Vienna,1010,48.2021279,16.3718592,ChIJp3ykD50HbUcRGB8nK_og4rw
UPSTAIRZ,https://guide.michelin.com/en/osaka-region/osaka/restaurant/upstairz,selected,Osaka,Japan,"2F, Zentis Osaka, 1-4-26 Dojimahama, Kita-ku Osaka Osaka 530-0004 JPN",Osaka,Osaka,530-0004,34.6957338,135.4964138,ChIJg3eTVELnAGAR6UDG29yM7Xk
Uisane,https://guide.michelin.com/en/tokyo-region/tokyo/restaurant/uisane,selected,Tokyo,Japan,"2F, 4-2 Kagurazaka, Shinjuku-ku Tokyo Tokyo 162-0825 JPN",Tokyo,Tokyo,162-0825,35.70207,139.739799,ChIJAbdWUgGNGGARuHNKgG8spVs
Ukitacho Ima,https://guide.michelin.com/en/osaka-region/osaka/restaurant/ukitacho-ima,selected,Osaka,Japan,"2-5-27 Ukida, Kita-ku Osaka Osaka 530-0021 JPN",Osaka,Osaka,530-0021,34.6771293,135.4859559,ChIJqy4wNVXmAGARdxfIxgIKbuY
Ultramarinos Marín,https://guide.michelin.com/en/catalunya/barcelona/restaurant/ultramarinos-marin,selected,Barcelona,Spain,Balmes 187 Barcelona Catalonia 08006 ESP,Barcelona,Catalonia,08006,41.396697,2.1527702,ChIJIwokvHSjpBIRQWIBViMaork
Uma,https://guide.michelin.com/en/catalunya/barcelona/restaurant/uma,selected,Barcelona,Spain,Mallorca 275 Barcelona Catalonia 08008 ESP,Barcelona,Catalonia,08008,41.3948167,2.1635591,ChIJp1NbA4WYpBIRGemH5XFZE50
Umar Fisch,https://guide.michelin.com/en/vienna/wien/restaurant/umar-fisch,selected,Vienna,Austria,Naschmarkt Stand 76 Vienna Vienna 1040 AUT,Vienna,Vienna,1040,48.1996993,16.3655694,ChIJUcyK9YQHbUcRDWCmt4DS0zA
Unagi Tokito,https://guide.michelin.com/en/tokyo-region/tokyo/restaurant/unagi-tokito,selected,Tokyo,Japan,"2F, 2-5-11 Azabujuban, Minato-ku Tokyo Tokyo 106-0045 JPN",Tokyo,Tokyo,106-0045,35.6562296,139.7333147,ChIJU5J1bCqLGGAR72mliHZUC44
Utsubohommachi Gaku,https://guide.michelin.com/en/osaka-region/osaka/restaurant/utsubohommachi-gaku,selected,Osaka,Japan,"1-14-15 Utsubohommachi, Nishi-ku Osaka Osaka 550-0004 JPN",Osaka,Osaka,550-0004,34.684564,135.4953970000001,ChIJk__KYfzmAGARTgap6VXYC-4
V Zátiši,https://guide.michelin.com/en/prague/prague/restaurant/v-zatisi,selected,Prague,Czech Republic,"Liliová 1, Betlémské Nám. Prague Prague 110 00 CZE",Prague,Prague,110 00,50.0844414,14.4164032,ChIJK8NWCe-UC0cRuMPBeoI0Ai8
VERT,https://guide.michelin.com/en/tokyo-region/tokyo/restaurant/vert,selected,Tokyo,Japan,"2F, 3-1 Kagurazaka, Shinjuku-ku Tokyo Tokyo 162-0825 JPN",Tokyo,Tokyo,162-0825,35.7019796,139.7407617,ChIJZdfHxHCNGGAR40AS7D_V7XQ
VINOTHEK by Geisel,https://guide.michelin.com/en/bayern/mnchen/restaurant/vinothek-by-geisel,selected,Munich,Germany,Schützenstraße 11 Munich Bavaria 80335 DEU,Munich,Bavaria,80335,48.1397941,11.5622524,ChIJs7WL5_l1nkcRRKzHFBxCE9s
Vallmo,https://guide.michelin.com/en/prague/prague/restaurant/vallmo,selected,Prague,Czech Republic,Plavecká 404/4 Prague Prague 12800 CZE,Prague,Prague,12800,50.069113,14.4153218,ChIJZT8bMbGVC0cRaNZGI9wSO9Y
VanOost,https://guide.michelin.com/en/noord-holland/amsterdam/restaurant/vanoost,selected,Amsterdam,Netherlands,Mauritskade 61 Amsterdam Noord-Holland 1092 AD NLD,Amsterdam,Noord-Holland,1092 AD,52.3621937,4.9196841,ChIJg-upob8JxkcRArse20i7HeY
Varier,https://guide.michelin.com/en/osaka-region/osaka/restaurant/varier,selected,Osaka,Japan,"2F, Nakanoshima Daibiru, 3-3-23 Nakanoshima, Kita-ku Osaka Osaka 530-6102 JPN",Osaka,Osaka,530-6102,34.6931156,135.4935985,ChIJGWmIa_HmAGARuzaeTSd9eAs
VeRo - Venetian Roots,https://guide.michelin.com/en/veneto/venezia/restaurant/vero-venetian-roots,selected,Venice,Italy,Riva Ca'di Dio 2182 Venice Veneto 30122 ITA,Venice,Veneto,30122,45.4332731,12.3486868,ChIJ_7s_vHavfkcRfKLep6NOl_Q
Veranda Brasserie & Bar,https://guide.michelin.com/en/vienna/wien/restaurant/veranda,selected,Vienna,Austria,Burggasse 2 Vienna Vienna 1070 AUT,Vienna,Vienna,1070,48.2046883,16.3565477,ChIJ-c7NmJEHbUcRDYwhDk1gTSM
Vermeer,https://guide.michelin.com/en/noord-holland/amsterdam/restaurant/vermeer,selected,Amsterdam,Netherlands,Prins Hendrikkade 59 Amsterdam Noord-Holland 1012 AD NLD,Amsterdam,Noord-Holland,1012 AD,52.376537,4.900446,ChIJQ_tKzrkJxkcRYKxi_rC_ghg
Vestibül,https://guide.michelin.com/en/vienna/wien/restaurant/vestibul,selected,Vienna,Austria,Universitätsring 2 Vienna Vienna 1010 AUT,Vienna,Vienna,1010,48.2099567,16.3611108,ChIJH0rFSJYHbUcRTwKtKwYkdak
Via Emilia,https://guide.michelin.com/en/bangkok-region/bangkok/restaurant/via-emilia,selected,Bangkok,Thailand,"1040 Soi Naradhiwas Rajanagarindra 17 Lane 5, Thung Maha Mek, Sathon Bangkok Bangkok Region 10120 THA",Bangkok,Bangkok Region,10120,13.7156627,100.5364041,ChIJ3-sH4Taf4jARSnkHsIuLKa4
Vietnam House,https://guide.michelin.com/en/ho-chi-minh/ho-chi-minh_2978179/restaurant/vietnam-house,selected,Ho Chi Minh City,Vietnam,"93-97 Dong Khoi Street, Ben Nghe Ward, District 1 Ho Chi Minh City Hồ Chí Minh 700000 VNM",Ho Chi Minh City,Hồ Chí Minh,700000,10.7748134,106.7041331,ChIJ4zj_mEYvdTERB3pS7sNEeVc
Vilas,https://guide.michelin.com/en/bangkok-region/bangkok/restaurant/vilas,selected,Bangkok,Thailand,"Unit E103, B1F, Velaa Sindhorn Village, 87 Lang Suan Road, Lumphini, Pathum Wan Bangkok Bangkok Region 10330 THA",Bangkok,Bangkok Region,10330,13.7368045,100.5430078,ChIJz4DkUXKZ4jARyIgoG7ySrUE
Vinaiolo,https://guide.michelin.com/en/bayern/mnchen/restaurant/vinaiolo,selected,Munich,Germany,Steinstraße 42 Munich Bavaria 81667 DEU,Munich,Bavaria,81667,48.1312271,11.5959115,ChIJ__Fstn_fnUcRS9L_1VrexsQ
Vini da Gigio,https://guide.michelin.com/en/veneto/venezia/restaurant/vini-da-gigio,selected,Venice,Italy,"calle Stua Cannaregio, sestiere Cannaregio 3628 Venice Veneto 30121 ITA",Venice,Veneto,30121,45.4419862,12.3337558,ChIJaRylF92xfkcRhnBbKdBPPOI
Vivanda,https://guide.michelin.com/en/catalunya/barcelona/restaurant/vivanda,selected,Barcelona,Spain,Major de Sarrià 134 Barcelona Catalonia 08017 ESP,Barcelona,Catalonia,08017,41.4004947,2.1209728,ChIJPZA7yECYpBIRBtx928ahUJA
Wagyuchugokusai Kumanohanare,https://guide.michelin.com/en/osaka-region/osaka/restaurant/wagyuchugokusai-kumanohanare,selected,Osaka,Japan,"1-4-4 Dojimahama, Kita-ku Osaka Osaka 530-0004 JPN",Osaka,Osaka,530-0004,34.6957583957512,135.497004009664,ChIJ-7UEB-7mAGAR1KNmXP7cmG8
Wah Lok,https://guide.michelin.com/en/bangkok-region/bangkok/restaurant/wah-lok-1194310,selected,Bangkok,Thailand,"2F, Carlton Hotel Bangkok Sukhumvit, 491 Sukhumvit Road, Khlong Tan Nuea, Vadhana Bangkok Bangkok Region 10110 THA",Bangkok,Bangkok Region,10110,13.7346657,100.5644982,ChIJd6XhIfef4jARz1jVBhCFsPI
Washoku Ebihara,https://guide.michelin.com/en/tokyo-region/tokyo/restaurant/washoku-ebihara,selected,Tokyo,Japan,"19 Iwatocho, Shinjuku-ku Tokyo Tokyo 162-0832 JPN",Tokyo,Tokyo,162-0832,35.7015578,139.7375351,ChIJyWrDBFqMGGAR5DX-4OO4UhI
Washoku Iikura,https://guide.michelin.com/en/osaka-region/osaka/restaurant/washoku-iikura,selected,Osaka,Japan,"3-7-20 Nishitemma, Kita-ku Osaka Osaka 530-0047 JPN",Osaka,Osaka,530-0047,34.6963513,135.5081912,ChIJt0Sd0sLmAGARFMP5bdGaPGE
Washun Taiki,https://guide.michelin.com/en/osaka-region/osaka/restaurant/washun-taiki,selected,Osaka,Japan,"6F, 1-3-30 Sonezakishinchi, Kita-ku Osaka Osaka 530-0002 JPN",Osaka,Osaka,530-0002,34.6695657,135.4996921,ChIJV1QvzhPnAGARyQbyfFcDSug
Watergang,https://guide.michelin.com/en/noord-holland/amsterdam/restaurant/watergang,selected,Amsterdam,Netherlands,Weteringstraat 41 Amsterdam Noord-Holland 1017 SM NLD,Amsterdam,Noord-Holland,1017 SM,52.361046,4.8887463,ChIJ-y5x-fEJxkcRCHWqzQtNM9s
Weinhaus Neuner,https://guide.michelin.com/en/bayern/mnchen/restaurant/weinhaus-neuner,selected,Munich,Germany,Herzogspitalstraße 8 Munich Bavaria 80331 DEU,Munich,Bavaria,80331,48.1377778,11.5683333,ChIJDzIgf_Z1nkcReBsZA5L0xkM
Wild Tavern,https://guide.michelin.com/en/greater-london/london/restaurant/wild-tavern,selected,London,United Kingdom,"2 Elystan Street, Chelsea London Greater London SW3 3NS GBR",London,Greater London,SW3 3NS,51.4907187,-0.1658202,ChIJWxa4PlEFdkgRIULkrd0GUv0
Wildflowers,https://guide.michelin.com/en/greater-london/london/restaurant/wildflowers,selected,London,United Kingdom,"57 Pimlico Road, Pimlico London Greater London SW1W 8NE GBR",London,Greater London,SW1W 8NE,51.4904464,-0.1529965999999999,ChIJRa9OLAAFdkgRbRQuzQxptT8
Windsor,https://guide.michelin.com/en/catalunya/barcelona/restaurant/windsor,selected,Barcelona,Spain,Còrsega 286 Barcelona Catalonia 08008 ESP,Barcelona,Catalonia,08008,41.3946769,2.1570734,ChIJk63J35CipBIRjoRB8_sYsXg
Winter Garden Florence,https://guide.michelin.com/en/toscana/firenze/restaurant/winter-garden-florence,selected,Florence,Italy,piazza Ognissanti 1 Florence Tuscany 50123 ITA,Florence,Tuscany,50123,43.7724124,11.2447958,ChIJM46XQKxWKhMRnd7fWnO9ynM
Wolf Atelier,https://guide.michelin.com/en/noord-holland/amsterdam/restaurant/wolf-atelier,selected,Amsterdam,Netherlands,Westerdoksplein 20 Amsterdam Noord-Holland 1013 AZ NLD,Amsterdam,Noord-Holland,1013 AZ,52.3830859,4.8924236,ChIJ6aWA3ssJxkcRr-roXgFOyi8
Xavier Pellicer,https://guide.michelin.com/en/catalunya/barcelona/restaurant/xavier-pellicer,selected,Barcelona,Spain,Provença 310 Barcelona Catalonia 08037 ESP,Barcelona,Catalonia,08037,41.3960475,2.1633998,ChIJCT2B-GqjpBIR24KgHy_ODOY
Xerta,https://guide.michelin.com/en/catalunya/barcelona/restaurant/xerta,selected,Barcelona,Spain,Còrsega 289 Barcelona Catalonia 08008 ESP,Barcelona,Catalonia,08008,41.39457760000001,2.1564782,ChIJEycdDdejpBIRIU2-I7NsC9U
Xôi Gà Number One,https://guide.michelin.com/en/ho-chi-minh/ho-chi-minh_2978179/restaurant/xoi-ga-number-one,selected,Ho Chi Minh City,Vietnam,"15 Nguyen Trung Truc Street, Ben Thanh Ward, District 1 Ho Chi Minh City Hồ Chí Minh 700000 VNM",Ho Chi Minh City,Hồ Chí Minh,700000,10.773782,106.6991939,ChIJm0lL7dcvdTERLSUg4GlmdAc
YAUMAY,https://guide.michelin.com/en/tokyo-region/tokyo/restaurant/yaumay,selected,Tokyo,Japan,"2F, Nijubashi Square, 3-2-3 Marunouchi, Chiyoda-ku Tokyo Tokyo 100-0005 JPN",Tokyo,Tokyo,100-0005,35.6776993,139.7617349,ChIJLYR_1ciLGGARyF9B0VihIR8
Yakiniku Sudo,https://guide.michelin.com/en/bangkok-region/bangkok/restaurant/yakiniku-sudo,selected,Bangkok,Thailand,"Unit 206-207, 2F, Nihonmachi Mall, Soi Sukhumvit 26, Khlong Tan, Khlong Toei Bangkok Bangkok Region 10110 THA",Bangkok,Bangkok Region,10110,13.7203981,100.5703113,ChIJASppHgCf4jARfViyDBtNYaw
Yakitori Honda,https://guide.michelin.com/en/tokyo-region/tokyo/restaurant/yakitori-honda,selected,Tokyo,Japan,"3-5-1 Minato, Chuo-ku Tokyo Tokyo 104-0043 JPN",Tokyo,Tokyo,104-0043,35.6698259,139.7781978,ChIJNfx6LjmJGGARYOmTuORkOQE
Yakitori Matsuoka,https://guide.michelin.com/en/osaka-region/osaka/restaurant/yakitori-matsuoka,selected,Osaka,Japan,"1-4-17 Tohei, Chuo-ku Osaka Osaka 542-0063 JPN",Osaka,Osaka,542-0063,34.6700187,135.5183895,ChIJN4FLyKTnAGARJqmrAtIssa4
Yakitori Matsuri,https://guide.michelin.com/en/osaka-region/osaka/restaurant/yakitori-matsuri,selected,Osaka,Japan,"2-2-33 Dojima, Kita-ku Osaka Osaka 530-0003 JPN",Osaka,Osaka,530-0003,34.6972943,135.4949424,ChIJ4e4Ob-fnAGARVFF70auERnY
Yakitori Mook,https://guide.michelin.com/en/seoul-capital-area/kr-seoul/restaurant/yakitori-mook,selected,Seoul,South Korea,"165-1 Seongmisan-ro, Mapo-gu Seoul Seoul Capital Area 03980 KOR",Seoul,Seoul Capital Area,03980,37.5646654,126.9245756,ChIJXdxi_e6YfDURkxsjzDY_pTU
Yakitori Omino,https://guide.michelin.com/en/tokyo-region/tokyo/restaurant/yakitori-omino,selected,Tokyo,Japan,"1-38-4 Oshiage, Sumida-ku Tokyo Tokyo 131-0045 JPN",Tokyo,Tokyo,131-0045,35.7098647,139.8158909,ChIJAQC1MSqPGGAR5m9NVwzZ5Cc
Yamato,https://guide.michelin.com/en/prague/prague/restaurant/yamato,selected,Prague,Czech Republic,U Kanálky 14 Prague Prague 120 00 CZE,Prague,Prague,120 00,50.0784421,14.446106,ChIJgxQsRpuUC0cRN9iz6O611hw
Yd’or,https://guide.michelin.com/en/tokyo-region/tokyo/restaurant/yd-or,selected,Tokyo,Japan,"2F, 3-9 Sarugakucho, Shibuya-ku Tokyo Tokyo 150-0033 JPN",Tokyo,Tokyo,150-0033,35.6520637,139.7042706,ChIJJ1cLl12LGGARcE1J21AdjTo
YiQi,https://guide.michelin.com/en/greater-london/london/restaurant/yiqi,selected,London,United Kingdom,"14 Lisle Street, Chinatown London Greater London WC2H 7BE GBR",London,Greater London,WC2H 7BE,51.5115094,-0.1308137,ChIJy23uOwAFdkgRii6cDLJ0Z8k
Iwansui,https://guide.michelin.com/en/osaka-region/osaka/restaurant/yiwanshui,selected,Osaka,Japan,"2-6-13 Utsubohommachi, Nishi-ku Osaka Osaka 550-0004 JPN",Osaka,Osaka,550-0004,34.6832291192818,135.48995617993,ChIJSxUmpSHnAGARX3VKuCS6JWQ
Yongkangzzie,https://guide.michelin.com/en/busan-region/busan_1025838/restaurant/yongkangzzie,selected,Busan,South Korea,"10 Gwanganhaebyeon-ro 277 beon-gil, Suyeong-gu Busan Busan 48287 KOR",Busan,Busan,48287,35.1563985,129.1242422,ChIJlZshIADtaDURqQPHOM4r8kQ
Yoshitaka,https://guide.michelin.com/en/osaka-region/osaka/restaurant/yoshitaka,selected,Osaka,Japan,"2F, 2-8-5 Higashishinsaibashi, Chuo-ku Osaka Osaka 542-0083 JPN",Osaka,Osaka,542-0083,34.6714985,135.503024,ChIJ4QYYIRTnAGAR-RHf0X4MEvw
Yu Ting Yuan,https://guide.michelin.com/en/bangkok-region/bangkok/restaurant/yu-ting-yuan,selected,Bangkok,Thailand,"LF, Four Seasons Hotel Bangkok at Chao Phraya River, 300/1 Charoen Krung Road, Yan Nawa, Sathon Bangkok Bangkok Region 10120 THA",Bangkok,Bangkok Region,10120,13.7120101,100.5101757,ChIJmRfV5zeZ4jARJBoVmHVUOac
Yugetsu,https://guide.michelin.com/en/tokyo-region/tokyo/restaurant/yugetsu,selected,Tokyo,Japan,"3-4-1 Higashinihombashi, Chuo-ku Tokyo Tokyo 103-0004 JPN",Tokyo,Tokyo,103-0004,35.6908331,139.7825561,ChIJARU3hVKJGGARIAgnWXki1Mk
Zalacaín,https://guide.michelin.com/en/comunidad-de-madrid/madrid/restaurant/zalacain-1196871,selected,Madrid,Spain,Álvarez de Baena 4 Madrid Community of Madrid 28006 ESP,Madrid,Community of Madrid,28006,40.4384805,-3.6887087,ChIJcX3Coe4oQg0RDG5z5QDBgmI
Zandunga,https://guide.michelin.com/en/busan-region/busan_1025838/restaurant/zandunga-1243638,selected,Busan,South Korea,"41 Dongcheon-ro 108 beon-gil, Busanjin-gu Busan Busan 47247 KOR",Busan,Busan,47247,35.1548831,129.0633401,ChIJjyMh4mTraDURXGsFaLHR8u4
Zanze XVI,https://guide.michelin.com/en/veneto/venezia/restaurant/zanze-xvi,selected,Venice,Italy,"fondamenta dei Tolentini, sestiere Santa Croce 231 Venice Veneto 30135 ITA",Venice,Veneto,30135,45.4388427,12.3212874,ChIJz93Vo8exfkcRjaZHHDKfs1Q
Zauberberg,https://guide.michelin.com/en/bayern/mnchen/restaurant/zauberberg,selected,Munich,Germany,Hedwigstraße 14 Munich Bavaria 80636 DEU,Munich,Bavaria,80636,48.1530873,11.5408714,ChIJiSQG9hF2nkcRKr5ovnQSlSc
Zero Base,https://guide.michelin.com/en/busan-region/busan_1025838/restaurant/zero-base,selected,Busan,South Korea,"2F, 17 Millak-ro 33 beon-gil, Suyeong-gu Busan Busan 48285 KOR",Busan,Busan,48285,35.1574102,129.1209768,ChIJ70j2HM3taDURpQmG8EfDlts
Zhonghuafuchun Salon,https://guide.michelin.com/en/seoul-capital-area/kr-seoul/restaurant/zhonghuafuchun-salon,selected,Seoul,South Korea,"10 Yeonnam-ro, Mapo-gu Seoul Seoul Capital Area 03989 KOR",Seoul,Seoul Capital Area,03989,37.5606858,126.9233529,ChIJfeAUjBSZfDURNo_wGvQGV2M
Zoilo,https://guide.michelin.com/en/greater-london/london/restaurant/zoilo,selected,London,United Kingdom,"9 Duke Street, Marylebone London Greater London W1U 3EG GBR",London,Greater London,W1U 3EG,51.5160581,-0.1520935,ChIJhVmwSS0FdkgRwbEV9P0y78U
Zuma,https://guide.michelin.com/en/greater-london/london/restaurant/zuma69795,selected,London,United Kingdom,"5 Raphael Street, Knightsbridge London Greater London SW7 1DL GBR",London,Greater London,SW7 1DL,51.5009309,-0.163136,ChIJZdN_kTgFdkgR0NR3z813cBw
aede dining & wines,https://guide.michelin.com/en/lazio/roma/restaurant/aede-dining-wines,selected,Rome,Italy,via Federico Cesi 22 Rome Lazio 00193 ITA,Rome,Lazio,00193,41.907255,12.4705697,ChIJN_YVyixhLxMRQinw6wG_pys
aerde,https://guide.michelin.com/en/berlin-region/berlin/restaurant/aerde,selected,Berlin,Germany,Am Lokdepot 6 Berlin Berlin 10965 DEU,Berlin,Berlin,10965,52.4870676,13.3734857,ChIJGQg89gJRqEcRCqNOJs3vuXw
anu,https://guide.michelin.com/en/osaka-region/osaka/restaurant/anu,selected,Osaka,Japan,"2-4-25 Doshin, Kita-ku Osaka Osaka 530-0035 JPN",Osaka,Osaka,530-0035,34.6908166,135.5335447,ChIJV1i4ONDgAGARUEauWMthh4c
atelier HANADA,https://guide.michelin.com/en/osaka-region/osaka/restaurant/atelier-hanada,selected,Osaka,Japan,"2F, Yodoyabashi odona, 4-3-1 Kitahama, Chuo-ku Osaka Osaka 541-0041 JPN",Osaka,Osaka,541-0041,34.6911491,135.5002526,ChIJD2TnfQDnAGARydFy3ZbYWZ8
bistrot neuf,https://guide.michelin.com/en/osaka-region/osaka/restaurant/bistrot-neuf-1242628,selected,Osaka,Japan,"1-4-17 Tohei, Chuo-ku Osaka Osaka 542-0063 JPN",Osaka,Osaka,542-0063,34.670027,135.5183661,ChIJOaWZl47nAGAROm0rFpojfT0
bonélan,https://guide.michelin.com/en/tokyo-region/tokyo/restaurant/bonelan,selected,Tokyo,Japan,"4F, GYRE, 5-10-1 Jingumae, Shibuya-ku Tokyo Tokyo 150-0001 JPN",Tokyo,Tokyo,150-0001,35.6674536,139.7068537,ChIJg528hvaNGGARiTBDqvWPuuk
buffet Kull bar,https://guide.michelin.com/en/bayern/mnchen/restaurant/buffet-kull-bar,selected,Munich,Germany,Marienstraße 4 Munich Bavaria 80331 DEU,Munich,Bavaria,80331,48.1365238,11.580778,ChIJw-jTLIp1nkcRRdxIUE7RlEo
canade,https://guide.michelin.com/en/tokyo-region/tokyo/restaurant/canade,selected,Tokyo,Japan,"2-31-3 Hongo, Bunkyo-ku Tokyo Tokyo 113-0033 JPN",Tokyo,Tokyo,113-0033,35.7052454,139.7583332,ChIJTfH86l-NGGARZ6su3jr-CHs
ess.,https://guide.michelin.com/en/tokyo-region/tokyo/restaurant/ess,selected,Tokyo,Japan,"B1F, 13-13 Shinsencho, Shibuya-ku Tokyo Tokyo 150-0045 JPN",Tokyo,Tokyo,150-0045,35.6561812,139.6920724,ChIJFSjWZ2OLGGARyz56FQGXRYo
farsi largo!,https://guide.michelin.com/en/tokyo-region/tokyo/restaurant/farsi-largo,selected,Tokyo,Japan,"B1F, 1-4-3 Nihombashihoncho, Chuo-ku Tokyo Tokyo 103-0023 JPN",Tokyo,Tokyo,103-0023,35.6862846,139.7757069,ChIJ__fFNVSJGGAR6OyMvfmEASA
fragment Azabujuban,https://guide.michelin.com/en/tokyo-region/tokyo/restaurant/fragment-azabujuban,selected,Tokyo,Japan,"2F, 3-9-2 Azabujuban, Minato-ku Tokyo Tokyo 106-0045 JPN",Tokyo,Tokyo,106-0045,35.6528899,139.7342458,ChIJ7Y49sASLGGARekwJ9aHPYWI
gentil H,https://guide.michelin.com/en/tokyo-region/tokyo/restaurant/gentil-h,selected,Tokyo,Japan,"2F, 5-18-17 Shirokanedai, Minato-ku Tokyo Tokyo 108-0071 JPN",Tokyo,Tokyo,108-0071,35.63717800000001,139.723344,ChIJsXuPmQSLGGARnzbKzzaZjWM
hatsune,https://guide.michelin.com/en/tokyo-region/tokyo/restaurant/hatsune,selected,Tokyo,Japan,"2F, 3-11-6 Meguro, Meguro-ku Tokyo Tokyo 153-0063 JPN",Tokyo,Tokyo,153-0063,35.6320151,139.7065046,ChIJl2_VzMCLGGARRrT9CLmW0Dk
ita,https://guide.michelin.com/en/comunidad-de-madrid/madrid/restaurant/ita,selected,Madrid,Spain,General Oráa 42 Madrid Community of Madrid 28006 ESP,Madrid,Community of Madrid,28006,40.4359532,-3.6812602,ChIJ7RhO8kcpQg0Rz3LR3OL9zHU
joujouka,https://guide.michelin.com/en/tokyo-region/tokyo/restaurant/joujouka,selected,Tokyo,Japan,"3-22-7 Toranomon, Minato-ku Tokyo Tokyo 105-0001 JPN",Tokyo,Tokyo,105-0001,35.6615285,139.74754,ChIJgW40LvWLGGARxjABJKDD5UA
l'Odorante par Minoru Nakijin,https://guide.michelin.com/en/tokyo-region/tokyo/restaurant/l-odorante-par-minoru-nakijin,selected,Tokyo,Japan,"B1F, 7-7-19 Ginza, Chuo-ku Tokyo Tokyo 104-0061 JPN",Tokyo,Tokyo,104-0061,35.6696475,139.7612443,ChIJBwTDyeiLGGAR6u34mg9lSEA
macua,https://guide.michelin.com/en/osaka-region/osaka/restaurant/macua,selected,Osaka,Japan,"2-2-3 Fushimimachi, Chuo-ku Osaka Osaka 541-0044 JPN",Osaka,Osaka,541-0044,34.6889855,135.5056955,ChIJI1Tvj-DmAGARuFDqv0aYH0U
malca,https://guide.michelin.com/en/tokyo-region/tokyo/restaurant/malca,selected,Tokyo,Japan,"B1F, 2-27-16 Minamiaoyama, Minato-ku Tokyo Tokyo 107-0062 JPN",Tokyo,Tokyo,107-0062,35.6686035,139.7169944,ChIJQSJSpzuNGGARHuOwAjN4Iw8
mural,https://guide.michelin.com/en/bayern/mnchen/restaurant/mural,selected,Munich,Germany,Hotterstraße 12 Munich Bavaria 80331 DEU,Munich,Bavaria,80331,48.1366081,11.5698907,ChIJp0yyv_V1nkcRzlbCDvH3pJM
nerisa,https://guide.michelin.com/en/tokyo-region/tokyo/restaurant/nerisa,selected,Tokyo,Japan,"6-7-6 Koyama, Shinagawa-ku Tokyo Tokyo 142-0062 JPN",Tokyo,Tokyo,142-0062,35.6146455,139.7000251,ChIJcbVc6vuLGGARW5MO6PwkjnA
Sui,https://guide.michelin.com/en/osaka-region/osaka/restaurant/pebble,selected,Osaka,Japan,"5F, 3-1-2 Temma, Kita-ku Osaka Osaka 530-0043 JPN",Osaka,Osaka,530-0043,34.6922211582861,135.515586010808,ChIJobKYvhbnAGARFc8kFVwsFck
recte,https://guide.michelin.com/en/tokyo-region/tokyo/restaurant/recte,selected,Tokyo,Japan,"2F, 2-17-5 Ebisunishi, Shibuya-ku Tokyo Tokyo 150-0021 JPN",Tokyo,Tokyo,150-0021,35.6489302,139.7059561,ChIJAQDk7kOLGGARAXGoSRqBdfA
roku,https://guide.michelin.com/en/tokyo-region/tokyo/restaurant/roku,selected,Tokyo,Japan,"4-1-6 Yoyogi, Shibuya-ku Tokyo Tokyo 151-0053 JPN",Tokyo,Tokyo,151-0053,35.6791817,139.6937189,ChIJd9J2oZ2NGGAR5rHMnyYpb_I
sansaro,https://guide.michelin.com/en/bayern/mnchen/restaurant/sansaro,selected,Munich,Germany,Amalienpassage 89 Munich Bavaria 80799 DEU,Munich,Bavaria,80799,48.1517465,11.5780291,ChIJhZO0GOt1nkcRVYRI6ZtLVHA
scaglia,https://guide.michelin.com/en/tokyo-region/tokyo/restaurant/scaglia,selected,Tokyo,Japan,"6-39-1 Kagurazaka, Shinjuku-ku Tokyo Tokyo 162-0825 JPN",Tokyo,Tokyo,162-0825,35.7041425,139.7355646,ChIJOc3o6iGNGGAR42-qBm24axI
sio AOYAMA,https://guide.michelin.com/en/tokyo-region/tokyo/restaurant/sio-aoyama,selected,Tokyo,Japan,"2F, Nonoaoyama, 3-4-3 Kitaaoyama, Minato-ku Tokyo Tokyo 107-0061 JPN",Tokyo,Tokyo,107-0061,35.667591,139.7133569,ChIJncbRrpeNGGARfq5VEeGH49o
ssam ssam,https://guide.michelin.com/en/greater-london/london/restaurant/ssam-ssam,selected,London,United Kingdom,"149 Merton Road, Merton London Greater London SW19 1ED GBR",London,Greater London,SW19 1ED,51.4182655,-0.193159,ChIJb7fEdcAJdkgR_J41VbStot0
unique,https://guide.michelin.com/en/tokyo-region/tokyo/restaurant/unique,selected,Tokyo,Japan,"3-12-3 Meguro, Meguro-ku Tokyo Tokyo 153-0063 JPN",Tokyo,Tokyo,153-0063,35.6318949,139.7057708,ChIJET-6YiSLGGAREWR8ZSmrjLQ
xiang hua,https://guide.michelin.com/en/osaka-region/osaka/restaurant/xiang-hua,selected,Osaka,Japan,"1-13-8 Nishitemma, Kita-ku Osaka Osaka 530-0047 JPN",Osaka,Osaka,530-0047,34.6839779,135.5147142,ChIJQRksnyXnAGARZ6mz8E78Tk4
Å by T.U.N.G,https://guide.michelin.com/en/ho-chi-minh/ho-chi-minh_2978179/restaurant/a-by-t-u-n-g,selected,Ho Chi Minh City,Vietnam,"31-33 Dang Dung Street, Tan Dinh Ward, District 1 Ho Chi Minh City Hồ Chí Minh 700000 VNM",Ho Chi Minh City,Hồ Chí Minh,700000,10.792514,106.6905869,ChIJKX8tRwkpdTERV87b3PtSHg4
Être à l'aise,https://guide.michelin.com/en/osaka-region/osaka/restaurant/etre-a-l-aise,selected,Osaka,Japan,"1-26-2 Uemachi, Chuo-ku Osaka Osaka 540-0005 JPN",Osaka,Osaka,540-0005,34.6771293,135.4859559,ChIJqy4wNVXmAGARdxfIxgIKbuY
Óptimo,https://guide.michelin.com/en/osaka-region/osaka/restaurant/optimo,selected,Osaka,Japan,"2-6-6 Fukushima, Fukushima-ku Osaka Osaka 553-0003 JPN",Osaka,Osaka,553-0003,34.6972861,135.4884559,ChIJ1VQ6byPnAGARUZ61j248pS8
à table,https://guide.michelin.com/en/tokyo-region/tokyo/restaurant/a-table-1201737,selected,Tokyo,Japan,"3-1-1 Yushima, Bunkyo-ku Tokyo Tokyo 113-0034 JPN",Tokyo,Tokyo,113-0034,35.7030523,139.7679709,ChIJf8CVKx-MGGAR01m477-aaFY
âme,https://guide.michelin.com/en/catalunya/barcelona/restaurant/ame,selected,Barcelona,Spain,Londres 91 Barcelona Catalonia 08036 ESP,Barcelona,Catalonia,08036,41.3930862,2.149926,ChIJLXOejbyjpBIRRf1hAwebQyY
çayca,https://guide.michelin.com/en/tokyo-region/tokyo/restaurant/cayca,selected,Tokyo,Japan,"3F, 3-22-15 Nishihara, Shibuya-ku Tokyo Tokyo 151-0066 JPN",Tokyo,Tokyo,151-0066,35.6708987,139.6825304,ChIJkygHcovzGGARm5uykSKe1mg
Đông Phố,https://guide.michelin.com/en/ho-chi-minh/ho-chi-minh_2978179/restaurant/%C4%91ong-pho,selected,Ho Chi Minh City,Vietnam,"57 Ho Xuan Huong Street, Ward 6, District 3 Ho Chi Minh City Hồ Chí Minh 72407 VNM",Ho Chi Minh City,Hồ Chí Minh,72407,10.7763759,106.6875177,ChIJsZBEKCUvdTERQTemOqUdln8
Ốc Oanh,https://guide.michelin.com/en/ho-chi-minh/ho-chi-minh_2978179/restaurant/oc-oanh,selected,Ho Chi Minh City,Vietnam,"534 Vinh Khanh Street, Ward 8, District 4 Ho Chi Minh City Hồ Chí Minh 754000 VNM",Ho Chi Minh City,Hồ Chí Minh,754000,10.7607194,106.7032972,ChIJnYoWiGwvdTER_Y2JDWH0jZo
Ốc Đào (District 1),https://guide.michelin.com/en/ho-chi-minh/ho-chi-minh_2978179/restaurant/oc-%C4%91ao,selected,Ho Chi Minh City,Vietnam,"212B/D48 Nguyen Trai Street, Nguyen Cu Trinh Ward, District 1 Ho Chi Minh City Hồ Chí Minh 71014 VNM",Ho Chi Minh City,Hồ Chí Minh,71014,10.765238,106.6846346,ChIJW2SKwawvdTERC3i1B0RZSHs
