country,city,feature,google_name,google_lat,google_lon,place_id,place_url,google_rating,google_review_count
스페인,바르셀로나,명소,Basílica de la Sagrada Família,41.4036299,2.1743558,ChIJk_s92NyipBIRUMnDG8Kq2Js,https://maps.google.com/?cid=11229913421514525008&g_mp=CiVnb29nbGUubWFwcy5wbGFjZXMudjEuUGxhY2VzLkdldFBsYWNlEAIYBCAA,4.8,312779
체코,프라하,명소,Charles Bridge,50.0864771,14.4114366,ChIJn7WO5eWUC0cRJrHT0TiXIHU,https://maps.google.com/?cid=8439911971986583846&g_mp=CiVnb29nbGUubWFwcy5wbGFjZXMudjEuUGxhY2VzLkdldFBsYWNlEAIYBCAA,4.8,188730
영국,런던,역사,Buckingham Palace,51.501364,-0.14189,ChIJtV5bzSAFdkgRpwLZFPWrJgo,https://maps.google.com/?cid=731461058599387815&g_mp=CiVnb29nbGUubWFwcy5wbGFjZXMudjEuUGxhY2VzLkdldFBsYWNlEAIYBCAA,4.5,188295
독일,베를린,역사,Brandenburg Gate,52.5162746,13.377704,ChIJiQnyVcZRqEcRY0xnhE77uyY,https://maps.google.com/?cid=2791100708733537379&g_mp=CiVnb29nbGUubWFwcy5wbGFjZXMudjEuUGxhY2VzLkdldFBsYWNlEAIYBCAA,4.7,181887
스페인,마드리드,명소,Bernabéu,40.4530196,-3.6883748,ChIJn9MFN-IoQg0RiBkrbtL2_6g,https://maps.google.com/?cid=12177723301084993928&g_mp=CiVnb29nbGUubWFwcy5wbGFjZXMudjEuUGxhY2VzLkdldFBsYWNlEAIYBCAA,4.6,163277
이탈리아,피렌체,광장,Piazzale Michelangelo,43.7629314,11.2650561,ChIJQzhmQ_dTKhMRGVENguFo97Q,https://maps.google.com/?cid=13040006563833401625&g_mp=CiVnb29nbGUubWFwcy5wbGFjZXMudjEuUGxhY2VzLkdldFBsYWNlEAIYBCAA,4.8,107199
독일,뮌헨,맛집,Hofbräuhaus München,48.1376373,11.5797494,ChIJxfxSz4t1nkcRLxq9ze1wwak,https://maps.google.com/?cid=12232182229576260143&g_mp=CiVnb29nbGUubWFwcy5wbGFjZXMudjEuUGxhY2VzLkdldFBsYWNlEAIYBCAA,4.3,104050
영국,런던,명소,Big Ben,51.5007292,-0.1246254,ChIJ2dGMjMMEdkgRqVqkuXQkj7c,https://maps.google.com/?cid=13226830714359798441&g_mp=CiVnb29nbGUubWFwcy5wbGFjZXMudjEuUGxhY2VzLkdldFBsYWNlEAIYBCAA,4.6,93444
일본,오사카,역사,Osaka Castle,34.6872571,135.5258546,ChIJ_TooXM3gAGARQR6hXH3QAQ8,https://maps.google.com/?cid=1081374622389182017&g_mp=CiVnb29nbGUubWFwcy5wbGFjZXMudjEuUGxhY2VzLkdldFBsYWNlEAIYBCAA,4.4,90938
일본,오사카,명소,Dotonbori,34.6687234,135.5012971,ChIJ_fmKgRPnAGARkKWLtCYTu7g,https://maps.google.com/?cid=13311254180582368656&g_mp=CiVnb29nbGUubWFwcy5wbGFjZXMudjEuUGxhY2VzLkdldFBsYWNlEAIYBCAA,4.4,81022
스페인,바르셀로나,역사,Cathedral of Barcelona,41.383962,2.1761991,ChIJg2xxlvmipBIRg1jhdSQR9hY,https://maps.google.com/?cid=1654528761399433347&g_mp=CiVnb29nbGUubWFwcy5wbGFjZXMudjEuUGxhY2VzLkdldFBsYWNlEAIYBCAA,4.6,80537
베트남,호치민,광장,Ben Thanh Market,10.7725168,106.6980208,ChIJTeYpMT8vdTERMH8sUnkta40,https://maps.google.com/?cid=10190288580948819760&g_mp=CiVnb29nbGUubWFwcy5wbGFjZXMudjEuUGxhY2VzLkdldFBsYWNlEAIYBCAA,4,78566
네덜란드,암스테르담,박물관/미술관,Anne Frank House,52.3752182,4.8839765,ChIJSRE-IcUJxkcRCltjPmVdmtQ,https://maps.google.com/?cid=15319659771873942282&g_mp=CiVnb29nbGUubWFwcy5wbGFjZXMudjEuUGxhY2VzLkdldFBsYWNlEAIYBCAA,4.5,73835
스페인,마드리드,카페,Chocolatería San Ginés,40.4169335,-3.7069517,ChIJHeRevn4oQg0R1cMSLDTWlWg,https://maps.google.com/?cid=7536165071040463829&g_mp=CiVnb29nbGUubWFwcy5wbGFjZXMudjEuUGxhY2VzLkdldFBsYWNlEAIYBCAA,4.3,68888
체코,프라하,명소,Prague Zoo,50.1177321,14.4062013,ChIJmwPb-dTqC0cRvbXrAjxU2ZY,https://maps.google.com/?cid=10869811792359175613&g_mp=CiVnb29nbGUubWFwcy5wbGFjZXMudjEuUGxhY2VzLkdldFBsYWNlEAIYBCAA,4.8,66451
대한민국,서울,명소,N Seoul Tower,37.5511694,126.9882266,ChIJqWqOqFeifDURpYJ5LnxX-Fw,https://maps.google.com/?cid=6699200636580889253&g_mp=CiVnb29nbGUubWFwcy5wbGFjZXMudjEuUGxhY2VzLkdldFBsYWNlEAIYBCAA,4.5,65952
호주,시드니,명소,Darling Harbour,-33.87488,151.2009,ChIJt9trB0euEmsR8NbepO14j3M,https://maps.google.com/?cid=8327007198099986160&g_mp=CiVnb29nbGUubWFwcy5wbGFjZXMudjEuUGxhY2VzLkdldFBsYWNlEAIYBCAA,4.6,62919
스페인,바르셀로나,역사,Montjuïc Castle,41.362959,2.1650636,ChIJN7FiCkGipBIR1PJn6ohejww,https://maps.google.com/?cid=905045992266003156&g_mp=CiVnb29nbGUubWFwcy5wbGFjZXMudjEuUGxhY2VzLkdldFBsYWNlEAIYBCAA,4.4,59815
오스트리아,빈,명소,Schönbrunn Zoo,48.1820863,16.3027845,ChIJV02ULeCnbUcRkHFsheJ2pjs,https://maps.google.com/?cid=4298253609644880272&g_mp=CiVnb29nbGUubWFwcy5wbGFjZXMudjEuUGxhY2VzLkdldFBsYWNlEAIYBCAA,4.7,58432
호주,멜버른,광장,Queen Victoria Market,-37.8075798,144.956785,ChIJsVeQNzRd1moRUNQyBXZWBA8,https://maps.google.com/?cid=1082084875369108560&g_mp=CiVnb29nbGUubWFwcy5wbGFjZXMudjEuUGxhY2VzLkdldFBsYWNlEAIYBCAA,4.5,57977
호주,멜버른,명소,Crown Melbourne,-37.8235301,144.9580953,ChIJiUWj1VJd1moRWJdOTqGV1-0,https://maps.google.com/?cid=17138331427017758552&g_mp=CiVnb29nbGUubWFwcy5wbGFjZXMudjEuUGxhY2VzLkdldFBsYWNlEAIYBCAA,4.4,53738
독일,베를린,명소,Berlin TV Tower,52.520815,13.409419,ChIJ6_8UkB9OqEcRoeRJQ0j8-sg,https://maps.google.com/?cid=14482164939060012193&g_mp=CiVnb29nbGUubWFwcy5wbGFjZXMudjEuUGxhY2VzLkdldFBsYWNlEAIYBCAA,4.4,50574
프랑스,파리,공원/정원,Jardin des Plantes,48.8439069,2.359658,ChIJa-wm0fBx5kcRTj1XkfsieqY,https://maps.google.com/?cid=11995939021325286734&g_mp=CiVnb29nbGUubWFwcy5wbGFjZXMudjEuUGxhY2VzLkdldFBsYWNlEAIYBCAA,4.6,50182
태국,방콕,명소,Safari World,13.8654899,100.70301,ChIJc50ygA1jHTERbHsyFbmUFV0,https://maps.google.com/?cid=6707430742683712364&g_mp=CiVnb29nbGUubWFwcy5wbGFjZXMudjEuUGxhY2VzLkdldFBsYWNlEAIYBCAA,4.4,47101
대한민국,서울,역사,Gyeongbokgung Palace,37.579617,126.977041,ChIJod7tSseifDUR9hXHLFNGMIs,https://maps.google.com/?cid=10029593693201569270&g_mp=CiVnb29nbGUubWFwcy5wbGFjZXMudjEuUGxhY2VzLkdldFBsYWNlEAIYBCAA,4.6,45897
독일,베를린,역사,Berlin Wall Memorial,52.5350521,13.3901898,ChIJZ0KxF_JRqEcRrLHB-4r-U-o,https://maps.google.com/?cid=16885119300824838572&g_mp=CiVnb29nbGUubWFwcy5wbGFjZXMudjEuUGxhY2VzLkdldFBsYWNlEAIYBCAA,4.6,45127
베트남,호치민,역사,Independence Palace,10.7769942,106.6953021,ChIJL0dwVTgvdTERao3t8B1Jhxc,https://maps.google.com/?cid=1695404177673260394&g_mp=CiVnb29nbGUubWFwcy5wbGFjZXMudjEuUGxhY2VzLkdldFBsYWNlEAIYBCAA,4.5,44521
이탈리아,피렌체,역사,Basilica of Santa Croce in Florence,43.7685683,11.2622677,ChIJMcPMIwdUKhMRVRITnGR5go8,https://maps.google.com/?cid=10340961167418266197&g_mp=CiVnb29nbGUubWFwcy5wbGFjZXMudjEuUGxhY2VzLkdldFBsYWNlEAIYBCAA,4.8,40287
일본,오사카,명소,Umeda Sky Building,34.7052872,135.4896527,ChIJbyd0kIjmAGAR_crecCbjwlc,https://maps.google.com/?cid=6323866581023509245&g_mp=CiVnb29nbGUubWFwcy5wbGFjZXMudjEuUGxhY2VzLkdldFBsYWNlEAIYBCAA,4.4,39430
일본,도쿄,명소,Ueno Zoo,35.7160153,139.772882,ChIJf2129yiMGGAR9I6Yoe-1uHY,https://maps.google.com/?cid=8554787533003198196&g_mp=CiVnb29nbGUubWFwcy5wbGFjZXMudjEuUGxhY2VzLkdldFBsYWNlEAIYBCAA,4.2,39071
이탈리아,로마,명소,Largo di Torre Argentina,41.8953299,12.4771559,ChIJQ_PWjE5gLxMRzwPbBqolerU,https://maps.google.com/?cid=13076805880213341135&g_mp=CiVnb29nbGUubWFwcy5wbGFjZXMudjEuUGxhY2VzLkdldFBsYWNlEAIYBCAA,4.5,37640
태국,방콕,명소,Wat Phra Chetuphon Wimon Mangkhalaram Rajwaramahawihan,13.7464237,100.4927733,ChIJgcxFcQWZ4jARLsIR9Qia9H0,https://maps.google.com/?cid=9076048512320389678&g_mp=CiVnb29nbGUubWFwcy5wbGFjZXMudjEuUGxhY2VzLkdldFBsYWNlEAIYBCAA,4.7,36376
스페인,마드리드,맛집,Real Jardín Botánico,40.4111064,-3.6911267,ChIJi_NS7icmQg0RK8FepNiBeSk,https://maps.google.com/?cid=2988562595207627051&g_mp=CiVnb29nbGUubWFwcy5wbGFjZXMudjEuUGxhY2VzLkdldFBsYWNlEAIYBCAA,4.4,35828
네덜란드,암스테르담,명소,ARTIS,52.3660003,4.9165321,ChIJYQCs26EJxkcRPUqKm3hTaA4,https://maps.google.com/?cid=1038171491579611709&g_mp=CiVnb29nbGUubWFwcy5wbGFjZXMudjEuUGxhY2VzLkdldFBsYWNlEAIYBCAA,4.5,35513
스페인,마드리드,자연/힐링,Estanque Grande del Retiro,40.417142,-3.6839005,ChIJTcV2FZ8oQg0RyFE83TPKXW0,https://maps.google.com/?cid=7880677247072096712&g_mp=CiVnb29nbGUubWFwcy5wbGFjZXMudjEuUGxhY2VzLkdldFBsYWNlEAIYBCAA,4.7,33833
오스트리아,빈,명소,Hundertwasser House,48.207337,16.394294,ChIJd7QUtBIHbUcRnIE5N35NVIQ,https://maps.google.com/?cid=9535331515537916316&g_mp=CiVnb29nbGUubWFwcy5wbGFjZXMudjEuUGxhY2VzLkdldFBsYWNlEAIYBCAA,4.5,31502
스페인,마드리드,명소,Matadero Madrid,40.3919453,-3.6978834,ChIJM7u8_EkmQg0RSH-cbUX_1Yc,https://maps.google.com/?cid=9788010038816440136&g_mp=CiVnb29nbGUubWFwcy5wbGFjZXMudjEuUGxhY2VzLkdldFBsYWNlEAIYBCAA,4.6,31101
영국,런던,명소,Chessington World of Adventures Resort,51.3485016,-0.3190086,ChIJCd8Ls3kKdkgRcVCOjGHysNQ,https://maps.google.com/?cid=15326016032725684337&g_mp=CiVnb29nbGUubWFwcy5wbGFjZXMudjEuUGxhY2VzLkdldFBsYWNlEAIYBCAA,4.1,31027
대한민국,제주도,광장,Seogwipo Maeil Olle Market,33.2487163,126.5640617,ChIJQTsLr51TDDURbGXJg1JM0Sk,https://maps.google.com/?cid=3013273542969615724&g_mp=CiVnb29nbGUubWFwcy5wbGFjZXMudjEuUGxhY2VzLkdldFBsYWNlEAIYBCAA,4.1,28817
대한민국,서울,광장,Namdaemun Market,37.559277,126.9777029,ChIJfYjlFvWifDURYSDsoxYbN80,https://maps.google.com/?cid=14787317685547704417&g_mp=CiVnb29nbGUubWFwcy5wbGFjZXMudjEuUGxhY2VzLkdldFBsYWNlEAIYBCAA,4.2,27950
대한민국,서울,박물관/미술관,National Museum of Korea,37.5238506,126.9804702,ChIJN2x0fu2ifDUR51BupseGYmE,https://maps.google.com/?cid=7017319361445515495&g_mp=CiVnb29nbGUubWFwcy5wbGFjZXMudjEuUGxhY2VzLkdldFBsYWNlEAIYBCAA,4.7,27832
이탈리아,로마,카페,Giolitti,41.9010245,12.4772026,ChIJe3P6nFFgLxMRB4GPokAKYTg,https://maps.google.com/?cid=4062539611586396423&g_mp=CiVnb29nbGUubWFwcy5wbGFjZXMudjEuUGxhY2VzLkdldFBsYWNlEAIYBCAA,4.4,27140
호주,시드니,광장,Sydney Fish Market,-33.8746674,151.1908644,ChIJqy_-dTGuEmsRtBGe8eEFI8E,https://maps.google.com/?cid=13916973741484413364&g_mp=CiVnb29nbGUubWFwcy5wbGFjZXMudjEuUGxhY2VzLkdldFBsYWNlEAIYBCAA,4.2,26419
이탈리아,베네치아,명소,Bridge of Sighs,45.4340496,12.3408544,ChIJwwEk49exfkcR0BTo2j_W1Xo,https://maps.google.com/?cid=8851216212410504400&g_mp=CiVnb29nbGUubWFwcy5wbGFjZXMudjEuUGxhY2VzLkdldFBsYWNlEAIYBCAA,4.6,25911
일본,도쿄,명소,Hachiko Statue,35.6590579,139.7006293,ChIJx1e971eLGGARum8w_tnpFwI,https://maps.google.com/?cid=150846235021963194&g_mp=CiVnb29nbGUubWFwcy5wbGFjZXMudjEuUGxhY2VzLkdldFBsYWNlEAIYBCAA,4.4,23829
대한민국,서울,명소,Bukchon Hanok Village,37.5814696,126.9849519,ChIJT8H4r9qifDURmuXJ_6m6vM0,https://maps.google.com/?cid=14824929312700491162&g_mp=CiVnb29nbGUubWFwcy5wbGFjZXMudjEuUGxhY2VzLkdldFBsYWNlEAIYBCAA,4.4,23681
대한민국,제주도,박물관/미술관,Osulloc Tea Museum,33.3059438,126.289437,ChIJEczrGRJdDDUR0cpD2okSp7g,https://maps.google.com/?cid=13305624007371115217&g_mp=CiVnb29nbGUubWFwcy5wbGFjZXMudjEuUGxhY2VzLkdldFBsYWNlEAIYBCAA,4.1,23458
스페인,바르셀로나,맛집,Cerveceria Catalana,41.3923251,2.1608515,ChIJ14DbPpKipBIROjfbj6-0FW0,https://maps.google.com/?cid=7860387390770853690&g_mp=CiVnb29nbGUubWFwcy5wbGFjZXMudjEuUGxhY2VzLkdldFBsYWNlEAIYBCAA,4.4,23457
프랑스,파리,맛집,Le Procope,48.8529913,2.3387975,ChIJdQn7zN5x5kcRhKnVo8EDJS0,https://maps.google.com/?cid=3253010436057311620&g_mp=CiVnb29nbGUubWFwcy5wbGFjZXMudjEuUGxhY2VzLkdldFBsYWNlEAIYBCAA,4.5,23149
독일,뮌헨,맛집,Augustiner Stammhaus,48.1384,11.568843,ChIJSfYmtAF2nkcRpgor2WXWNYg,https://maps.google.com/?cid=9814986695847381670&g_mp=CiVnb29nbGUubWFwcy5wbGFjZXMudjEuUGxhY2VzLkdldFBsYWNlEAIYBCAA,4.2,22681
스페인,바르셀로나,박물관/미술관,Palau Güell,41.3788851,2.1742398,ChIJ3fHTIFiipBIRpKXCn_E_oJY,https://maps.google.com/?cid=10853745408962897316&g_mp=CiVnb29nbGUubWFwcy5wbGFjZXMudjEuUGxhY2VzLkdldFBsYWNlEAIYBCAA,4.6,22605
독일,베를린,명소,Aquarium Berlin,52.5060173,13.3410226,ChIJaW_IvapRqEcR_gdex2YGEm8,https://maps.google.com/?cid=8003466526292051966&g_mp=CiVnb29nbGUubWFwcy5wbGFjZXMudjEuUGxhY2VzLkdldFBsYWNlEAIYBCAA,4.5,20850
호주,시드니,명소,Sydney Harbour Bridge,-33.8523063,151.2107871,ChIJ49XqJV2uEmsRPsTAF7eOlGg,https://maps.google.com/?cid=7535804993526350910&g_mp=CiVnb29nbGUubWFwcy5wbGFjZXMudjEuUGxhY2VzLkdldFBsYWNlEAIYBCAA,4.8,20552
스페인,바르셀로나,박물관/미술관,Casa Vicens Gaudí,41.4034978,2.1506455,ChIJoYA0MqKipBIRRwJG2R8H8s4,https://maps.google.com/?cid=14911989149547758151&g_mp=CiVnb29nbGUubWFwcy5wbGFjZXMudjEuUGxhY2VzLkdldFBsYWNlEAIYBCAA,4.6,20536
호주,시드니,명소,Queen Victoria Building,-33.8717161,151.2067008,ChIJISz8NjyuEmsRFTQ9Iw7Ear8,https://maps.google.com/?cid=13793052373775365141&g_mp=CiVnb29nbGUubWFwcy5wbGFjZXMudjEuUGxhY2VzLkdldFBsYWNlEAIYBCAA,4.6,20457
대한민국,서울,역사,Deoksugung Palace,37.5658862,126.9749017,ChIJMcWZMY2ifDUR2NLv8F3Togc,https://maps.google.com/?cid=550234504920290008&g_mp=CiVnb29nbGUubWFwcy5wbGFjZXMudjEuUGxhY2VzLkdldFBsYWNlEAIYBCAA,4.6,20062
스페인,바르셀로나,맛집,7 Portes,41.3823052,2.1833902,ChIJUbEvx_-ipBIRtgarQLBWDZ0,https://maps.google.com/?cid=11316796753651107510&g_mp=CiVnb29nbGUubWFwcy5wbGFjZXMudjEuUGxhY2VzLkdldFBsYWNlEAIYBCAA,4.3,18248
대한민국,서울,역사,War Memorial of Korea,37.5369869,126.9771015,ChIJ8cRRtD-ifDURoBcqFZyRluE,https://maps.google.com/?cid=16255340004596389792&g_mp=CiVnb29nbGUubWFwcy5wbGFjZXMudjEuUGxhY2VzLkdldFBsYWNlEAIYBCAA,4.6,17886
태국,방콕,명소,The Ancient City,13.5386026,100.6225741,ChIJ6zH3C31YHTERx4JA_l21VS4,https://maps.google.com/?cid=3338774114067317447&g_mp=CiVnb29nbGUubWFwcy5wbGFjZXMudjEuUGxhY2VzLkdldFBsYWNlEAIYBCAA,4.5,17057
호주,멜버른,명소,Melbourne Skydeck,-37.8213341,144.9646982,ChIJQffkhK1C1moR3Z0-w-t8SS8,https://maps.google.com/?cid=3407391945117310429&g_mp=CiVnb29nbGUubWFwcy5wbGFjZXMudjEuUGxhY2VzLkdldFBsYWNlEAIYBCAA,4.5,17015
태국,방콕,명소,Siam Amazing Park,13.8062906,100.692527,ChIJrc78zJBjHTERdLG8EciM5Qs,https://maps.google.com/?cid=857246095002874228&g_mp=CiVnb29nbGUubWFwcy5wbGFjZXMudjEuUGxhY2VzLkdldFBsYWNlEAIYBCAA,4.2,16171
대한민국,부산,명소,Korean Folk Village,37.258939,127.1181126,ChIJUSM8XqVaezUR65ah4DglaD4,https://maps.google.com/?cid=4496885154146522859&g_mp=CiVnb29nbGUubWFwcy5wbGFjZXMudjEuUGxhY2VzLkdldFBsYWNlEAIYBCAA,4.4,16062
베트남,다낭,맛집,Hải sản Mộc quán Đà Nẵng,16.0639962,108.2415744,ChIJx6-KGnIXQjER7x-T0zeOlBw,https://maps.google.com/?cid=2059427300039139311&g_mp=CiVnb29nbGUubWFwcy5wbGFjZXMudjEuUGxhY2VzLkdldFBsYWNlEAIYBCAA,4.7,16034
체코,프라하,명소,Exhibition center Prague,50.1063741,14.4300188,ChIJp-dwLsyUC0cRgo_FyhvhYy8,https://maps.google.com/?cid=3414820451959279490&g_mp=CiVnb29nbGUubWFwcy5wbGFjZXMudjEuUGxhY2VzLkdldFBsYWNlEAIYBCAA,4.3,15793
프랑스,파리,명소,Grande Mosquée de Paris,48.8421045,2.3551123,ChIJB9uM3_Fx5kcRy2y4TdSLiBE,https://maps.google.com/?cid=1263413439430683851&g_mp=CiVnb29nbGUubWFwcy5wbGFjZXMudjEuUGxhY2VzLkdldFBsYWNlEAIYBCAA,4.5,15705
이탈리아,피렌체,공원/정원,Parco delle Cascine,43.7828113,11.2169114,ChIJzQFOT8VWKhMRTyUGUZU3a8I,https://maps.google.com/?cid=14009352180315071823&g_mp=CiVnb29nbGUubWFwcy5wbGFjZXMudjEuUGxhY2VzLkdldFBsYWNlEAIYBCAA,4.3,15595
대한민국,부산,해변,Haeundae Beach,35.1586975,129.1603842,ChIJ4ewXD1yNaDURiE_HxWA8H8Q,https://maps.google.com/?cid=14132080542044606344&g_mp=CiVnb29nbGUubWFwcy5wbGFjZXMudjEuUGxhY2VzLkdldFBsYWNlEAIYBCAA,4.5,15440
대한민국,제주도,공원/정원,Camellia Hill Botanical Garden,33.2898049,126.3682983,ChIJAdqBXXVbDDURL7m9RxFObeo,https://maps.google.com/?cid=16892243613461625135&g_mp=CiVnb29nbGUubWFwcy5wbGFjZXMudjEuUGxhY2VzLkdldFBsYWNlEAIYBCAA,4.2,15391
대한민국,부산,명소,The Bay 101,35.1565954,129.1520357,ChIJcSqHWSKTaDURtVMxseKq6zY,https://maps.google.com/?cid=3957444588187243445&g_mp=CiVnb29nbGUubWFwcy5wbGFjZXMudjEuUGxhY2VzLkdldFBsYWNlEAIYBCAA,4.1,14918
독일,뮌헨,명소,Frauenkirche,48.1386649,11.5730127,ChIJl3iTk_R1nkcRWv8Z_6jCLAA,https://maps.google.com/?cid=12598930065456986&g_mp=CiVnb29nbGUubWFwcy5wbGFjZXMudjEuUGxhY2VzLkdldFBsYWNlEAIYBCAA,4.6,14393
독일,베를린,명소,Hackesche Höfe,52.5240221,13.4024126,ChIJ7ySn3eBRqEcROAlFzu1GfPE,https://maps.google.com/?cid=17400861047434578232&g_mp=CiVnb29nbGUubWFwcy5wbGFjZXMudjEuUGxhY2VzLkdldFBsYWNlEAIYBCAA,4.5,14368
이탈리아,베네치아,역사,Palazzo Contarini del Bovolo,45.4348579,12.3345337,ChIJe05PnNCxfkcRIDheMhfPZfU,https://maps.google.com/?cid=17682767210476353568&g_mp=CiVnb29nbGUubWFwcy5wbGFjZXMudjEuUGxhY2VzLkdldFBsYWNlEAIYBCAA,4.5,14192
프랑스,파리,맛집,L'As du Fallafel,48.8574067,2.3591962,ChIJL5QZXQJu5kcRwsTfM6YEA3E,https://maps.google.com/?cid=8143357663097373890&g_mp=CiVnb29nbGUubWFwcy5wbGFjZXMudjEuUGxhY2VzLkdldFBsYWNlEAIYBCAA,4.3,14012
프랑스,파리,맛집,Bofinger,48.8539497,2.3678627,ChIJuYqiNwBy5kcRBjo0Df8Wpkc,https://maps.google.com/?cid=5162839307520850438&g_mp=CiVnb29nbGUubWFwcy5wbGFjZXMudjEuUGxhY2VzLkdldFBsYWNlEAIYBCAA,4.4,13999
오스트리아,빈,명소,Ankeruhr,48.2107949,16.373668,ChIJUwmrHKIHbUcRJXhRuEHANRI,https://maps.google.com/?cid=1312166254946121765&g_mp=CiVnb29nbGUubWFwcy5wbGFjZXMudjEuUGxhY2VzLkdldFBsYWNlEAIYBCAA,4.4,13714
베트남,다낭,명소,VinWonders Nam Hội An,15.7863179,108.4082389,ChIJ0RGf5P0LQjERykFOB_kuQkk,https://maps.google.com/?cid=5278833360335946186&g_mp=CiVnb29nbGUubWFwcy5wbGFjZXMudjEuUGxhY2VzLkdldFBsYWNlEAIYBCAA,4.9,13661
대한민국,서울,역사,Changdeokgung,37.5794309,126.9910426,ChIJ4wh0zluifDURaFBW2pdrKf8,https://maps.google.com/?cid=18386345253664084072&g_mp=CiVnb29nbGUubWFwcy5wbGFjZXMudjEuUGxhY2VzLkdldFBsYWNlEAIYBCAA,4.6,13508
일본,도쿄,명소,Tokyo Dome City Attractions,35.7043693,139.754251,ChIJCRf6uziMGGARcsRCJYCKKUQ,https://maps.google.com/?cid=4911609151609816178&g_mp=CiVnb29nbGUubWFwcy5wbGFjZXMudjEuUGxhY2VzLkdldFBsYWNlEAIYBCAA,4.1,12859
오스트리아,빈,맛집,Salm Bräu,48.196667,16.380861,ChIJhe6wTnoHbUcRSpAP5TYBg80,https://maps.google.com/?cid=14808681335007187018&g_mp=CiVnb29nbGUubWFwcy5wbGFjZXMudjEuUGxhY2VzLkdldFBsYWNlEAIYBCAA,4.3,12828
체코,프라하,맛집,Kantýna,50.0835041,14.4289189,ChIJvfeLMZOUC0cRExw8WMgKv4E,https://maps.google.com/?cid=9349203207034510355&g_mp=CiVnb29nbGUubWFwcy5wbGFjZXMudjEuUGxhY2VzLkdldFBsYWNlEAIYBCAA,4.6,12725
호주,시드니,명소,Featherdale Sydney Wildlife Park,-33.7658201,150.8842415,ChIJi4HdHKCZEmsRYPPy-Wh9AQ8,https://maps.google.com/?cid=1081283275369149280&g_mp=CiVnb29nbGUubWFwcy5wbGFjZXMudjEuUGxhY2VzLkdldFBsYWNlEAIYBCAA,4.4,12474
프랑스,파리,명소,Carrousel du Louvre,48.8627068,2.3347803,ChIJ6SJcCP5x5kcRJt8m9_lR7_Q,https://maps.google.com/?cid=17649415598723489574&g_mp=CiVnb29nbGUubWFwcy5wbGFjZXMudjEuUGxhY2VzLkdldFBsYWNlEAIYBCAA,4.4,12400
이탈리아,베네치아,역사,Basilica S.Maria Gloriosa dei Frari,45.4369864,12.3266004,ChIJm6Zpg8WxfkcRC_yc4Q1GulQ,https://maps.google.com/?cid=6105269270287809547&g_mp=CiVnb29nbGUubWFwcy5wbGFjZXMudjEuUGxhY2VzLkdldFBsYWNlEAIYBCAA,4.7,12281
프랑스,파리,명소,"La Ménagerie, le zoo du Jardin des Plantes",48.844277,2.360453,ChIJjVddOvBx5kcRTbHAUElCG_E,https://maps.google.com/?cid=17373552870166671693&g_mp=CiVnb29nbGUubWFwcy5wbGFjZXMudjEuUGxhY2VzLkdldFBsYWNlEAIYBCAA,4.2,12248
일본,도쿄,명소,Shinjuku Golden-Gai,35.6941118,139.7047611,ChIJr7mGZdmMGGARjxoMFeHApXE,https://maps.google.com/?cid=8189163570396404367&g_mp=CiVnb29nbGUubWFwcy5wbGFjZXMudjEuUGxhY2VzLkdldFBsYWNlEAIYBCAA,4.3,12084
베트남,호치민,광장,Ben Nghe Street Food,10.7772206,106.6979014,ChIJSy3R1jgvdTERE51Ytwqzbpo,https://maps.google.com/?cid=11128028587886157075&g_mp=CiVnb29nbGUubWFwcy5wbGFjZXMudjEuUGxhY2VzLkdldFBsYWNlEAIYBCAA,4.3,11962
스페인,마드리드,공원/정원,Parque Enrique Tierno Galván,40.3900397,-3.6838406,ChIJ60xZJbweQg0R5oxFW2SUW8M,https://maps.google.com/?cid=14077008219025542374&g_mp=CiVnb29nbGUubWFwcy5wbGFjZXMudjEuUGxhY2VzLkdldFBsYWNlEAIYBCAA,4.5,11741
대한민국,제주도,해변,Hamdeok Beach,33.5434231,126.6697752,ChIJVSv3qq_8DDURcLh4pWxZ0vA,https://maps.google.com/?cid=17353030637379434608&g_mp=CiVnb29nbGUubWFwcy5wbGFjZXMudjEuUGxhY2VzLkdldFBsYWNlEAIYBCAA,4.5,11631
이탈리아,피렌체,역사,Basilica di San Lorenzo,43.7749619,11.2538762,ChIJa5d9-AJUKhMR7BIYGTLAp-0,https://maps.google.com/?cid=17124867429501506284&g_mp=CiVnb29nbGUubWFwcy5wbGFjZXMudjEuUGxhY2VzLkdldFBsYWNlEAIYBCAA,4.6,11524
네덜란드,암스테르담,명소,This is Holland,52.3841865,4.9021959,ChIJLQN6abQJxkcRxdcMtKwAP6w,https://maps.google.com/?cid=12411639839811491781&g_mp=CiVnb29nbGUubWFwcy5wbGFjZXMudjEuUGxhY2VzLkdldFBsYWNlEAIYBCAA,4.7,11461
영국,런던,명소,Royal Ballet and Opera,51.5129211,-0.1221976,ChIJySOgh8sEdkgRCBzTYt83Klg,https://maps.google.com/?cid=6352951656934743048&g_mp=CiVnb29nbGUubWFwcy5wbGFjZXMudjEuUGxhY2VzLkdldFBsYWNlEAIYBCAA,4.8,11285
이탈리아,베네치아,명소,Arsenale di Venezia,45.4347479,12.3498971,ChIJ64TU6yWufkcRhn7M6ooFgHU,https://maps.google.com/?cid=8466773393659428486&g_mp=CiVnb29nbGUubWFwcy5wbGFjZXMudjEuUGxhY2VzLkdldFBsYWNlEAIYBCAA,4.6,11209
호주,시드니,명소,Sydney Zoo,-33.7896874,150.8675851,ChIJC8grfe2ZEmsRd5lo-fsEY8A,https://maps.google.com/?cid=13862929558244202871&g_mp=CiVnb29nbGUubWFwcy5wbGFjZXMudjEuUGxhY2VzLkdldFBsYWNlEAIYBCAA,4.4,11050
독일,베를린,명소,Berlin Dungeon,52.5213206,13.4035306,ChIJrSxP199RqEcRFa8BCrr9-O4,https://maps.google.com/?cid=17219792150724718357&g_mp=CiVnb29nbGUubWFwcy5wbGFjZXMudjEuUGxhY2VzLkdldFBsYWNlEAIYBCAA,4.3,10889
일본,도쿄,명소,Sunshine Aquarium,35.7289254,139.7201573,ChIJhT_wQW-NGGARyeOCR2L-W-I,https://maps.google.com/?cid=16310910173512393673&g_mp=CiVnb29nbGUubWFwcy5wbGFjZXMudjEuUGxhY2VzLkdldFBsYWNlEAIYBCAA,4.2,10483
대한민국,부산,해변,Gwangalli Beach,35.1531794,129.1186609,ChIJQ7OamaDBaDURVqEEI6RLxXA,https://maps.google.com/?cid=8125984270994153814&g_mp=CiVnb29nbGUubWFwcy5wbGFjZXMudjEuUGxhY2VzLkdldFBsYWNlEAIYBCAA,4.5,10385
이탈리아,피렌체,명소,Zoo of Pistoia,43.9284893,10.8672101,ChIJLyt2sh-JKhMRKREoV2xjl4w,https://maps.google.com/?cid=10130675203763081513&g_mp=CiVnb29nbGUubWFwcy5wbGFjZXMudjEuUGxhY2VzLkdldFBsYWNlEAIYBCAA,4.4,10365
이탈리아,로마,맛집,Raviolo d'Oro,41.8998827,12.4786826,ChIJcyN1AHNhLxMRF9XCG3QJpq4,https://maps.google.com/?cid=12584756603020039447&g_mp=CiVnb29nbGUubWFwcy5wbGFjZXMudjEuUGxhY2VzLkdldFBsYWNlEAIYBCAA,4.6,10200
스페인,바르셀로나,맛집,Chao Pescao,41.391895,2.1669703,ChIJy2hJdO2ipBIRX7cMu4pIUtE,https://maps.google.com/?cid=15083197862698071903&g_mp=CiVnb29nbGUubWFwcy5wbGFjZXMudjEuUGxhY2VzLkdldFBsYWNlEAIYBCAA,4.6,10196
일본,도쿄,광장,Ameyoko market,35.7100581,139.7745474,ChIJh7eDrwCPGGARCs9fpCkKS2U,https://maps.google.com/?cid=7298938795051699978&g_mp=CiVnb29nbGUubWFwcy5wbGFjZXMudjEuUGxhY2VzLkdldFBsYWNlEAIYBCAA,4.3,10127
일본,오사카,역사,Osaka Tenmangu Shrine,34.6960576,135.5126556,ChIJ7xwqpNvmAGARsm6fpyLvNaE,https://maps.google.com/?cid=11616453745992232626&g_mp=CiVnb29nbGUubWFwcy5wbGFjZXMudjEuUGxhY2VzLkdldFBsYWNlEAIYBCAA,4.3,9927
이탈리아,피렌체,카페,Gelateria La Carraia,43.7696107,11.2466647,ChIJfcXDX6tWKhMRs1cgi8ISs7E,https://maps.google.com/?cid=12804598792311560115&g_mp=CiVnb29nbGUubWFwcy5wbGFjZXMudjEuUGxhY2VzLkdldFBsYWNlEAIYBCAA,4.7,9914
네덜란드,암스테르담,명소,Begijnhof,52.3694585,4.8903539,ChIJeSe5CsEJxkcRdRlM21_MA9s,https://maps.google.com/?cid=15781682231309506933&g_mp=CiVnb29nbGUubWFwcy5wbGFjZXMudjEuUGxhY2VzLkdldFBsYWNlEAIYBCAA,4.5,9788
이탈리아,로마,박물관/미술관,Ara Pacis Museum,41.9058408,12.4754092,ChIJgciXqkRgLxMRT8Pu1MtrIxE,https://maps.google.com/?cid=1234949246024598351&g_mp=CiVnb29nbGUubWFwcy5wbGFjZXMudjEuUGxhY2VzLkdldFBsYWNlEAIYBCAA,4.5,9681
베트남,다낭,카페,Cộng Cà Phê,16.0690486,108.2248767,ChIJi0bpGjIYQjERRodYRF89PH8,https://maps.google.com/?cid=9168270420797327174&g_mp=CiVnb29nbGUubWFwcy5wbGFjZXMudjEuUGxhY2VzLkdldFBsYWNlEAIYBCAA,4.1,9623
일본,오사카,광장,Shinsekai,34.6516013,135.5059562,ChIJV6JXdmDnAGAR-9a4atjXsTY,https://maps.google.com/?cid=3941168473429300987&g_mp=CiVnb29nbGUubWFwcy5wbGFjZXMudjEuUGxhY2VzLkdldFBsYWNlEAIYBCAA,4.2,9468
베트남,다낭,맛집,Bánh Xèo Bà Dưỡng,16.0588772,108.216166,ChIJrSiIJ8oZQjERn2-PvhzOCuU,https://maps.google.com/?cid=16504230407304081311&g_mp=CiVnb29nbGUubWFwcy5wbGFjZXMudjEuUGxhY2VzLkdldFBsYWNlEAIYBCAA,4.3,9322
일본,오사카,명소,Hirakata Park,34.8059896,135.6392002,ChIJ-6EttEwcAWAR8eB_Y35eQlw,https://maps.google.com/?cid=6647979896880488689&g_mp=CiVnb29nbGUubWFwcy5wbGFjZXMudjEuUGxhY2VzLkdldFBsYWNlEAIYBCAA,4.3,9270
호주,시드니,명소,The Star,-33.8683329,151.1949875,ChIJB5Gt-jauEmsRph_bHQm5pkc,https://maps.google.com/?cid=5163017471633596326&g_mp=CiVnb29nbGUubWFwcy5wbGFjZXMudjEuUGxhY2VzLkdldFBsYWNlEAIYBCAA,4,9229
스페인,마드리드,명소,Teatro Circo Price,40.405985,-3.698592,ChIJ0TocOiwmQg0RORcnJzivH6c,https://maps.google.com/?cid=12042536584321898297&g_mp=CiVnb29nbGUubWFwcy5wbGFjZXMudjEuUGxhY2VzLkdldFBsYWNlEAIYBCAA,4.5,9171
호주,시드니,명소,Mrs Macquarie's Chair,-33.8596639,151.2225706,ChIJQ9b_zXquEmsRY6cF2rm2v0M,https://maps.google.com/?cid=4881821430435915619&g_mp=CiVnb29nbGUubWFwcy5wbGFjZXMudjEuUGxhY2VzLkdldFBsYWNlEAIYBCAA,4.6,9150
대한민국,제주도,명소,에코랜드,33.4465682,126.6670507,ChIJ8UZkwTsDDTURZ8J20iKdqI0,https://maps.google.com/?cid=10207581328320676455&g_mp=CiVnb29nbGUubWFwcy5wbGFjZXMudjEuUGxhY2VzLkdldFBsYWNlEAIYBCAA,4.3,8932
프랑스,파리,맛집,Al Solito Posto,48.8598541,2.3506096,ChIJKdlUHxxu5kcRbPslt5qXYEo,https://maps.google.com/?cid=5359450247324367724&g_mp=CiVnb29nbGUubWFwcy5wbGFjZXMudjEuUGxhY2VzLkdldFBsYWNlEAIYBCAA,4.7,8889
이탈리아,로마,역사,Basilica of Saint Mary of the Angels and Martyrs,41.9032171,12.4969794,ChIJSfQGGqZhLxMRMAy6MdWbTrA,https://maps.google.com/?cid=12704262938823363632&g_mp=CiVnb29nbGUubWFwcy5wbGFjZXMudjEuUGxhY2VzLkdldFBsYWNlEAIYBCAA,4.7,8889
태국,방콕,명소,Wat Benchamabophit Dusitwanaram,13.7665279,100.5141165,ChIJvccM01iZ4jARPwr8_uBuM_8,https://maps.google.com/?cid=18389163616113527359&g_mp=CiVnb29nbGUubWFwcy5wbGFjZXMudjEuUGxhY2VzLkdldFBsYWNlEAIYBCAA,4.7,8663
호주,멜버른,역사,Shrine of Remembrance,-37.8305164,144.9734319,ChIJGSSIDKZC1moRisWTaYaaq18,https://maps.google.com/?cid=6893773556708263306&g_mp=CiVnb29nbGUubWFwcy5wbGFjZXMudjEuUGxhY2VzLkdldFBsYWNlEAIYBCAA,4.8,8648
독일,뮌헨,맛집,60 seconds to napoli München,48.1364079,11.5719189,ChIJ_ZpdX2h1nkcRrlxN2lSQB3k,https://maps.google.com/?cid=8721097897540410542&g_mp=CiVnb29nbGUubWFwcy5wbGFjZXMudjEuUGxhY2VzLkdldFBsYWNlEAIYBCAA,4.6,8616
대한민국,제주도,해변,Hyeopjae Beach,33.3942945,126.2398813,ChIJ8bBzwwBhDDURAISiRyzO4mw,https://maps.google.com/?cid=7846060190408541184&g_mp=CiVnb29nbGUubWFwcy5wbGFjZXMudjEuUGxhY2VzLkdldFBsYWNlEAIYBCAA,4.6,8530
독일,뮌헨,맛집,Hofbräukeller,48.1341766,11.5952068,ChIJ29wi64B1nkcRR5UyRpxvUm4,https://maps.google.com/?cid=7949539009245648199&g_mp=CiVnb29nbGUubWFwcy5wbGFjZXMudjEuUGxhY2VzLkdldFBsYWNlEAIYBCAA,4.4,8478
독일,베를린,명소,Admiralspalast,52.5208205,13.3889924,ChIJcyNN48JRqEcRFEwv1mFWUyc,https://maps.google.com/?cid=2833703568751414292&g_mp=CiVnb29nbGUubWFwcy5wbGFjZXMudjEuUGxhY2VzLkdldFBsYWNlEAIYBCAA,4.4,8404
호주,퍼스,맛집,Crown Towers Perth,-31.9591834,115.8938337,ChIJiRCkGAm7MioRXBvBJyubyHg,https://maps.google.com/?cid=8703376889546349404&g_mp=CiVnb29nbGUubWFwcy5wbGFjZXMudjEuUGxhY2VzLkdldFBsYWNlEAIYBCAA,4.4,8376
일본,오사카,광장,Osaka Ikuno Korea Town,34.6606139,135.5378838,ChIJpzeHBqngAGARO5rRomWgEP8,https://maps.google.com/?cid=18379366437682780731&g_mp=CiVnb29nbGUubWFwcy5wbGFjZXMudjEuUGxhY2VzLkdldFBsYWNlEAIYBCAA,4,8272
스페인,바르셀로나,맛집,Els 4 Gats,41.3857621,2.1736964,ChIJ4ecss_CipBIRzAR_ag45hM8,https://maps.google.com/?cid=14953139396855923916&g_mp=CiVnb29nbGUubWFwcy5wbGFjZXMudjEuUGxhY2VzLkdldFBsYWNlEAIYBCAA,4.1,8209
호주,멜버른,명소,Arts Centre Melbourne,-37.8214366,144.9688428,ChIJnQPwmx1o1moRRg1EsLKXbm4,https://maps.google.com/?cid=7957464385327467846&g_mp=CiVnb29nbGUubWFwcy5wbGFjZXMudjEuUGxhY2VzLkdldFBsYWNlEAIYBCAA,4.7,8079
영국,런던,맛집,Browns,51.511314,-0.127275,ChIJkWJjuc0EdkgRqL0ffd2j1aA,https://maps.google.com/?cid=11589349387790171560&g_mp=CiVnb29nbGUubWFwcy5wbGFjZXMudjEuUGxhY2VzLkdldFBsYWNlEAIYBCAA,4.4,7998
프랑스,파리,명소,Le Petit Bouillon Pharamond,48.8630418,2.3485455,ChIJRcSln6lv5kcRlLWcSVj4QGE,https://maps.google.com/?cid=7007874078264309140&g_mp=CiVnb29nbGUubWFwcy5wbGFjZXMudjEuUGxhY2VzLkdldFBsYWNlEAIYBCAA,4,7981
스페인,마드리드,명소,Atocha,40.40658,-3.68939,ChIJA-pTRiQmQg0RSaADkNa57tI,https://maps.google.com/?cid=15199290123612299337&g_mp=CiVnb29nbGUubWFwcy5wbGFjZXMudjEuUGxhY2VzLkdldFBsYWNlEAIYBCAA,4.1,7961
호주,멜버른,공원/정원,Flagstaff Gardens,-37.8105577,144.9545199,ChIJnQHt6Uld1moRgIUxBXZWBA8,https://maps.google.com/?cid=1082084875369022848&g_mp=CiVnb29nbGUubWFwcy5wbGFjZXMudjEuUGxhY2VzLkdldFBsYWNlEAIYBCAA,4.6,7958
대한민국,서울,역사,Seodaemun Prison History Hall,37.574271,126.956071,ChIJYfNQzIKifDURMkFeEUrf-QE,https://maps.google.com/?cid=142390372450844978&g_mp=CiVnb29nbGUubWFwcy5wbGFjZXMudjEuUGxhY2VzLkdldFBsYWNlEAIYBCAA,4.6,7933
네덜란드,암스테르담,명소,De Hallen,52.3668448,4.8687693,ChIJmxhLHeAJxkcRKe_rH1Kqv_M,https://maps.google.com/?cid=17563944341467819817&g_mp=CiVnb29nbGUubWFwcy5wbGFjZXMudjEuUGxhY2VzLkdldFBsYWNlEAIYBCAA,4.5,7832
대한민국,서울,역사,Heunginjimun Gate (Dongdaemun),37.5710717,127.0096571,ChIJm6x0HTujfDURbf9iX8DtJ2A,https://maps.google.com/?cid=6928767962222624621&g_mp=CiVnb29nbGUubWFwcy5wbGFjZXMudjEuUGxhY2VzLkdldFBsYWNlEAIYBCAA,4.4,7766
이탈리아,로마,명소,Luneur Park,41.8352963,12.4759812,ChIJEfKRROWKJRMRKY5CCiKAHF4,https://maps.google.com/?cid=6781436022602501673&g_mp=CiVnb29nbGUubWFwcy5wbGFjZXMudjEuUGxhY2VzLkdldFBsYWNlEAIYBCAA,4.1,7727
이탈리아,로마,역사,Basilica of San Clemente,41.8893347,12.4975757,ChIJ6V1-TbhhLxMRUbEhbeY44Zc,https://maps.google.com/?cid=10944091131811574097&g_mp=CiVnb29nbGUubWFwcy5wbGFjZXMudjEuUGxhY2VzLkdldFBsYWNlEAIYBCAA,4.7,7448
영국,런던,명소,BFI IMAX,51.5048789,-0.1136318,ChIJm_mee7cEdkgRM0sbLsHGeWg,https://maps.google.com/?cid=7528266785131023155&g_mp=CiVnb29nbGUubWFwcy5wbGFjZXMudjEuUGxhY2VzLkdldFBsYWNlEAIYBCAA,4.6,7302
프랑스,파리,맛집,Brasserie Lipp,48.8537293,2.3324448,ChIJg3Rfgtdx5kcRQrfAZLTsDTw,https://maps.google.com/?cid=4327375076501534530&g_mp=CiVnb29nbGUubWFwcy5wbGFjZXMudjEuUGxhY2VzLkdldFBsYWNlEAIYBCAA,4.1,7197
독일,뮌헨,맛집,L'Osteria,48.1551693,11.5840578,ChIJhyi-iL91nkcRLT6yt9cgRf0,https://maps.google.com/?cid=18250029175860772397&g_mp=CiVnb29nbGUubWFwcy5wbGFjZXMudjEuUGxhY2VzLkdldFBsYWNlEAIYBCAA,4.2,7194
대한민국,서울,박물관/미술관,National Palace Museum of Korea,37.5766084,126.974951,ChIJuX60FsCifDURSCCDD2krBiA,https://maps.google.com/?cid=2307579589305770056&g_mp=CiVnb29nbGUubWFwcy5wbGFjZXMudjEuUGxhY2VzLkdldFBsYWNlEAIYBCAA,4.6,7178
독일,베를린,맛집,Amrit,52.5259176,13.3898183,ChIJV9ZDBOlRqEcRmS39SeXlPVo,https://maps.google.com/?cid=6502606209944464793&g_mp=CiVnb29nbGUubWFwcy5wbGFjZXMudjEuUGxhY2VzLkdldFBsYWNlEAIYBCAA,4.5,7072
오스트리아,빈,박물관/미술관,Secession,48.2005106,16.3657857,ChIJZ9GWr4QHbUcRBXIAhvEaO_Y,https://maps.google.com/?cid=17742804781593817605&g_mp=CiVnb29nbGUubWFwcy5wbGFjZXMudjEuUGxhY2VzLkdldFBsYWNlEAIYBCAA,4.2,6938
이탈리아,베네치아,역사,San Giorgio Maggiore Church,45.4294192,12.343204,ChIJwwEk49exfkcRDVM3f6QBCJA,https://maps.google.com/?cid=10378547147295904525&g_mp=CiVnb29nbGUubWFwcy5wbGFjZXMudjEuUGxhY2VzLkdldFBsYWNlEAIYBCAA,4.6,6936
이탈리아,로마,역사,Arch of Constantine,41.8898113,12.4906782,ChIJn8yMY7ZhLxMRoGckLEOtWZU,https://maps.google.com/?cid=10761823288593508256&g_mp=CiVnb29nbGUubWFwcy5wbGFjZXMudjEuUGxhY2VzLkdldFBsYWNlEAIYBCAA,4.7,6922
베트남,다낭,맛집,Bikini Bottom Express,16.0487632,108.2475435,ChIJXxVH5G8XQjERZdSJFSODaZw,https://maps.google.com/?cid=11270683729179825253&g_mp=CiVnb29nbGUubWFwcy5wbGFjZXMudjEuUGxhY2VzLkdldFBsYWNlEAIYBCAA,4.7,6898
네덜란드,암스테르담,명소,Skinny Bridge,52.3635978,4.9023824,ChIJmSIs9ZYJxkcRkx-Ou1QOZFI,https://maps.google.com/?cid=5936885965867851667&g_mp=CiVnb29nbGUubWFwcy5wbGFjZXMudjEuUGxhY2VzLkdldFBsYWNlEAIYBCAA,4.5,6788
일본,오사카,명소,NIFREL,34.8063187,135.5336657,ChIJQ5ZHUK38AGARxxGtklDGX9U,https://maps.google.com/?cid=15375225702226661831&g_mp=CiVnb29nbGUubWFwcy5wbGFjZXMudjEuUGxhY2VzLkdldFBsYWNlEAIYBCAA,4.2,6705
대한민국,제주도,박물관/미술관,Arte Museum Island Jeju,33.3964708,126.3446147,ChIJUwtlFmhfDDURUr3BMm9Sb6k,https://maps.google.com/?cid=12209067752371109202&g_mp=CiVnb29nbGUubWFwcy5wbGFjZXMudjEuUGxhY2VzLkdldFBsYWNlEAIYBCAA,4.4,6681
영국,런던,맛집,The Moon Under Water - JD Wetherspoon,51.5102985,-0.1294059,ChIJe9cjCtIEdkgR3BpBBcuZfLs,https://maps.google.com/?cid=13509842079450208988&g_mp=CiVnb29nbGUubWFwcy5wbGFjZXMudjEuUGxhY2VzLkdldFBsYWNlEAIYBCAA,4.1,6558
영국,런던,맛집,St Stephen's Tavern,51.5011626,-0.1256042,ChIJZSfzRMQEdkgRKp5LnanZ2KM,https://maps.google.com/?cid=11806425745663434282&g_mp=CiVnb29nbGUubWFwcy5wbGFjZXMudjEuUGxhY2VzLkdldFBsYWNlEAIYBCAA,4.3,6564
독일,베를린,맛집,Ständige Vertretung,52.5212721,13.3855171,ChIJ221FNsJRqEcRfgoq7pYtPmw,https://maps.google.com/?cid=7799721730916354686&g_mp=CiVnb29nbGUubWFwcy5wbGFjZXMudjEuUGxhY2VzLkdldFBsYWNlEAIYBCAA,4.6,6549
베트남,호치민,맛집,Pink Pong Buffet,10.8094411,106.619437,ChIJO2V1UQArdTERtjQnPmQWNao,https://maps.google.com/?cid=12264733780008711350&g_mp=CiVnb29nbGUubWFwcy5wbGFjZXMudjEuUGxhY2VzLkdldFBsYWNlEAIYBCAA,4.8,6545
스페인,마드리드,맛집,El Perro y La Galleta - Restaurant,40.4205221,-3.6873527,ChIJz4l9e5koQg0RDbY1ppaJ0no,https://maps.google.com/?cid=8850287497863083533&g_mp=CiVnb29nbGUubWFwcy5wbGFjZXMudjEuUGxhY2VzLkdldFBsYWNlEAIYBCAA,4.2,6475
스페인,마드리드,맛집,Grosso Napoletano,40.4260981,-3.6769965,ChIJYa0gcbsoQg0RB-hRQAvH9Oc,https://maps.google.com/?cid=16714202968216430599&g_mp=CiVnb29nbGUubWFwcy5wbGFjZXMudjEuUGxhY2VzLkdldFBsYWNlEAIYBCAA,4.4,6347
호주,멜버른,박물관/미술관,Royal Exhibition Building,-37.8046891,144.9716502,ChIJcd7_l9lC1moRN3U9OQmxoEQ,https://maps.google.com/?cid=4945147044025955639&g_mp=CiVnb29nbGUubWFwcy5wbGFjZXMudjEuUGxhY2VzLkdldFBsYWNlEAIYBCAA,4.6,6343
이탈리아,피렌체,명소,Porta Romana,43.7607717,11.2419172,ChIJq6SMOVBRKhMRW0enUIBtpKo,https://maps.google.com/?cid=12296073280504678235&g_mp=CiVnb29nbGUubWFwcy5wbGFjZXMudjEuUGxhY2VzLkdldFBsYWNlEAIYBCAA,4.4,6309
태국,방콕,맛집,Haidilao Hot Pot,13.7476019,100.5398275,ChIJvYewgHaf4jAR8Go2o49LXSw,https://maps.google.com/?cid=3196794390793579248&g_mp=CiVnb29nbGUubWFwcy5wbGFjZXMudjEuUGxhY2VzLkdldFBsYWNlEAIYBCAA,4.8,6195
이탈리아,피렌체,역사,Basilica di San Miniato,43.7594184,11.2649796,ChIJl26IxfBTKhMRsFKUrq2_Pzs,https://maps.google.com/?cid=4269341724449723056&g_mp=CiVnb29nbGUubWFwcy5wbGFjZXMudjEuUGxhY2VzLkdldFBsYWNlEAIYBCAA,4.8,6162
스페인,마드리드,맛집,Bodegas Rosell,40.4038081,-3.6909254,ChIJ01bKOiUmQg0RMZVrsXwQifE,https://maps.google.com/?cid=17404460362688599345&g_mp=CiVnb29nbGUubWFwcy5wbGFjZXMudjEuUGxhY2VzLkdldFBsYWNlEAIYBCAA,4.3,6152
독일,뮌헨,명소,Asamkirche,48.1351434,11.5696647,ChIJyaP7Y1_fnUcRQDvzvurW66U,https://maps.google.com/?cid=11955885939499416384&g_mp=CiVnb29nbGUubWFwcy5wbGFjZXMudjEuUGxhY2VzLkdldFBsYWNlEAIYBCAA,4.8,6068
베트남,호치민,광장,Binh Tay Market,10.7493647,106.651058,ChIJTQW7uYoudTEREQoQkLAqBzY,https://maps.google.com/?cid=3893127340704664081&g_mp=CiVnb29nbGUubWFwcy5wbGFjZXMudjEuUGxhY2VzLkdldFBsYWNlEAIYBCAA,4.4,6017
프랑스,파리,카페,BO&MIE,48.8640778,2.3504509,ChIJE-_aPBpu5kcRxrlogXWX7N8,https://maps.google.com/?cid=16135438095899736518&g_mp=CiVnb29nbGUubWFwcy5wbGFjZXMudjEuUGxhY2VzLkdldFBsYWNlEAIYBCAA,4.4,6002
대한민국,부산,박물관/미술관,National Maritime Museum of Korea,35.0783256,129.0798565,ChIJG53_8sjuaDURR7ggeXzOSis,https://maps.google.com/?cid=3119532725910943815&g_mp=CiVnb29nbGUubWFwcy5wbGFjZXMudjEuUGxhY2VzLkdldFBsYWNlEAIYBCAA,4.3,5849
오스트리아,빈,명소,Peek & Cloppenburg,48.2056503,16.3715534,ChIJmfggop4HbUcRAO87uMpRaK0,https://maps.google.com/?cid=12495327097255620352&g_mp=CiVnb29nbGUubWFwcy5wbGFjZXMudjEuUGxhY2VzLkdldFBsYWNlEAIYBCAA,4.3,5801
독일,베를린,박물관/미술관,Altes Museum,52.5194665,13.3987445,ChIJM28dat1RqEcRu_1H_QZRHrY,https://maps.google.com/?cid=13123015454665211323&g_mp=CiVnb29nbGUubWFwcy5wbGFjZXMudjEuUGxhY2VzLkdldFBsYWNlEAIYBCAA,4.6,5795
영국,런던,맛집,50 Kalò di Ciro Salvo Pizzeria London,51.5070934,-0.1265376,ChIJ76-IInUFdkgR5bH-0ABH0Zo,https://maps.google.com/?cid=11155775820805353957&g_mp=CiVnb29nbGUubWFwcy5wbGFjZXMudjEuUGxhY2VzLkdldFBsYWNlEAIYBCAA,4.4,5763
독일,뮌헨,명소,BergTierPark Blindham,47.9289205,11.8106192,ChIJtYKA3WnwnUcR__y0nwLaBjc,https://maps.google.com/?cid=3965096226750528767&g_mp=CiVnb29nbGUubWFwcy5wbGFjZXMudjEuUGxhY2VzLkdldFBsYWNlEAIYBCAA,4.3,5745
이탈리아,베네치아,명소,Tropicarium Park,45.502121,12.630733,ChIJm81ProQAfEcRWeBy6JeZbH4,https://maps.google.com/?cid=9109825023982624857&g_mp=CiVnb29nbGUubWFwcy5wbGFjZXMudjEuUGxhY2VzLkdldFBsYWNlEAIYBCAA,4.2,5743
오스트리아,빈,맛집,Restaurant Bier & Bierli,48.2021516,16.3674998,ChIJwYuYYZsHbUcRxfCJw-7APbg,https://maps.google.com/?cid=13275979408273436869&g_mp=CiVnb29nbGUubWFwcy5wbGFjZXMudjEuUGxhY2VzLkdldFBsYWNlEAIYBCAA,4.4,5720
스페인,마드리드,맛집,100 Montaditos,40.4087488,-3.6927511,ChIJy7v_pygmQg0R-yQ0eJBMJPw,https://maps.google.com/?cid=18168730980095108347&g_mp=CiVnb29nbGUubWFwcy5wbGFjZXMudjEuUGxhY2VzLkdldFBsYWNlEAIYBCAA,4,5669
이탈리아,피렌체,역사,Fortezza da Basso,43.7817721,11.2486368,ChIJKXn-4qZWKhMRsIOXR5je5to,https://maps.google.com/?cid=15773539490529248176&g_mp=CiVnb29nbGUubWFwcy5wbGFjZXMudjEuUGxhY2VzLkdldFBsYWNlEAIYBCAA,4.4,5620
영국,런던,역사,Tattershall Castle,51.5044418,-0.1225705,ChIJR3wAzLEEdkgRTdaPTuBjrA4,https://maps.google.com/?cid=1057329827567097421&g_mp=CiVnb29nbGUubWFwcy5wbGFjZXMudjEuUGxhY2VzLkdldFBsYWNlEAIYBCAA,4.3,5595
대한민국,제주도,박물관/미술관,Jeju Aerospace Museum,33.3043901,126.2997019,ChIJ9z5lHEVDDDURu1QoTEJbeRU,https://maps.google.com/?cid=1547368287282156731&g_mp=CiVnb29nbGUubWFwcy5wbGFjZXMudjEuUGxhY2VzLkdldFBsYWNlEAIYBCAA,4.3,5567
대한민국,제주도,해변,Woljeongri Beach,33.5559739,126.7961709,ChIJxR5oOuwXDTUR7OVyfNv5QT4,https://maps.google.com/?cid=4486141424918783468&g_mp=CiVnb29nbGUubWFwcy5wbGFjZXMudjEuUGxhY2VzLkdldFBsYWNlEAIYBCAA,4.4,5456
스페인,바르셀로나,맛집,Los Caracoles,41.379654,2.1765197,ChIJKxrFyFeipBIRS6j-ZcTFJ4A,https://maps.google.com/?cid=9234567008261941323&g_mp=CiVnb29nbGUubWFwcy5wbGFjZXMudjEuUGxhY2VzLkdldFBsYWNlEAIYBCAA,4.2,5460
대한민국,부산,박물관/미술관,Gunsan Modern History Museum,35.9906994,126.7119653,ChIJm2ye-RVccDURmPLpxXqKObM,https://maps.google.com/?cid=12914505666372694680&g_mp=CiVnb29nbGUubWFwcy5wbGFjZXMudjEuUGxhY2VzLkdldFBsYWNlEAIYBCAA,4.1,5420
영국,런던,맛집,Uzumaki London,51.5175444,-0.1292386,ChIJmfK8XnkbdkgRN3LZ9y6M6j8,https://maps.google.com/?cid=4605647702294360631&g_mp=CiVnb29nbGUubWFwcy5wbGFjZXMudjEuUGxhY2VzLkdldFBsYWNlEAIYBCAA,4.7,5395
네덜란드,암스테르담,카페,Café de Jaren,52.3680688,4.8954201,ChIJoa4hjb8JxkcRehItw0EaWz8,https://maps.google.com/?cid=4565271517019837050&g_mp=CiVnb29nbGUubWFwcy5wbGFjZXMudjEuUGxhY2VzLkdldFBsYWNlEAIYBCAA,4.2,5394
독일,뮌헨,맛집,Alte Utting,48.119925,11.5563243,ChIJ66WpPUbfnUcR3dCEiNANyA0,https://maps.google.com/?cid=993058907129958621&g_mp=CiVnb29nbGUubWFwcy5wbGFjZXMudjEuUGxhY2VzLkdldFBsYWNlEAIYBCAA,4.5,5316
대한민국,서울,박물관/미술관,Seoul Museum of History,37.5704616,126.9705126,ChIJ5foyH5KifDURV-Z2f8Q71MY,https://maps.google.com/?cid=14327142029710517847&g_mp=CiVnb29nbGUubWFwcy5wbGFjZXMudjEuUGxhY2VzLkdldFBsYWNlEAIYBCAA,4.5,5289
태국,방콕,역사,Democracy Monument,13.7566941,100.5019322,ChIJcSDAnBSZ4jARttNZeRA3Wec,https://maps.google.com/?cid=16670416039583536054&g_mp=CiVnb29nbGUubWFwcy5wbGFjZXMudjEuUGxhY2VzLkdldFBsYWNlEAIYBCAA,4.3,5233
베트남,다낭,맛집,Ăn Thôi Restaurant,16.0682463,108.2248133,ChIJYVPRIUkZQjERH-v3yrc3lt0,https://maps.google.com/?cid=15967010791412460319&g_mp=CiVnb29nbGUubWFwcy5wbGFjZXMudjEuUGxhY2VzLkdldFBsYWNlEAIYBCAA,4.7,5207
이탈리아,로마,맛집,Hostaria Al Gladiatore,41.8894051,12.4939847,ChIJM9XHobdhLxMRV8q0UIg1Apg,https://maps.google.com/?cid=10953376103304317527&g_mp=CiVnb29nbGUubWFwcy5wbGFjZXMudjEuUGxhY2VzLkdldFBsYWNlEAIYBCAA,4.2,5113
베트남,호치민,명소,Saigon Central Post Office,10.7799129,106.699902,ChIJRxocgI4udTERspsje3PV-LA,https://maps.google.com/?cid=12752177036863445938&g_mp=CiVnb29nbGUubWFwcy5wbGFjZXMudjEuUGxhY2VzLkdldFBsYWNlEAIYBCAA,4.4,5044
일본,도쿄,광장,Tokyo Ramen Street,35.6802935,139.7679568,ChIJGeYlX_mLGGARwsJahMe-XZg,https://maps.google.com/?cid=10979141230727447234&g_mp=CiVnb29nbGUubWFwcy5wbGFjZXMudjEuUGxhY2VzLkdldFBsYWNlEAIYBCAA,4,5013
이탈리아,로마,역사,Quirinal Palace,41.9002445,12.4864679,ChIJEZYsp61hLxMRjFL7eK0va78,https://maps.google.com/?cid=13793170705857860236&g_mp=CiVnb29nbGUubWFwcy5wbGFjZXMudjEuUGxhY2VzLkdldFBsYWNlEAIYBCAA,4.7,5000
일본,도쿄,박물관/미술관,ART AQUARIUM MUSEUM,35.6713698,139.7657375,ChIJ6UVSHl2JGGARDurMrMPwvdk,https://maps.google.com/?cid=15689961400037075470&g_mp=CiVnb29nbGUubWFwcy5wbGFjZXMudjEuUGxhY2VzLkdldFBsYWNlEAIYBCAA,4.1,4999
이탈리아,로마,맛집,The Flann O'Brien,41.900992,12.493846,ChIJVeAWP69hLxMR_ksdOSOwJq0,https://maps.google.com/?cid=12476853483005103102&g_mp=CiVnb29nbGUubWFwcy5wbGFjZXMudjEuUGxhY2VzLkdldFBsYWNlEAIYBCAA,4.3,4984
오스트리아,빈,맛집,Das LOFT,48.2127326,16.379785,ChIJ8edul6AHbUcR6faY3loHwaI,https://maps.google.com/?cid=11727662991512499945&g_mp=CiVnb29nbGUubWFwcy5wbGFjZXMudjEuUGxhY2VzLkdldFBsYWNlEAIYBCAA,4.3,4980
대한민국,서울,명소,Lotte Department Store Yeongdeungpo,37.5158879,126.9075191,ChIJxV0U9vyefDURMw1ZJpIyIvI,https://maps.google.com/?cid=17447563509676707123&g_mp=CiVnb29nbGUubWFwcy5wbGFjZXMudjEuUGxhY2VzLkdldFBsYWNlEAIYBCAA,4.1,4950
독일,베를린,맛집,Clärchens Ballroom,52.5267016,13.3968996,ChIJXe3VaOZRqEcRDQfjbd4zLac,https://maps.google.com/?cid=12046341608705296141&g_mp=CiVnb29nbGUubWFwcy5wbGFjZXMudjEuUGxhY2VzLkdldFBsYWNlEAIYBCAA,4.2,4897
대한민국,제주,맛집,Neulbom Heukdwaeji,33.479434,126.4728596,ChIJb6gvwFH6DDUR3vvaPr4RiAk,https://maps.google.com/?cid=686818451969997790&g_mp=CiVnb29nbGUubWFwcy5wbGFjZXMudjEuUGxhY2VzLkdldFBsYWNlEAIYBCAA,4,4893
스페인,바르셀로나,맛집,Restaurant Can Ramonet | Paella y marisco en la Barceloneta,41.3808676,2.189101,ChIJSb6nrgCjpBIRzG2XfthHOgg,https://maps.google.com/?cid=592865296115002828&g_mp=CiVnb29nbGUubWFwcy5wbGFjZXMudjEuUGxhY2VzLkdldFBsYWNlEAIYBCAA,4.3,4890
프랑스,파리,명소,Hôtel de Ville,48.8564826,2.3524135,ChIJi1uPs_1x5kcRbh8M8XJSNMA,https://maps.google.com/?cid=13849785407694970734&g_mp=CiVnb29nbGUubWFwcy5wbGFjZXMudjEuUGxhY2VzLkdldFBsYWNlEAIYBCAA,4.5,4841
베트남,호치민,카페,Trung Nguyen Café Legend,10.781877,106.698037,ChIJq2b-STYvdTERLDxeeuHo5G0,https://maps.google.com/?cid=7918710099942456364&g_mp=CiVnb29nbGUubWFwcy5wbGFjZXMudjEuUGxhY2VzLkdldFBsYWNlEAIYBCAA,4.5,4796
네덜란드,암스테르담,역사,National Monument,52.3728363,4.8936944,ChIJEUO-OccJxkcR4VAAGRIGuKA,https://maps.google.com/?cid=11581013116581859553&g_mp=CiVnb29nbGUubWFwcy5wbGFjZXMudjEuUGxhY2VzLkdldFBsYWNlEAIYBCAA,4.4,4787
영국,런던,맛집,Balthazar,51.5123979,-0.1213613,ChIJ9RQEoMsEdkgR7j7ThuwfQ7A,https://maps.google.com/?cid=12701030474849664750&g_mp=CiVnb29nbGUubWFwcy5wbGFjZXMudjEuUGxhY2VzLkdldFBsYWNlEAIYBCAA,4.3,4782
태국,방콕,명소,Khaosan Road,13.7589206,100.4972578,ChIJDR23yhKZ4jARdqd5AHsct0A,https://maps.google.com/?cid=4663227253779965814&g_mp=CiVnb29nbGUubWFwcy5wbGFjZXMudjEuUGxhY2VzLkdldFBsYWNlEAIYBCAA,4.1,4780
대한민국,제주도,카페,Cafe Del Moondo,33.5437787,126.6688353,ChIJf721YZkeDTURpGO42wZUb-E,https://maps.google.com/?cid=16244294769381499812&g_mp=CiVnb29nbGUubWFwcy5wbGFjZXMudjEuUGxhY2VzLkdldFBsYWNlEAIYBCAA,4.1,4761
베트남,호치민,명소,Van Thanh Tourist Village,10.7981787,106.7157267,ChIJV8BHDV0pdTERvGqxdSId_50,https://maps.google.com/?cid=11384850416856558268&g_mp=CiVnb29nbGUubWFwcy5wbGFjZXMudjEuUGxhY2VzLkdldFBsYWNlEAIYBCAA,4.3,4747
대한민국,제주도,박물관/미술관,Jeju Folk Village 제주민속촌,33.322511,126.841868,ChIJSYAmsDQJDTURbfgFFHplRQc,https://maps.google.com/?cid=523936506654881901&g_mp=CiVnb29nbGUubWFwcy5wbGFjZXMudjEuUGxhY2VzLkdldFBsYWNlEAIYBCAA,4.1,4711
일본,오사카,명소,Tsuyuno Tenjinsya (Ohatsu Tenjin),34.6992683,135.5007629,ChIJffnrY-zmAGARVLGXbRijxws,https://maps.google.com/?cid=848826380095828308&g_mp=CiVnb29nbGUubWFwcy5wbGFjZXMudjEuUGxhY2VzLkdldFBsYWNlEAIYBCAA,4.2,4657
대한민국,서울,역사,Seoul Central Mosque,37.5334912,126.9975,ChIJz9jnMbWjfDURJAyB1SumwgI,https://maps.google.com/?cid=198904040753531940&g_mp=CiVnb29nbGUubWFwcy5wbGFjZXMudjEuUGxhY2VzLkdldFBsYWNlEAIYBCAA,4.8,4640
대한민국,서울,역사,Changgyeonggung Palace,37.5788149,126.9949298,ChIJN9jfPNaifDURz_NR6E1r4Eo,https://maps.google.com/?cid=5395430335944192975&g_mp=CiVnb29nbGUubWFwcy5wbGFjZXMudjEuUGxhY2VzLkdldFBsYWNlEAIYBCAA,4.7,4618
스페인,바르셀로나,맛집,Alsur Café | Llúria,41.3911444,2.1712806,ChIJyZYIJu6ipBIRe1lRArLwfXo,https://maps.google.com/?cid=8826475492049770875&g_mp=CiVnb29nbGUubWFwcy5wbGFjZXMudjEuUGxhY2VzLkdldFBsYWNlEAIYBCAA,4.2,4601
베트남,호치민,카페,Country House Coffee,10.8348609,106.6671607,ChIJbUggYwcpdTERceZS9v1RSFY,https://maps.google.com/?cid=6217309436786173553&g_mp=CiVnb29nbGUubWFwcy5wbGFjZXMudjEuUGxhY2VzLkdldFBsYWNlEAIYBCAA,4.1,4585
호주,멜버른,맛집,Young and Jacksons,-37.8173408,144.9671631,ChIJ3VlKn7ZC1moRnOHqo_15M_I,https://maps.google.com/?cid=17452427111274570140&g_mp=CiVnb29nbGUubWFwcy5wbGFjZXMudjEuUGxhY2VzLkdldFBsYWNlEAIYBCAA,4.2,4565
이탈리아,베네치아,명소,Hilton Molino Stucky Venice,45.4282189,12.3202931,ChIJzyTAXMuxfkcRMPT1a6-XCbw,https://maps.google.com/?cid=13549527733607199792&g_mp=CiVnb29nbGUubWFwcy5wbGFjZXMudjEuUGxhY2VzLkdldFBsYWNlEAIYBCAA,4.4,4559
스페인,마드리드,맛집,VIPS,40.4075716,-3.6735284,ChIJa71raRsmQg0Rxn9xT0wwg1M,https://maps.google.com/?cid=6017706631405600710&g_mp=CiVnb29nbGUubWFwcy5wbGFjZXMudjEuUGxhY2VzLkdldFBsYWNlEAIYBCAA,4,4519
프랑스,파리,카페,Berthillon,48.8517232,2.3567354,ChIJaxE1EONx5kcRSm1sFRqBUTM,https://maps.google.com/?cid=3697878718076448074&g_mp=CiVnb29nbGUubWFwcy5wbGFjZXMudjEuUGxhY2VzLkdldFBsYWNlEAIYBCAA,4.5,4420
영국,런던,맛집,Burger & Lobster Oxford Circus,51.5173785,-0.1409396,ChIJQxf2gSobdkgR_AN2gB_Yy1o,https://maps.google.com/?cid=6542560513496581116&g_mp=CiVnb29nbGUubWFwcy5wbGFjZXMudjEuUGxhY2VzLkdldFBsYWNlEAIYBCAA,4.6,4396
스페인,마드리드,맛집,Alfredo's Barbacoa,40.4213657,-3.685896,ChIJx5fUpZkoQg0R5NSkn7RBq4A,https://maps.google.com/?cid=9271576501900596452&g_mp=CiVnb29nbGUubWFwcy5wbGFjZXMudjEuUGxhY2VzLkdldFBsYWNlEAIYBCAA,4.1,4345
스페인,마드리드,맛집,Brutal58,40.4042065,-3.681439,ChIJCfraPngnQg0R-f_9oc_R3pk,https://maps.google.com/?cid=11087530022338953209&g_mp=CiVnb29nbGUubWFwcy5wbGFjZXMudjEuUGxhY2VzLkdldFBsYWNlEAIYBCAA,4.8,4288
베트남,호치민,명소,Cinestar Hai Ba Trung,10.7826042,106.6981512,ChIJNx14ajYvdTERuM73DGVGUx8,https://maps.google.com/?cid=2257225238065958584&g_mp=CiVnb29nbGUubWFwcy5wbGFjZXMudjEuUGxhY2VzLkdldFBsYWNlEAIYBCAA,4.2,4257
태국,방콕,광장,Wang Lang Market,13.756087,100.4862868,ChIJqZVFQ0CZ4jARcYeRi9n6IJk,https://maps.google.com/?cid=11034094899314132849&g_mp=CiVnb29nbGUubWFwcy5wbGFjZXMudjEuUGxhY2VzLkdldFBsYWNlEAIYBCAA,4.5,4246
프랑스,파리,카페,Stohrer,48.8652644,2.3468149,ChIJdz7rPhhu5kcRq862GQcM148,https://maps.google.com/?cid=10364766292052201131&g_mp=CiVnb29nbGUubWFwcy5wbGFjZXMudjEuUGxhY2VzLkdldFBsYWNlEAIYBCAA,4.4,4215
대한민국,제주도,명소,9.81 Park Jeju,33.3899391,126.3663248,ChIJN-WJ4678DDUR4asQvGamuLE,https://maps.google.com/?cid=12806168500600089569&g_mp=CiVnb29nbGUubWFwcy5wbGFjZXMudjEuUGxhY2VzLkdldFBsYWNlEAIYBCAA,4.4,4195
프랑스,파리,명소,Aquarium Tropical,48.835526,2.4092536,ChIJHUCTD2By5kcRjGS-_XLEguQ,https://maps.google.com/?cid=16465939185782383756&g_mp=CiVnb29nbGUubWFwcy5wbGFjZXMudjEuUGxhY2VzLkdldFBsYWNlEAIYBCAA,4.4,4129
체코,프라하,명소,AquaDream,50.0265492,14.3676184,ChIJL1RDbH2WC0cRZzonvxfhWNY,https://maps.google.com/?cid=15445342414174632551&g_mp=CiVnb29nbGUubWFwcy5wbGFjZXMudjEuUGxhY2VzLkdldFBsYWNlEAIYBCAA,4.2,4121
이탈리아,로마,맛집,50 Kalò di Ciro Salvo - Roma,41.9060161,12.4957453,ChIJm-izlfFhLxMRPLKypi5mjjg,https://maps.google.com/?cid=4075307063368135228&g_mp=CiVnb29nbGUubWFwcy5wbGFjZXMudjEuUGxhY2VzLkdldFBsYWNlEAIYBCAA,4.5,4082
대한민국,제주도,박물관/미술관,Teddy Bear Museum,33.2503549,126.4121736,ChIJOZVAKMdaDDURy24CutoBMTI,https://maps.google.com/?cid=3616674014690438859&g_mp=CiVnb29nbGUubWFwcy5wbGFjZXMudjEuUGxhY2VzLkdldFBsYWNlEAIYBCAA,4.2,4052
영국,런던,맛집,Silver Cross,51.5066297,-0.127022,ChIJ65xzsc8EdkgR1CPqm1x5rsU,https://maps.google.com/?cid=14244456110079222740&g_mp=CiVnb29nbGUubWFwcy5wbGFjZXMudjEuUGxhY2VzLkdldFBsYWNlEAIYBCAA,4.1,4052
대한민국,제주도,공원/정원,Gimnyeong Maze Park,33.5368768,126.7725371,ChIJ85Mt99EZDTURwVDY56YZxzs,https://maps.google.com/?cid=4307439773248147649&g_mp=CiVnb29nbGUubWFwcy5wbGFjZXMudjEuUGxhY2VzLkdldFBsYWNlEAIYBCAA,4.2,4030
대한민국,제주도,해변,Black Sand Beach,33.4972931,126.9671356,ChIJm7BChblqDTURGh05tBZ_z-8,https://maps.google.com/?cid=17280170030733532442&g_mp=CiVnb29nbGUubWFwcy5wbGFjZXMudjEuUGxhY2VzLkdldFBsYWNlEAIYBCAA,4.3,4029
호주,멜버른,카페,Patricia Coffee Brewers,-37.8146934,144.9582383,ChIJn1FUnktd1moRgZCDC6aPCcw,https://maps.google.com/?cid=14702440401848209537&g_mp=CiVnb29nbGUubWFwcy5wbGFjZXMudjEuUGxhY2VzLkdldFBsYWNlEAIYBCAA,4.8,4013
오스트리아,빈,카페,Café Ritter,48.1980349,16.3505166,ChIJCb4G_4sHbUcRAwjrbC7j5VI,https://maps.google.com/?cid=5973430269312174083&g_mp=CiVnb29nbGUubWFwcy5wbGFjZXMudjEuUGxhY2VzLkdldFBsYWNlEAIYBCAA,4.3,3987
프랑스,파리,명소,Medici Fountain,48.8480667,2.339308,ChIJVXo3ktxx5kcRfG9kB3YF1mc,https://maps.google.com/?cid=7482173835410960252&g_mp=CiVnb29nbGUubWFwcy5wbGFjZXMudjEuUGxhY2VzLkdldFBsYWNlEAIYBCAA,4.8,3964
호주,멜버른,명소,Funfields Themepark,-37.5199943,145.111246,ChIJX6uaCMS112oRUPEvBXZWBA8,https://maps.google.com/?cid=1082084875368919376&g_mp=CiVnb29nbGUubWFwcy5wbGFjZXMudjEuUGxhY2VzLkdldFBsYWNlEAIYBCAA,4.3,3931
네덜란드,암스테르담,맛집,Café Hill Street Blues,52.375479,4.898224,ChIJC3g7RLgJxkcR7MWadvd1_u0,https://maps.google.com/?cid=17149274136780654060&g_mp=CiVnb29nbGUubWFwcy5wbGFjZXMudjEuUGxhY2VzLkdldFBsYWNlEAIYBCAA,4.6,3917
이탈리아,베네치아,맛집,Camping Fusina,45.4208027,12.258218,ChIJUVB0uMOwfkcRnRtTD03VwdU,https://maps.google.com/?cid=15402826727530109853&g_mp=CiVnb29nbGUubWFwcy5wbGFjZXMudjEuUGxhY2VzLkdldFBsYWNlEAIYBCAA,4.1,3900
대한민국,서울,박물관/미술관,"National Museum of Modern and Contemporary Art, Seoul",37.5788333,126.9804281,ChIJRynTqcaifDURBaSFx8HncPs,https://maps.google.com/?cid=18118236120373634053&g_mp=CiVnb29nbGUubWFwcy5wbGFjZXMudjEuUGxhY2VzLkdldFBsYWNlEAIYBCAA,4.6,3893
독일,베를린,자연/힐링,Museum Island,52.5169328,13.4018996,ChIJx8qLPN9RqEcRB2gSnmw5bJM,https://maps.google.com/?cid=10622928759731415047&g_mp=CiVnb29nbGUubWFwcy5wbGFjZXMudjEuUGxhY2VzLkdldFBsYWNlEAIYBCAA,4.7,3893
독일,베를린,맛집,Borchardt,52.5150087,13.3904324,ChIJVfEmINtRqEcRsch0pslaanQ,https://maps.google.com/?cid=8388617078058567857&g_mp=CiVnb29nbGUubWFwcy5wbGFjZXMudjEuUGxhY2VzLkdldFBsYWNlEAIYBCAA,4.1,3894
대한민국,제주도,명소,Sumokwon theme park,33.4704475,126.4885877,ChIJl51cHLH7DDURaBQIuIXuYv4,https://maps.google.com/?cid=18330475691436938344&g_mp=CiVnb29nbGUubWFwcy5wbGFjZXMudjEuUGxhY2VzLkdldFBsYWNlEAIYBCAA,4,3862
스페인,바르셀로나,맛집,Carabela Cafè,41.3812624,2.182876,ChIJyXhrkv-ipBIRgs6bERFqwG8,https://maps.google.com/?cid=8052552755280858754&g_mp=CiVnb29nbGUubWFwcy5wbGFjZXMudjEuUGxhY2VzLkdldFBsYWNlEAIYBCAA,4.5,3798
대한민국,서울,박물관/미술관,National Museum of Korean Contemporary History,37.5739432,126.9779299,ChIJ_ebK-eqifDURv0tXr2TktaU,https://maps.google.com/?cid=11940701108132334527&g_mp=CiVnb29nbGUubWFwcy5wbGFjZXMudjEuUGxhY2VzLkdldFBsYWNlEAIYBCAA,4.5,3788
호주,퍼스,해변,Cottesloe Beach,-31.9938622,115.7510477,ChIJl3vh5JumMioRh-zSq-F8nmM,https://maps.google.com/?cid=7178312164767362183&g_mp=CiVnb29nbGUubWFwcy5wbGFjZXMudjEuUGxhY2VzLkdldFBsYWNlEAIYBCAA,4.6,3778
대한민국,제주도,명소,Snoopy Garden,33.4441972,126.7783058,ChIJLfjeK8MbDTUR9QZMV8-zxzU,https://maps.google.com/?cid=3875263707479803637&g_mp=CiVnb29nbGUubWFwcy5wbGFjZXMudjEuUGxhY2VzLkdldFBsYWNlEAIYBCAA,4.6,3770
스페인,마드리드,맛집,Revoltosa Prado,40.4145789,-3.6996586,ChIJ8778J80pQg0R7BSOY3rDv2g,https://maps.google.com/?cid=7547966430919922924&g_mp=CiVnb29nbGUubWFwcy5wbGFjZXMudjEuUGxhY2VzLkdldFBsYWNlEAIYBCAA,4.3,3761
호주,퍼스,명소,Fremantle Prison,-32.0549838,115.7536591,ChIJdY_ZAX2hMioRGmzlcmfSgQo,https://maps.google.com/?cid=757117554126056474&g_mp=CiVnb29nbGUubWFwcy5wbGFjZXMudjEuUGxhY2VzLkdldFBsYWNlEAIYBCAA,4.7,3746
스페인,바르셀로나,맛집,Vinitus Madrid-Barcelona,41.3926395,2.1656752,ChIJv-oIPO2ipBIRZBAH57fWgio,https://maps.google.com/?cid=3063246781908717668&g_mp=CiVnb29nbGUubWFwcy5wbGFjZXMudjEuUGxhY2VzLkdldFBsYWNlEAIYBCAA,4.6,3720
태국,방콕,명소,The Giant Swing,13.7518078,100.5012832,ChIJX49VWsWZ4jARwEYBM0MDXnE,https://maps.google.com/?cid=8168970361250072256&g_mp=CiVnb29nbGUubWFwcy5wbGFjZXMudjEuUGxhY2VzLkdldFBsYWNlEAIYBCAA,4.6,3649
대한민국,서울,박물관/미술관,The National Folk Museum of Korea,37.5816456,126.9789948,ChIJod7tSseifDUR4HuzvkBA2ns,https://maps.google.com/?cid=8924516258409577440&g_mp=CiVnb29nbGUubWFwcy5wbGFjZXMudjEuUGxhY2VzLkdldFBsYWNlEAIYBCAA,4.6,3634
오스트리아,빈,자연/힐링,Danube-Auen National Park,48.1447168,16.7004541,ChIJTVoJNxX4bEcRRgVBSJe46as,https://maps.google.com/?cid=12387635209951053126&g_mp=CiVnb29nbGUubWFwcy5wbGFjZXMudjEuUGxhY2VzLkdldFBsYWNlEAIYBCAA,4.6,3632
호주,멜버른,박물관/미술관,Old Melbourne Gaol,-37.807832,144.9653171,ChIJYUcwasxC1moResepeNQs7Z0,https://maps.google.com/?cid=11379801124504192890&g_mp=CiVnb29nbGUubWFwcy5wbGFjZXMudjEuUGxhY2VzLkdldFBsYWNlEAIYBCAA,4.5,3622
호주,시드니,맛집,Blackbird Cafe,-33.8721453,151.202164,ChIJB99QujiuEmsRxWtAQpPHraE,https://maps.google.com/?cid=11650187246362979269&g_mp=CiVnb29nbGUubWFwcy5wbGFjZXMudjEuUGxhY2VzLkdldFBsYWNlEAIYBCAA,4.1,3598
대한민국,제주도,자연/힐링,보롬왓,33.4136187,126.7527705,ChIJw3ntsD0FDTURS-3CM2jJPWY,https://maps.google.com/?cid=7367266014830193995&g_mp=CiVnb29nbGUubWFwcy5wbGFjZXMudjEuUGxhY2VzLkdldFBsYWNlEAIYBCAA,4.2,3579
영국,런던,맛집,Bocca di Lupo,51.5116537,-0.13395,ChIJfcEFmtMEdkgR9pwP7Z6jOko,https://maps.google.com/?cid=5348767410433268982&g_mp=CiVnb29nbGUubWFwcy5wbGFjZXMudjEuUGxhY2VzLkdldFBsYWNlEAIYBCAA,4.6,3564
스페인,마드리드,맛집,Restaurante Don Giovanni,40.4074856,-3.6802214,ChIJPbyU3RgmQg0RbSQgBVIAsqQ,https://maps.google.com/?cid=11867548320347989101&g_mp=CiVnb29nbGUubWFwcy5wbGFjZXMudjEuUGxhY2VzLkdldFBsYWNlEAIYBCAA,4.2,3562
영국,런던,명소,Aldenham Country Park,51.6488912,-0.3168534,ChIJR2e8pLEVdkgRXvX__prZaTU,https://maps.google.com/?cid=3848846616291177822&g_mp=CiVnb29nbGUubWFwcy5wbGFjZXMudjEuUGxhY2VzLkdldFBsYWNlEAIYBCAA,4.3,3548
대한민국,제주도,해변,Geumneung Beach,33.3898565,126.235364,ChIJq6oJgMRgDDUR-8uJnUybSP0,https://maps.google.com/?cid=18251008243281808379&g_mp=CiVnb29nbGUubWFwcy5wbGFjZXMudjEuUGxhY2VzLkdldFBsYWNlEAIYBCAA,4.6,3542
대한민국,제주도,박물관/미술관,World Automobile & Piano Museum,33.2834946,126.3498438,ChIJV2nCBGJbDDURkNm44JHjSuk,https://maps.google.com/?cid=16810498774793771408&g_mp=CiVnb29nbGUubWFwcy5wbGFjZXMudjEuUGxhY2VzLkdldFBsYWNlEAIYBCAA,4.2,3536
대한민국,부산,명소,Gimhae Gaya Theme Park,35.2507263,128.8930841,ChIJb0uwCKa4aDURob3xhuzPuLA,https://maps.google.com/?cid=12734156561173298593&g_mp=CiVnb29nbGUubWFwcy5wbGFjZXMudjEuUGxhY2VzLkdldFBsYWNlEAIYBCAA,4.1,3510
프랑스,파리,맛집,Crêperie Genia,48.852818,2.3447233,ChIJOfgzmuBx5kcRPks9cLjLC-o,https://maps.google.com/?cid=16864797222636440382&g_mp=CiVnb29nbGUubWFwcy5wbGFjZXMudjEuUGxhY2VzLkdldFBsYWNlEAIYBCAA,4.4,3506
대한민국,제주도,명소,Shinhwa Theme Park,33.3051791,126.3152053,ChIJMa3bgvlcDDURwJI5zqNn_Pk,https://maps.google.com/?cid=18013386562812351168&g_mp=CiVnb29nbGUubWFwcy5wbGFjZXMudjEuUGxhY2VzLkdldFBsYWNlEAIYBCAA,4,3500
스페인,바르셀로나,명소,Mies van der Rohe Pavilion,41.3706091,2.1501628,ChIJJ2JbaneipBIRaFPRmdUt7fA,https://maps.google.com/?cid=17360582534015046504&g_mp=CiVnb29nbGUubWFwcy5wbGFjZXMudjEuUGxhY2VzLkdldFBsYWNlEAIYBCAA,4.5,3494
대한민국,서울,맛집,Manjok Ohyang Jokbal (City Hall Branch),37.5632148,126.9760019,ChIJ_0yFUvOifDURlZ1lRgJpfhY,https://maps.google.com/?cid=1620848374391872917&g_mp=CiVnb29nbGUubWFwcy5wbGFjZXMudjEuUGxhY2VzLkdldFBsYWNlEAIYBCAA,4.2,3447
대한민국,제주도,명소,Fairy and Woodsman Theme Park,33.4790107,126.7034736,ChIJZataqnsbDTURKfbAUfZxYeA,https://maps.google.com/?cid=16168329439984285225&g_mp=CiVnb29nbGUubWFwcy5wbGFjZXMudjEuUGxhY2VzLkdldFBsYWNlEAIYBCAA,4.1,3439
스페인,바르셀로나,명소,Eagles Summit - Cim d’Àligues,41.6952498,2.172499,ChIJs_NBIlrCpBIR7SdE4QshXRo,https://maps.google.com/?cid=1899710952727914477&g_mp=CiVnb29nbGUubWFwcy5wbGFjZXMudjEuUGxhY2VzLkdldFBsYWNlEAIYBCAA,4.7,3424
오스트리아,빈,카페,Café Goldegg,48.1896662,16.3761635,ChIJWWvn830HbUcRbrUzChzF55I,https://maps.google.com/?cid=10585646173378557294&g_mp=CiVnb29nbGUubWFwcy5wbGFjZXMudjEuUGxhY2VzLkdldFBsYWNlEAIYBCAA,4.4,3417
베트남,다낭,카페,Starbucks Bach Dang,16.0727878,108.2242217,ChIJgRJhmzoYQjER1fGkNh9sxwU,https://maps.google.com/?cid=416420371871625685&g_mp=CiVnb29nbGUubWFwcy5wbGFjZXMudjEuUGxhY2VzLkdldFBsYWNlEAIYBCAA,4.5,3391
오스트리아,빈,명소,Austrian Parliament,48.208036,16.3592045,ChIJWThkxJYHbUcR0DAnPsJ7GzU,https://maps.google.com/?cid=3826788382577995984&g_mp=CiVnb29nbGUubWFwcy5wbGFjZXMudjEuUGxhY2VzLkdldFBsYWNlEAIYBCAA,4.6,3381
대한민국,서울,카페,Ediya Coffee Lab.,37.5104556,127.0328766,ChIJvfwckvCjfDUR1Eo_79DJzO4,https://maps.google.com/?cid=17207350175480105684&g_mp=CiVnb29nbGUubWFwcy5wbGFjZXMudjEuUGxhY2VzLkdldFBsYWNlEAIYBCAA,4.5,3367
프랑스,파리,맛집,Le Dernier Bar avant la Fin du Monde,48.857885,2.3463897,ChIJy8liux9u5kcROXQfJ7-ESm4,https://maps.google.com/?cid=7947310448978654265&g_mp=CiVnb29nbGUubWFwcy5wbGFjZXMudjEuUGxhY2VzLkdldFBsYWNlEAIYBCAA,4.2,3367
스페인,마드리드,맛집,Álex Cordobés | Velázquez,40.4279911,-3.683658,ChIJUdp74r8pQg0ReULuaaHmqyQ,https://maps.google.com/?cid=2642459187324273273&g_mp=CiVnb29nbGUubWFwcy5wbGFjZXMudjEuUGxhY2VzLkdldFBsYWNlEAIYBCAA,4.3,3343
프랑스,파리,자연/힐링,Seine,48.6382687,2.4489006,ChIJx12c9iK37UcRYa1Leh4sgUo,https://maps.google.com/?cid=5368620740214762849&g_mp=CiVnb29nbGUubWFwcy5wbGFjZXMudjEuUGxhY2VzLkdldFBsYWNlEAIYBCAA,4.5,3334
독일,베를린,맛집,Zur letzten Instanz,52.5173692,13.4137999,ChIJ1WEbzyNOqEcRKqrOGWDKPMs,https://maps.google.com/?cid=14644802602400655914&g_mp=CiVnb29nbGUubWFwcy5wbGFjZXMudjEuUGxhY2VzLkdldFBsYWNlEAIYBCAA,4.2,3333
호주,멜버른,맛집,Asado,-37.8208984,144.9640633,ChIJ4xaW-AJD1moR-4fAxvspuR0,https://maps.google.com/?cid=2141789259139418107&g_mp=CiVnb29nbGUubWFwcy5wbGFjZXMudjEuUGxhY2VzLkdldFBsYWNlEAIYBCAA,4.5,3331
대한민국,제주도,명소,Maze Land,33.4887415,126.8009514,ChIJbz_3tLUQDTURkoA7UPE2JWA,https://maps.google.com/?cid=6928004011840471186&g_mp=CiVnb29nbGUubWFwcy5wbGFjZXMudjEuUGxhY2VzLkdldFBsYWNlEAIYBCAA,4.2,3314
호주,멜버른,맛집,Chilli India,-37.8191686,144.9483075,ChIJe4ToJ3Fd1moROngAoPnpNcI,https://maps.google.com/?cid=13994348675464198202&g_mp=CiVnb29nbGUubWFwcy5wbGFjZXMudjEuUGxhY2VzLkdldFBsYWNlEAIYBCAA,4.4,3297
베트남,호치민,카페,Cộng Cà Phê,10.7680879,106.6968232,ChIJ3ym74OovdTERtTYiRYUW1bA,https://maps.google.com/?cid=12742115482361018037&g_mp=CiVnb29nbGUubWFwcy5wbGFjZXMudjEuUGxhY2VzLkdldFBsYWNlEAIYBCAA,4.6,3282
이탈리아,베네치아,박물관/미술관,Ca' Rezzonico,45.4335405,12.3268258,ChIJ10rFUc6xfkcRXf3NUR_5e78,https://maps.google.com/?cid=13797895796291403101&g_mp=CiVnb29nbGUubWFwcy5wbGFjZXMudjEuUGxhY2VzLkdldFBsYWNlEAIYBCAA,4.5,3268
네덜란드,암스테르담,맛집,Proeflokaal 't Blauwe Theehuis,52.3588283,4.8725491,ChIJK5ErwF8JxkcRqjp0mnDFR5E,https://maps.google.com/?cid=10468552946264324778&g_mp=CiVnb29nbGUubWFwcy5wbGFjZXMudjEuUGxhY2VzLkdldFBsYWNlEAIYBCAA,4.4,3258
스페인,마드리드,맛집,Los Gatos,40.4135793,-3.6956457,ChIJLbOce4IoQg0RD6lA7QxDSVM,https://maps.google.com/?cid=6001401701247002895&g_mp=CiVnb29nbGUubWFwcy5wbGFjZXMudjEuUGxhY2VzLkdldFBsYWNlEAIYBCAA,4.2,3240
오스트리아,빈,명소,Gartenpalais Liechtenstein,48.2225283,16.3595988,ChIJAfkA9bcHbUcRttVvo0iPzAY,https://maps.google.com/?cid=489924001618974134&g_mp=CiVnb29nbGUubWFwcy5wbGFjZXMudjEuUGxhY2VzLkdldFBsYWNlEAIYBCAA,4.7,3232
대한민국,부산,맛집,Sinbalwon,35.1148152,129.038688,ChIJXYniPn3paDURJqjdCZneaAo,https://maps.google.com/?cid=750094086834071590&g_mp=CiVnb29nbGUubWFwcy5wbGFjZXMudjEuUGxhY2VzLkdldFBsYWNlEAIYBCAA,4.1,3221
호주,멜버른,카페,Brother Baba Budan,-37.813541,144.9620988,ChIJ6VLiOLVC1moRUX_Qgb0CEyU,https://maps.google.com/?cid=2671482016910835537&g_mp=CiVnb29nbGUubWFwcy5wbGFjZXMudjEuUGxhY2VzLkdldFBsYWNlEAIYBCAA,4.5,3206
호주,멜버른,맛집,The Mitre Tavern,-37.8167493,144.9604,ChIJjxWPpUxd1moR4THuwdvqlPE,https://maps.google.com/?cid=17407796689266160097&g_mp=CiVnb29nbGUubWFwcy5wbGFjZXMudjEuUGxhY2VzLkdldFBsYWNlEAIYBCAA,4.4,3158
태국,방콕,맛집,Mango Tree,13.7285218,100.5300156,ChIJvTrKriyf4jARF34jJSdmkY4,https://maps.google.com/?cid=10273104543321652759&g_mp=CiVnb29nbGUubWFwcy5wbGFjZXMudjEuUGxhY2VzLkdldFBsYWNlEAIYBCAA,4.5,3150
대한민국,서울,역사,Unhyeongung Palace,37.576034,126.987052,ChIJy_KLudyifDUR8R3cB_PyJsU,https://maps.google.com/?cid=14206309200209649137&g_mp=CiVnb29nbGUubWFwcy5wbGFjZXMudjEuUGxhY2VzLkdldFBsYWNlEAIYBCAA,4.4,3127
이탈리아,로마,명소,Trinità dei Monti,41.9062415,12.4833875,ChIJq-rSL1VgLxMR6A0Gq_2J8Kw,https://maps.google.com/?cid=12461611891523194344&g_mp=CiVnb29nbGUubWFwcy5wbGFjZXMudjEuUGxhY2VzLkdldFBsYWNlEAIYBCAA,4.6,3123
프랑스,파리,맛집,Trattoria Marguerite,48.8563409,2.3504087,ChIJVccn-R1u5kcRF9FsB_tpRpk,https://maps.google.com/?cid=11044631663054999831&g_mp=CiVnb29nbGUubWFwcy5wbGFjZXMudjEuUGxhY2VzLkdldFBsYWNlEAIYBCAA,4,3107
오스트리아,빈,맛집,Café Restaurant Hummel,48.2107719,16.343761,ChIJ-c7dYOkHbUcRECbLZSxMIvE,https://maps.google.com/?cid=17375534065918879248&g_mp=CiVnb29nbGUubWFwcy5wbGFjZXMudjEuUGxhY2VzLkdldFBsYWNlEAIYBCAA,4.4,3099
베트남,호치민,맛집,Hủ Tiếu Hồng Phát,10.7705485,106.6847932,ChIJa84CUSIvdTERyXeHC2uw9K4,https://maps.google.com/?cid=12606895230718277577&g_mp=CiVnb29nbGUubWFwcy5wbGFjZXMudjEuUGxhY2VzLkdldFBsYWNlEAIYBCAA,4.6,3086
독일,베를린,명소,Berlin Icebar,52.5214172,13.4036875,ChIJC6j4EPtRqEcR2dg2YzQ8AOA,https://maps.google.com/?cid=16140967260196362457&g_mp=CiVnb29nbGUubWFwcy5wbGFjZXMudjEuUGxhY2VzLkdldFBsYWNlEAIYBCAA,4.4,3079
호주,멜버른,명소,Sidney Myer Music Bowl,-37.8240384,144.9735216,ChIJddrLBbBC1moR-fV4yPDANEE,https://maps.google.com/?cid=4698592451642324473&g_mp=CiVnb29nbGUubWFwcy5wbGFjZXMudjEuUGxhY2VzLkdldFBsYWNlEAIYBCAA,4.6,3022
대한민국,제주도,박물관/미술관,Figure Museum Jeju,33.2818685,126.3552384,ChIJpV1zZWNbDDURz8VlxinbJ74,https://maps.google.com/?cid=13702161363766724047&g_mp=CiVnb29nbGUubWFwcy5wbGFjZXMudjEuUGxhY2VzLkdldFBsYWNlEAIYBCAA,4.4,3018
독일,베를린,맛집,Chén Chè,52.5274819,13.4026394,ChIJPbBM-uNRqEcRWuXFbs_Ep2w,https://maps.google.com/?cid=7829442872402634074&g_mp=CiVnb29nbGUubWFwcy5wbGFjZXMudjEuUGxhY2VzLkdldFBsYWNlEAIYBCAA,4,3013
베트남,호치민,카페,The Coffee House,10.7710969,106.6811051,ChIJz1DgnSEvdTER39rdX1SQ8NQ,https://maps.google.com/?cid=15343922622511307487&g_mp=CiVnb29nbGUubWFwcy5wbGFjZXMudjEuUGxhY2VzLkdldFBsYWNlEAIYBCAA,4.3,3001
프랑스,파리,맛집,Bouillon Racine,48.850176,2.342022,ChIJofo-3ypx5kcR6jC1qWRBRgg,https://maps.google.com/?cid=596235901272928490&g_mp=CiVnb29nbGUubWFwcy5wbGFjZXMudjEuUGxhY2VzLkdldFBsYWNlEAIYBCAA,4.2,2998
프랑스,파리,맛집,Chez Julien,48.8547356,2.3551411,ChIJEwgDtuJx5kcRLGbYnlfZFAU,https://maps.google.com/?cid=366156440074217004&g_mp=CiVnb29nbGUubWFwcy5wbGFjZXMudjEuUGxhY2VzLkdldFBsYWNlEAIYBCAA,4.1,2996
대한민국,서울,박물관/미술관,Seodaemun Museum of Natural History,37.576673,126.9374741,ChIJM2CUqWaYfDURHlG_i6w_5dE,https://maps.google.com/?cid=15124564933905174814&g_mp=CiVnb29nbGUubWFwcy5wbGFjZXMudjEuUGxhY2VzLkdldFBsYWNlEAIYBCAA,4.3,2991
대한민국,부산,명소,Lotte World Adventure Busan,35.1962453,129.2149345,ChIJ8XYSxfKNaDURFuMe6s2K4us,https://maps.google.com/?cid=16997300560650494742&g_mp=CiVnb29nbGUubWFwcy5wbGFjZXMudjEuUGxhY2VzLkdldFBsYWNlEAIYBCAA,4.1,2981
대한민국,제주도,해변,Gwakji Beach,33.450902,126.3057298,ChIJwxapcG71DDURGdhIIeiFBcI,https://maps.google.com/?cid=13980727850278901785&g_mp=CiVnb29nbGUubWFwcy5wbGFjZXMudjEuUGxhY2VzLkdldFBsYWNlEAIYBCAA,4.4,2956
대한민국,서울,박물관/미술관,Seokpajeong Seoul Art Museum,37.5948345,126.9632499,ChIJWVj6K6yifDURtYcAH9e9X_M,https://maps.google.com/?cid=17536944205639747509&g_mp=CiVnb29nbGUubWFwcy5wbGFjZXMudjEuUGxhY2VzLkdldFBsYWNlEAIYBCAA,4.4,2944
대한민국,서울,박물관/미술관,Leeum Museum of Art,37.5379389,126.9992749,ChIJU97c4xujfDURu6F4mICL7Ps,https://maps.google.com/?cid=18153037582453744059&g_mp=CiVnb29nbGUubWFwcy5wbGFjZXMudjEuUGxhY2VzLkdldFBsYWNlEAIYBCAA,4.6,2943
대한민국,제주도,맛집,Gozip Dol Wooluck Hamdeok,33.5438111,126.6630159,ChIJ00PR6XYfDTURlkix8j-OnkQ,https://maps.google.com/?cid=4944545846205171862&g_mp=CiVnb29nbGUubWFwcy5wbGFjZXMudjEuUGxhY2VzLkdldFBsYWNlEAIYBCAA,4.7,2933
스페인,마드리드,카페,Café Barbieri Restaurante,40.4093006,-3.7008829,ChIJsVuaDSsmQg0Raqc6BWbUbpg,https://maps.google.com/?cid=10983950075842701162&g_mp=CiVnb29nbGUubWFwcy5wbGFjZXMudjEuUGxhY2VzLkdldFBsYWNlEAIYBCAA,4.1,2934
영국,런던,명소,Aviary,51.5218153,-0.0856108,ChIJhwDB864cdkgRKKsKWOwoSgs,https://maps.google.com/?cid=813507678248282920&g_mp=CiVnb29nbGUubWFwcy5wbGFjZXMudjEuUGxhY2VzLkdldFBsYWNlEAIYBCAA,4.2,2934
체코,프라하,맛집,Malešická tvrz,50.0859623,14.5128411,ChIJ9ZvbxCaTC0cRKO-hQyY2iPo,https://maps.google.com/?cid=18052738644285976360&g_mp=CiVnb29nbGUubWFwcy5wbGFjZXMudjEuUGxhY2VzLkdldFBsYWNlEAIYBCAA,4.4,2921
호주,멜버른,광장,Fed Square,-37.8179789,144.9690576,ChIJT8T86bZC1moRqw7W6kVH5zg,https://maps.google.com/?cid=4100324351362338475&g_mp=CiVnb29nbGUubWFwcy5wbGFjZXMudjEuUGxhY2VzLkdldFBsYWNlEAIYBCAA,4.5,2917
이탈리아,로마,맛집,Birreria Marconi,41.8966639,12.4986003,ChIJTQZt1KRhLxMRuGOP73CD3nI,https://maps.google.com/?cid=8277197686232277944&g_mp=CiVnb29nbGUubWFwcy5wbGFjZXMudjEuUGxhY2VzLkdldFBsYWNlEAIYBCAA,4.6,2900
대한민국,제주도,박물관/미술관,Jeju National Museum,33.5133428,126.5488784,ChIJVSkvCznjDDURxEceY37fW2A,https://maps.google.com/?cid=6943388984443553732&g_mp=CiVnb29nbGUubWFwcy5wbGFjZXMudjEuUGxhY2VzLkdldFBsYWNlEAIYBCAA,4.4,2900
프랑스,파리,맛집,Le Calife,48.8580167,2.3368194,ChIJL4UVCSdu5kcRZP_k3fkFhoY,https://maps.google.com/?cid=9693441818689339236&g_mp=CiVnb29nbGUubWFwcy5wbGFjZXMudjEuUGxhY2VzLkdldFBsYWNlEAIYBCAA,4.7,2888
오스트리아,빈,맛집,Badeschiff Wien,48.2117934,16.3811212,ChIJq6qqqpkHbUcRQnE2amvdWLw,https://maps.google.com/?cid=13571840930494181698&g_mp=CiVnb29nbGUubWFwcy5wbGFjZXMudjEuUGxhY2VzLkdldFBsYWNlEAIYBCAA,4.2,2887
체코,프라하,맛집,XL Restaurant Grill & Bar,50.0336814,14.5043147,ChIJPQI7qzCSC0cRCmCtDOdfsiw,https://maps.google.com/?cid=3220742129478098954&g_mp=CiVnb29nbGUubWFwcy5wbGFjZXMudjEuUGxhY2VzLkdldFBsYWNlEAIYBCAA,4.5,2884
태국,방콕,맛집,NAAM 1608,13.7360369,100.5099487,ChIJQwxg5faZ4jARsduVVYDfCgA,https://maps.google.com/?cid=3060492051798961&g_mp=CiVnb29nbGUubWFwcy5wbGFjZXMudjEuUGxhY2VzLkdldFBsYWNlEAIYBCAA,4.6,2888
프랑스,파리,명소,Maison Gainsbourg,48.857498,2.3311509,ChIJNzXxH5pv5kcR8-zHC1e9BtM,https://maps.google.com/?cid=15206049373420514547&g_mp=CiVnb29nbGUubWFwcy5wbGFjZXMudjEuUGxhY2VzLkdldFBsYWNlEAIYBCAA,4.8,2879
스페인,바르셀로나,맛집,Brunch & Cake,41.3940616,2.1714857,ChIJxWOTSr-jpBIRXlIniKQSies,https://maps.google.com/?cid=16972117168590639710&g_mp=CiVnb29nbGUubWFwcy5wbGFjZXMudjEuUGxhY2VzLkdldFBsYWNlEAIYBCAA,4.7,2868
베트남,호치민,맛집,ỐC DÌ TOÀN | ỐC NGON RESTAURANT | ỐC NGON NGUYỄN GIA TRÍ | ỐC TRƯA | QUÁN NGON QUẬN BÌNH THẠNH,10.8031358,106.7152753,ChIJ_dwjLv8pdTERhkSTIN3fIwI,https://maps.google.com/?cid=154212953088017542&g_mp=CiVnb29nbGUubWFwcy5wbGFjZXMudjEuUGxhY2VzLkdldFBsYWNlEAIYBCAA,4.9,2844
영국,런던,카페,Maison Bertaux,51.5133448,-0.13021,ChIJ87v_k9IEdkgR2vAfuejGjpA,https://maps.google.com/?cid=10416481690995126490&g_mp=CiVnb29nbGUubWFwcy5wbGFjZXMudjEuUGxhY2VzLkdldFBsYWNlEAIYBCAA,4.4,2831
독일,베를린,맛집,Katz Orange,52.5314438,13.3946245,ChIJQ2g8mO9RqEcRpOSC8NXG7io,https://maps.google.com/?cid=3093628616215553188&g_mp=CiVnb29nbGUubWFwcy5wbGFjZXMudjEuUGxhY2VzLkdldFBsYWNlEAIYBCAA,4.5,2820
호주,멜버른,맛집,Pellegrini's Espresso Bar,-37.8117189,144.9712084,ChIJlfjfvchC1moRCNO0EIFZ1vo,https://maps.google.com/?cid=18074732565364003592&g_mp=CiVnb29nbGUubWFwcy5wbGFjZXMudjEuUGxhY2VzLkdldFBsYWNlEAIYBCAA,4.4,2821
오스트리아,빈,카페,Café Savoy,48.1975961,16.3601647,ChIJXxo-xIUHbUcReJN7rm14u3k,https://maps.google.com/?cid=8771737111708275576&g_mp=CiVnb29nbGUubWFwcy5wbGFjZXMudjEuUGxhY2VzLkdldFBsYWNlEAIYBCAA,4.5,2808
호주,시드니,맛집,Harry's Café de Wheels - Woolloomooloo,-33.8692049,151.2211607,ChIJe_2ak22uEmsRnSWFP7OKD4k,https://maps.google.com/?cid=9876265010316256669&g_mp=CiVnb29nbGUubWFwcy5wbGFjZXMudjEuUGxhY2VzLkdldFBsYWNlEAIYBCAA,4.3,2805
이탈리아,로마,맛집,Al 34,41.9060884,12.4807638,ChIJUeFgqVVgLxMR7Jj7Dgq0YVs,https://maps.google.com/?cid=6584742085486418156&g_mp=CiVnb29nbGUubWFwcy5wbGFjZXMudjEuUGxhY2VzLkdldFBsYWNlEAIYBCAA,4.2,2802
호주,멜버른,명소,Coles Spencer St,-37.8150524,144.9520136,ChIJJe-uGk9d1moRCdi76rGl93s,https://maps.google.com/?cid=8932790569478641673&g_mp=CiVnb29nbGUubWFwcy5wbGFjZXMudjEuUGxhY2VzLkdldFBsYWNlEAIYBCAA,4.2,2791
프랑스,파리,맛집,Au Chien Qui Fume‎‎,48.861347,2.3448037,ChIJ9UCeqhhu5kcRqy9I3duxap0,https://maps.google.com/?cid=11343074169354465195&g_mp=CiVnb29nbGUubWFwcy5wbGFjZXMudjEuUGxhY2VzLkdldFBsYWNlEAIYBCAA,4,2788
대한민국,제주도,박물관/미술관,Bonte Museum,33.3038302,126.3925024,ChIJo-2J3MpbDDURwt7eESbeFoU,https://maps.google.com/?cid=9590096711621992130&g_mp=CiVnb29nbGUubWFwcy5wbGFjZXMudjEuUGxhY2VzLkdldFBsYWNlEAIYBCAA,4.3,2763
체코,프라하,맛집,Plaza Prague Hotel,50.1078245,14.4501103,ChIJb5FpR7OUC0cRAEkNUyZwWlc,https://maps.google.com/?cid=6294466739108137216&g_mp=CiVnb29nbGUubWFwcy5wbGFjZXMudjEuUGxhY2VzLkdldFBsYWNlEAIYBCAA,4.4,2756
대한민국,제주,카페,Starbucks,33.4727973,126.3487103,ChIJr0fN7R_0DDURw06gobEHQ0Y,https://maps.google.com/?cid=5062898865596812995&g_mp=CiVnb29nbGUubWFwcy5wbGFjZXMudjEuUGxhY2VzLkdldFBsYWNlEAIYBCAA,4.1,2707
대한민국,제주도,명소,Olympic Hall,37.5147044,127.1275107,ChIJXY8xt4mvfDUR-EANRNlbQks,https://maps.google.com/?cid=5422997890015248632&g_mp=CiVnb29nbGUubWFwcy5wbGFjZXMudjEuUGxhY2VzLkdldFBsYWNlEAIYBCAA,4.3,2697
스페인,마드리드,명소,María Guerrero Theatre,40.4228892,-3.6929763,ChIJ-yLOU4UoQg0RAV55ch0Qz4A,https://maps.google.com/?cid=9281655075694534145&g_mp=CiVnb29nbGUubWFwcy5wbGFjZXMudjEuUGxhY2VzLkdldFBsYWNlEAIYBCAA,4.6,2656
독일,베를린,카페,44 Brekkie,52.5368221,13.4205708,ChIJveOTmzRPqEcRfvfqW413wyo,https://maps.google.com/?cid=3081438019067770750&g_mp=CiVnb29nbGUubWFwcy5wbGFjZXMudjEuUGxhY2VzLkdldFBsYWNlEAIYBCAA,4.6,2653
베트남,호치민,맛집,BiaCraft Le Ngo Cat | D.3,10.7763648,106.6854815,ChIJycEc_iQvdTERGgHSAJ0sWUY,https://maps.google.com/?cid=5069131908417454362&g_mp=CiVnb29nbGUubWFwcy5wbGFjZXMudjEuUGxhY2VzLkdldFBsYWNlEAIYBCAA,4.5,2638
일본,오사카,명소,Satsukiyama Zoo,34.8305512,135.4252291,ChIJDXNt7DP3AGARa2eMjGiO1dY,https://maps.google.com/?cid=15480435873841702763&g_mp=CiVnb29nbGUubWFwcy5wbGFjZXMudjEuUGxhY2VzLkdldFBsYWNlEAIYBCAA,4.1,2626
대한민국,부산,명소,국립부산과학관,35.2046875,129.212689,ChIJVVVVVWTraDURZi-D6YCQOc0,https://maps.google.com/?cid=14788009734795636582&g_mp=CiVnb29nbGUubWFwcy5wbGFjZXMudjEuUGxhY2VzLkdldFBsYWNlEAIYBCAA,4.6,2611
대한민국,제주도,박물관/미술관,Jeju Haenyeo Museum,33.5236474,126.8634357,ChIJdU_EpXYWDTURfTQfg14zAKw,https://maps.google.com/?cid=12393962655543407741&g_mp=CiVnb29nbGUubWFwcy5wbGFjZXMudjEuUGxhY2VzLkdldFBsYWNlEAIYBCAA,4.3,2601
대한민국,부산,맛집,Gaemi-jip Seomyeon 1st street,35.1540323,129.0582795,ChIJVze0S3DraDURTULdlBf7c5w,https://maps.google.com/?cid=11273630370938831437&g_mp=CiVnb29nbGUubWFwcy5wbGFjZXMudjEuUGxhY2VzLkdldFBsYWNlEAIYBCAA,4.2,2590
대한민국,부산,해변,Haeundae Beach,35.1586975,129.1603842,ChIJXwf-DlyNaDURmKxjwdWxY5k,https://maps.google.com/?cid=11052873442128014488&g_mp=CiVnb29nbGUubWFwcy5wbGFjZXMudjEuUGxhY2VzLkdldFBsYWNlEAIYBCAA,4.6,2585
스페인,바르셀로나,맛집,Asador Vic Braseria - Restaurante de Carne Barcelona,41.397233,2.179491,ChIJXReUNOGipBIRdz0OlZXn7yc,https://maps.google.com/?cid=2877773316549918071&g_mp=CiVnb29nbGUubWFwcy5wbGFjZXMudjEuUGxhY2VzLkdldFBsYWNlEAIYBCAA,4.5,2577
체코,프라하,맛집,Čestr,50.0795491,14.4324351,ChIJb4vOCZKUC0cRoeAoWEWNC50,https://maps.google.com/?cid=11316293817669836961&g_mp=CiVnb29nbGUubWFwcy5wbGFjZXMudjEuUGxhY2VzLkdldFBsYWNlEAIYBCAA,4.6,2577
네덜란드,암스테르담,맛집,Restaurant Antonio’s,52.3635953,4.8849521,ChIJcz1cEOkJxkcRuHe8EWcVVEs,https://maps.google.com/?cid=5427986983311669176&g_mp=CiVnb29nbGUubWFwcy5wbGFjZXMudjEuUGxhY2VzLkdldFBsYWNlEAIYBCAA,4.4,2564
독일,뮌헨,맛집,Hotel Deutsche Eiche,48.1327495,11.5764049,ChIJuWG8S2DfnUcRbT-8T9g5EVY,https://maps.google.com/?cid=6201801763079339885&g_mp=CiVnb29nbGUubWFwcy5wbGFjZXMudjEuUGxhY2VzLkdldFBsYWNlEAIYBCAA,4.5,2552
스페인,바르셀로나,맛집,33|45 Bar & Gallery,41.3810806,2.1674722,ChIJs98tgfWipBIRjEcfV5iMdXU,https://maps.google.com/?cid=8463825660637300620&g_mp=CiVnb29nbGUubWFwcy5wbGFjZXMudjEuUGxhY2VzLkdldFBsYWNlEAIYBCAA,4.3,2552
대한민국,부산,카페,Momos Coffee Flagship Store,35.2193108,129.0864105,ChIJreN6qpCTaDUR9xahob7glK4,https://maps.google.com/?cid=12579926768512734967&g_mp=CiVnb29nbGUubWFwcy5wbGFjZXMudjEuUGxhY2VzLkdldFBsYWNlEAIYBCAA,4.4,2541
영국,런던,맛집,Benares Mayfair,51.5098466,-0.1450789,ChIJAStk3ysFdkgR8XBBK_CEfuU,https://maps.google.com/?cid=16536801048803766513&g_mp=CiVnb29nbGUubWFwcy5wbGFjZXMudjEuUGxhY2VzLkdldFBsYWNlEAIYBCAA,4.4,2537
이탈리아,로마,맛집,Trattoria Sapori Di Casa,41.9033791,12.5083245,ChIJJ74qvZ9hLxMRSV3mnLL8Mek,https://maps.google.com/?cid=16803489528762752329&g_mp=CiVnb29nbGUubWFwcy5wbGFjZXMudjEuUGxhY2VzLkdldFBsYWNlEAIYBCAA,4.5,2508
스페인,바르셀로나,카페,Cafè de l'Òpera,41.3809489,2.173778,ChIJa5sR4_eipBIRaB7gutbKtYo,https://maps.google.com/?cid=9995117971625746024&g_mp=CiVnb29nbGUubWFwcy5wbGFjZXMudjEuUGxhY2VzLkdldFBsYWNlEAIYBCAA,4,2498
이탈리아,피렌체,맛집,Casa Toscana,43.7695498,11.2614941,ChIJ1YV3UgZUKhMRdahKmrJiwU0,https://maps.google.com/?cid=5602867930657892469&g_mp=CiVnb29nbGUubWFwcy5wbGFjZXMudjEuUGxhY2VzLkdldFBsYWNlEAIYBCAA,4.5,2481
영국,런던,맛집,Chutney Mary,51.5057071,-0.1387172,ChIJlf7qr30FdkgRO_GDYpaNlR4,https://maps.google.com/?cid=2203823269705150779&g_mp=CiVnb29nbGUubWFwcy5wbGFjZXMudjEuUGxhY2VzLkdldFBsYWNlEAIYBCAA,4.4,2465
스페인,마드리드,맛집,FOGG BAR,40.4080619,-3.6764862,ChIJv9OX-RkmQg0RPfsrHa2xQx8,https://maps.google.com/?cid=2252839595692260157&g_mp=CiVnb29nbGUubWFwcy5wbGFjZXMudjEuUGxhY2VzLkdldFBsYWNlEAIYBCAA,4.6,2461
오스트리아,빈,자연/힐링,Grüner See,47.5415625,15.0557646,ChIJz60W4GflcUcRbA18-WNyA5Q,https://maps.google.com/?cid=10665494116256451948&g_mp=CiVnb29nbGUubWFwcy5wbGFjZXMudjEuUGxhY2VzLkdldFBsYWNlEAIYBCAA,4.7,2457
베트남,호치민,맛집,Pizza Hut,10.797157,106.6907281,ChIJLRahXdAodTER3tjA-9KozDQ,https://maps.google.com/?cid=3804601409341544670&g_mp=CiVnb29nbGUubWFwcy5wbGFjZXMudjEuUGxhY2VzLkdldFBsYWNlEAIYBCAA,4.6,2453
호주,멜버른,맛집,Sassy Italian Restaurant,-37.8070035,144.9425483,ChIJS0RmHSZd1moRlfTiaBYdZDk,https://maps.google.com/?cid=4135462339919148181&g_mp=CiVnb29nbGUubWFwcy5wbGFjZXMudjEuUGxhY2VzLkdldFBsYWNlEAIYBCAA,4.7,2432
스페인,마드리드,맛집,Ginos,40.413652,-3.669913,ChIJMWnaLKgoQg0R7pwqjMaSosc,https://maps.google.com/?cid=14385221541227568366&g_mp=CiVnb29nbGUubWFwcy5wbGFjZXMudjEuUGxhY2VzLkdldFBsYWNlEAIYBCAA,4,2432
오스트리아,빈,맛집,Restaurant Danieli,48.2059348,16.3718856,ChIJCeAJl54HbUcRn19yv-Sk7hg,https://maps.google.com/?cid=1796554603738849183&g_mp=CiVnb29nbGUubWFwcy5wbGFjZXMudjEuUGxhY2VzLkdldFBsYWNlEAIYBCAA,4.1,2431
태국,방콕,명소,Wat Maha That Yuvarat Rangsarit Ratchaworamahawihan,13.7548375,100.4914531,ChIJA7PG9AuZ4jARIyvh-TR_wkA,https://maps.google.com/?cid=4666432029416565539&g_mp=CiVnb29nbGUubWFwcy5wbGFjZXMudjEuUGxhY2VzLkdldFBsYWNlEAIYBCAA,4.6,2429
프랑스,파리,맛집,Aux Trois Maillets,48.8615447,2.3488727,ChIJ9Z3LNRlu5kcRKZvMCyLiEOQ,https://maps.google.com/?cid=16433883676129663785&g_mp=CiVnb29nbGUubWFwcy5wbGFjZXMudjEuUGxhY2VzLkdldFBsYWNlEAIYBCAA,4,2420
오스트리아,빈,맛집,Loos American Bar,48.207172,16.3712536,ChIJC7AEzp4HbUcRO5T5ui_DBiA,https://maps.google.com/?cid=2307746468841755707&g_mp=CiVnb29nbGUubWFwcy5wbGFjZXMudjEuUGxhY2VzLkdldFBsYWNlEAIYBCAA,4.2,2411
오스트리아,빈,공원/정원,Pötzleinsdorfer Schlosspark,48.2412413,16.303184,ChIJsV-kL1gIbUcRhsRqRxdMeM8,https://maps.google.com/?cid=14949782625922499718&g_mp=CiVnb29nbGUubWFwcy5wbGFjZXMudjEuUGxhY2VzLkdldFBsYWNlEAIYBCAA,4.7,2400
프랑스,파리,맛집,Les Nautes,48.852247,2.360301,ChIJgTvVPPxx5kcRVHHg6vF31Yo,https://maps.google.com/?cid=10004034028184826196&g_mp=CiVnb29nbGUubWFwcy5wbGFjZXMudjEuUGxhY2VzLkdldFBsYWNlEAIYBCAA,4.3,2398
대한민국,제주도,박물관/미술관,Jeju Folklore and Natural History Museum,33.5065067,126.5316239,ChIJQXh4L638DDURIxaAwjktLr8,https://maps.google.com/?cid=13775998036272485923&g_mp=CiVnb29nbGUubWFwcy5wbGFjZXMudjEuUGxhY2VzLkdldFBsYWNlEAIYBCAA,4.2,2385
대한민국,부산,박물관/미술관,ARTE MUSEUM Busan,35.0870682,129.076373,ChIJvX_SQwDvaDURS28S4RX5ZVM,https://maps.google.com/?cid=6009483150161506123&g_mp=CiVnb29nbGUubWFwcy5wbGFjZXMudjEuUGxhY2VzLkdldFBsYWNlEAIYBCAA,4.9,2374
호주,퍼스,밋집,C.Y. O'Connor Village Pub,-32.1178856,115.9144038,ChIJBx77zPaWMioR83jGdxAwM_Y,https://maps.google.com/?cid=17740576204429621491&g_mp=CiVnb29nbGUubWFwcy5wbGFjZXMudjEuUGxhY2VzLkdldFBsYWNlEAIYBCAA,4.2,2374
호주,퍼스,카페,Chinta,-31.926323,115.849973,ChIJw1ijMR9CrwERHkF-1wza7e8,https://maps.google.com/?cid=17288714293235040542&g_mp=CiVnb29nbGUubWFwcy5wbGFjZXMudjEuUGxhY2VzLkdldFBsYWNlEAIYBCAA,4.3,2357
독일,베를린,맛집,Aiko,52.53054,13.40033,ChIJH7xk--RRqEcRV80_iDg9rlQ,https://maps.google.com/?cid=6101881858146946391&g_mp=CiVnb29nbGUubWFwcy5wbGFjZXMudjEuUGxhY2VzLkdldFBsYWNlEAIYBCAA,4.3,2352
스페인,마드리드,맛집,Bareto Atocha,40.4091289,-3.6925063,ChIJH7W3OocnQg0RlOQAQWiquTU,https://maps.google.com/?cid=3871312719445550228&g_mp=CiVnb29nbGUubWFwcy5wbGFjZXMudjEuUGxhY2VzLkdldFBsYWNlEAIYBCAA,4.1,2349
베트남,다낭,맛집,SIX ON SIX CAFE - BRUNCH & RESTAURANT,16.0432336,108.2442276,ChIJiaXn52YXQjERbd2jnJ1Xmg0,https://maps.google.com/?cid=980192203355970925&g_mp=CiVnb29nbGUubWFwcy5wbGFjZXMudjEuUGxhY2VzLkdldFBsYWNlEAIYBCAA,4.8,2345
대한민국,부산,박물관/미술관,National Fisheries Science Museum,35.1934284,129.2243149,ChIJz4VmShyMaDURs8MlB4Mibb4,https://maps.google.com/?cid=13721661585823744947&g_mp=CiVnb29nbGUubWFwcy5wbGFjZXMudjEuUGxhY2VzLkdldFBsYWNlEAIYBCAA,4.4,2335
프랑스,파리,맛집,Café des Arts,48.8591072,2.3401913,ChIJv0hbISFu5kcR0_W-yPtYdzA,https://maps.google.com/?cid=3492357874477102547&g_mp=CiVnb29nbGUubWFwcy5wbGFjZXMudjEuUGxhY2VzLkdldFBsYWNlEAIYBCAA,4.2,2327
대한민국,서울,역사,Bosingak Bell Pavilion,37.5697599,126.9836604,ChIJpQq3J-mifDURzf9EkbTK-0E,https://maps.google.com/?cid=4754616708499832781&g_mp=CiVnb29nbGUubWFwcy5wbGFjZXMudjEuUGxhY2VzLkdldFBsYWNlEAIYBCAA,4.2,2315
체코,프라하,맛집,V Zátiší,50.0844414,14.4164032,ChIJK8NWCe-UC0cRuMPBeoI0Ai8,https://maps.google.com/?cid=3387327604745946040&g_mp=CiVnb29nbGUubWFwcy5wbGFjZXMudjEuUGxhY2VzLkdldFBsYWNlEAIYBCAA,4.7,2305
대한민국,제주도,박물관/미술관,Lee Jung Seob Art Gallery,33.2458403,126.56494,ChIJn-x9SZ5TDDURM5bF6miRzdQ,https://maps.google.com/?cid=15334072186067850803&g_mp=CiVnb29nbGUubWFwcy5wbGFjZXMudjEuUGxhY2VzLkdldFBsYWNlEAIYBCAA,4.2,2298
프랑스,파리,카페,2D atelier,48.8654439,2.3573972,ChIJsZBtRQVu5kcRkh6_Q8EOZTY,https://maps.google.com/?cid=3919555273923960466&g_mp=CiVnb29nbGUubWFwcy5wbGFjZXMudjEuUGxhY2VzLkdldFBsYWNlEAIYBCAA,4.7,2291
체코,프라하,맛집,Zapomenutý Čas,50.0763778,14.4342639,ChIJCYK69o6UC0cREurxEk3d8eM,https://maps.google.com/?cid=16425152639096973842&g_mp=CiVnb29nbGUubWFwcy5wbGFjZXMudjEuUGxhY2VzLkdldFBsYWNlEAIYBCAA,4.5,2288
이탈리아,베네치아,맛집,Arcicchetti Bakaro,45.4375198,12.3213659,ChIJhRFKz8exfkcRc6RYR9ATE3s,https://maps.google.com/?cid=8868453876493755507&g_mp=CiVnb29nbGUubWFwcy5wbGFjZXMudjEuUGxhY2VzLkdldFBsYWNlEAIYBCAA,4.8,2278
대한민국,부산,맛집,Haemok Haeundae,35.1617808,129.1596666,ChIJ-ebR3l2NaDURmbr14mvrOMU,https://maps.google.com/?cid=14211367472769383065&g_mp=CiVnb29nbGUubWFwcy5wbGFjZXMudjEuUGxhY2VzLkdldFBsYWNlEAIYBCAA,4.4,2287
대한민국,서울,박물관/미술관,"National Museum of Modern and Contemporary Art, Deoksugung",37.5658959,126.9736922,ChIJn6buHI2ifDURw28h3P238AQ,https://maps.google.com/?cid=355986671510056899&g_mp=CiVnb29nbGUubWFwcy5wbGFjZXMudjEuUGxhY2VzLkdldFBsYWNlEAIYBCAA,4.6,2271
체코,프라하,카페,Antonínovo pekařství,50.0789113,14.4504047,ChIJu_8w6ZyUC0cR0P9Aypbx1xY,https://maps.google.com/?cid=1646049818767851472&g_mp=CiVnb29nbGUubWFwcy5wbGFjZXMudjEuUGxhY2VzLkdldFBsYWNlEAIYBCAA,4.5,2260
호주,시드니,역사,Anzac Memorial,-33.8757279,151.2109614,ChIJHcp-IhauEmsRpZgdrgraXjc,https://maps.google.com/?cid=3989866059302541477&g_mp=CiVnb29nbGUubWFwcy5wbGFjZXMudjEuUGxhY2VzLkdldFBsYWNlEAIYBCAA,4.7,2257
스페인,마드리드,맛집,Tasca Celso y Manolo,40.4202699,-3.6974864,ChIJxcIoL4QoQg0RWDyjjXQrsy4,https://maps.google.com/?cid=3365081126168378456&g_mp=CiVnb29nbGUubWFwcy5wbGFjZXMudjEuUGxhY2VzLkdldFBsYWNlEAIYBCAA,4.1,2254
오스트리아,빈,맛집,Salonplafond im MAK,48.2079886,16.3817786,ChIJzcyhGHUHbUcRKsVavaB5fTk,https://maps.google.com/?cid=4142600963529295146&g_mp=CiVnb29nbGUubWFwcy5wbGFjZXMudjEuUGxhY2VzLkdldFBsYWNlEAIYBCAA,4.3,2245
베트남,호치민,맛집,Mầm Vegetarian - Nhà hàng chay Mầm,10.7968177,106.6731955,ChIJMSJtWJ8pdTERMPx4DNqUeMM,https://maps.google.com/?cid=14085171498834263088&g_mp=CiVnb29nbGUubWFwcy5wbGFjZXMudjEuUGxhY2VzLkdldFBsYWNlEAIYBCAA,4.8,2234
대한민국,서울,박물관/미술관,Daelim Museum,37.5775023,126.9733626,ChIJid45GuqifDUR8KZ5et7ShA8,https://maps.google.com/?cid=1118250460474091248&g_mp=CiVnb29nbGUubWFwcy5wbGFjZXMudjEuUGxhY2VzLkdldFBsYWNlEAIYBCAA,4.2,2223
이탈리아,로마,명소,Santa Prassede,41.8964622,12.4987254,ChIJqfIiLbthLxMRlfAZLBtfCl8,https://maps.google.com/?cid=6848390753678913685&g_mp=CiVnb29nbGUubWFwcy5wbGFjZXMudjEuUGxhY2VzLkdldFBsYWNlEAIYBCAA,4.8,2218
체코,프라하,맛집,Na Kačabce,50.0485484,14.5244606,ChIJ42X6F12SC0cRIB64sMj5cX4,https://maps.google.com/?cid=9111338161500855840&g_mp=CiVnb29nbGUubWFwcy5wbGFjZXMudjEuUGxhY2VzLkdldFBsYWNlEAIYBCAA,4.6,2217
체코,프라하,명소,Malá Chuchle zoo,50.0228142,14.38795,ChIJfR4MDpqWC0cRVPPfiWCvlIE,https://maps.google.com/?cid=9337280756610757460&g_mp=CiVnb29nbGUubWFwcy5wbGFjZXMudjEuUGxhY2VzLkdldFBsYWNlEAIYBCAA,4.6,2205
베트남,다낭,카페,Nia Coffee,16.0529845,108.2214719,ChIJUdH0Q88ZQjER0AoQ8Pbil28,https://maps.google.com/?cid=8041145209910725328&g_mp=CiVnb29nbGUubWFwcy5wbGFjZXMudjEuUGxhY2VzLkdldFBsYWNlEAIYBCAA,4.3,2180
스페인,바르셀로나,맛집,Bocca di Bonifacio Tetuan,41.3925658,2.1767555,ChIJla8-kMqjpBIRbUOABJrzlE4,https://maps.google.com/?cid=5662418474337583981&g_mp=CiVnb29nbGUubWFwcy5wbGFjZXMudjEuUGxhY2VzLkdldFBsYWNlEAIYBCAA,4.4,2168
호주,멜버른,명소,Cooks' Cottage,-37.8145006,144.9794476,ChIJFf1Da8FC1moR7xVAiUvPufQ,https://maps.google.com/?cid=17634353739278063087&g_mp=CiVnb29nbGUubWFwcy5wbGFjZXMudjEuUGxhY2VzLkdldFBsYWNlEAIYBCAA,4.4,2157
호주,퍼스,자연/힐링,Tomato Lake,-31.9768926,115.9335065,ChIJUZExNve7MioRYK3xGLbwBA8,https://maps.google.com/?cid=1082254475368967520&g_mp=CiVnb29nbGUubWFwcy5wbGFjZXMudjEuUGxhY2VzLkdldFBsYWNlEAIYBCAA,4.5,2155
호주,멜버른,광장,Prahran Market,-37.8465319,144.9924355,ChIJ08R9xSVo1moRyE4-ltkfD9o,https://maps.google.com/?cid=15712812644307979976&g_mp=CiVnb29nbGUubWFwcy5wbGFjZXMudjEuUGxhY2VzLkdldFBsYWNlEAIYBCAA,4.5,2152
영국,런던,맛집,Bibimbap Soho,51.5144005,-0.1309395,ChIJY3boyNIEdkgRNE2VayvElt8,https://maps.google.com/?cid=16111280407732112692&g_mp=CiVnb29nbGUubWFwcy5wbGFjZXMudjEuUGxhY2VzLkdldFBsYWNlEAIYBCAA,4.3,2149
베트남,호치민,카페,The Coffee House,10.7730033,106.6871704,ChIJxTkpViMvdTERN8J6hD0METE,https://maps.google.com/?cid=3535620640817726007&g_mp=CiVnb29nbGUubWFwcy5wbGFjZXMudjEuUGxhY2VzLkdldFBsYWNlEAIYBCAA,4.3,2143
베트남,호치민,자연/힐링,Turtle Lake,10.7826608,106.695915,ChIJLZQ5kzYvdTERU-9wjUBhXC4,https://maps.google.com/?cid=3340651953480855379&g_mp=CiVnb29nbGUubWFwcy5wbGFjZXMudjEuUGxhY2VzLkdldFBsYWNlEAIYBCAA,4.4,2134
베트남,호치민,카페,The Coffee House - Lê Văn Sỹ,10.7943106,106.667886,ChIJbS2MrSsvdTERBko9X3g3J0s,https://maps.google.com/?cid=5415358067069766150&g_mp=CiVnb29nbGUubWFwcy5wbGFjZXMudjEuUGxhY2VzLkdldFBsYWNlEAIYBCAA,4.3,2123
일본,도쿄,역사,State Guest House Akasaka Palace,35.6803545,139.7287774,ChIJE7t5RL-LGGARcK_0zdY8yyU,https://maps.google.com/?cid=2723337292951629680&g_mp=CiVnb29nbGUubWFwcy5wbGFjZXMudjEuUGxhY2VzLkdldFBsYWNlEAIYBCAA,4.6,2123
대한민국,제주도,명소,Dynamic Maze Jeju,33.399111,126.7850112,ChIJS7A6GosPDTURPZGO2Kplick,https://maps.google.com/?cid=14522250257884942653&g_mp=CiVnb29nbGUubWFwcy5wbGFjZXMudjEuUGxhY2VzLkdldFBsYWNlEAIYBCAA,4.2,2122
베트남,호치민,카페,The Coffee House,10.7740621,106.6685195,ChIJz4hqg9sudTERs8_GOcdjazU,https://maps.google.com/?cid=3849280013837193139&g_mp=CiVnb29nbGUubWFwcy5wbGFjZXMudjEuUGxhY2VzLkdldFBsYWNlEAIYBCAA,4.2,2109
태국,방콕,맛집,Big Su Beef Noodle • 陈牛肉面-曼谷 • 진 쇠고기 국수 • チンギュウニクメン ก๋วยเตี๋ยวเนื้อบิ๊กสุ ราชวัตร,13.7803133,100.5206875,ChIJa-ur0VeZ4jARg79oBoTYozs,https://maps.google.com/?cid=4297516530996395907&g_mp=CiVnb29nbGUubWFwcy5wbGFjZXMudjEuUGxhY2VzLkdldFBsYWNlEAIYBCAA,4.4,2110
호주,시드니,박물관/미술관,Hyde Park Barracks,-33.8696036,151.212585,ChIJv2Yr02quEmsRTqyo1N7vfeE,https://maps.google.com/?cid=16248406770952219726&g_mp=CiVnb29nbGUubWFwcy5wbGFjZXMudjEuUGxhY2VzLkdldFBsYWNlEAIYBCAA,4.7,2098
영국,런던,명소,Hobbledown Heath,51.4594006,-0.396479,ChIJqfua7FhzdkgRqSRaMoloxR0,https://maps.google.com/?cid=2145235735976486057&g_mp=CiVnb29nbGUubWFwcy5wbGFjZXMudjEuUGxhY2VzLkdldFBsYWNlEAIYBCAA,4.4,2097
대한민국,서울,자연/힐링,Hangang Bridge,37.516708,126.9580742,ChIJIzPFp_yhfDURUJf5Uiad6Yc,https://maps.google.com/?cid=9793531652620261200&g_mp=CiVnb29nbGUubWFwcy5wbGFjZXMudjEuUGxhY2VzLkdldFBsYWNlEAIYBCAA,4.5,2069
프랑스,파리,역사,Crypte Archéologique de l'İle de la Cité,48.8536504,2.3477148,ChIJRXokduFx5kcRUL13_Nz_D_M,https://maps.google.com/?cid=17514498800460741968&g_mp=CiVnb29nbGUubWFwcy5wbGFjZXMudjEuUGxhY2VzLkdldFBsYWNlEAIYBCAA,4.3,2064
독일,베를린,맛집,Zum Nußbaum,52.5171608,13.4071618,ChIJbbG87CBOqEcR7bME-DQiD5o,https://maps.google.com/?cid=11101129217386263533&g_mp=CiVnb29nbGUubWFwcy5wbGFjZXMudjEuUGxhY2VzLkdldFBsYWNlEAIYBCAA,4.3,2062
대한민국,제주도,맛집,Jeju Gwanghae Aewol Main Branch,33.4877605,126.3904307,ChIJB0t1zSfxDDURnYEUbuKVTWs,https://maps.google.com/?cid=7732000935006994845&g_mp=CiVnb29nbGUubWFwcy5wbGFjZXMudjEuUGxhY2VzLkdldFBsYWNlEAIYBCAA,4.5,2048
독일,베를린,박물관/미술관,German Resistance Memorial Center,52.5076673,13.3628649,ChIJr9X1nrRRqEcRy0cY81vpXZg,https://maps.google.com/?cid=10979188047728887755&g_mp=CiVnb29nbGUubWFwcy5wbGFjZXMudjEuUGxhY2VzLkdldFBsYWNlEAIYBCAA,4.6,2045
대한민국,서울,박물관/미술관,SeMA - Seoul Museum of Art,37.5640625,126.9738125,ChIJ7flynb6jfDURr_2yp5gZwmQ,https://maps.google.com/?cid=7260393692713909679&g_mp=CiVnb29nbGUubWFwcy5wbGFjZXMudjEuUGxhY2VzLkdldFBsYWNlEAIYBCAA,4.6,2043
오스트리아,빈,카페,Café Rüdigerhof,48.1953311,16.3551165,ChIJb4IJjIgHbUcRgZzz7PM6N00,https://maps.google.com/?cid=5563980683966389377&g_mp=CiVnb29nbGUubWFwcy5wbGFjZXMudjEuUGxhY2VzLkdldFBsYWNlEAIYBCAA,4.4,2034
베트남,호치민,맛집,Nhà hàng chay Zen House (Zenhouse Cafe & Vegetarian Restaurant),10.7879793,106.6564972,ChIJY-fIo_UvdTER6000m89c9jo,https://maps.google.com/?cid=4248685345202523627&g_mp=CiVnb29nbGUubWFwcy5wbGFjZXMudjEuUGxhY2VzLkdldFBsYWNlEAIYBCAA,4.8,2022
대한민국,부산,박물관/미술관,Busan Museum,35.1295178,129.094151,ChIJj7HuT17saDURiOQF4QwNqF8,https://maps.google.com/?cid=6892773578656572552&g_mp=CiVnb29nbGUubWFwcy5wbGFjZXMudjEuUGxhY2VzLkdldFBsYWNlEAIYBCAA,4.4,2013
스페인,마드리드,맛집,Al son de Cuba,40.403091,-3.6905626,ChIJDay5FkgnQg0RA7Rr4_fif6Y,https://maps.google.com/?cid=11997557486638576643&g_mp=CiVnb29nbGUubWFwcy5wbGFjZXMudjEuUGxhY2VzLkdldFBsYWNlEAIYBCAA,4.5,2007
베트남,다낭,맛집,My Casa,16.0717751,108.2427547,ChIJz0Od5IUXQjERmAV9JgLRqm8,https://maps.google.com/?cid=8046473491416679832&g_mp=CiVnb29nbGUubWFwcy5wbGFjZXMudjEuUGxhY2VzLkdldFBsYWNlEAIYBCAA,4.6,1998
호주,퍼스,명소,Perth's Outback Splash,-31.654397,115.958319,ChIJd5fo__FLzSsRtkJeBqZxsm0,https://maps.google.com/?cid=7904505253873992374&g_mp=CiVnb29nbGUubWFwcy5wbGFjZXMudjEuUGxhY2VzLkdldFBsYWNlEAIYBCAA,4.4,1997
영국,런던,맛집,Bentley's Oyster Bar & Grill,51.5095467,-0.1376725,ChIJr-SGMSqm2EcRJzf-wRsCj6E,https://maps.google.com/?cid=11641525880018056999&g_mp=CiVnb29nbGUubWFwcy5wbGFjZXMudjEuUGxhY2VzLkdldFBsYWNlEAIYBCAA,4.5,1992
스페인,마드리드,카페,Adorado Bar Lavapies,40.4106219,-3.7046934,ChIJz-wX48onQg0R7LGQ1alsUCM,https://maps.google.com/?cid=2544653266152632812&g_mp=CiVnb29nbGUubWFwcy5wbGFjZXMudjEuUGxhY2VzLkdldFBsYWNlEAIYBCAA,4.4,1992
영국,런던,맛집,Blue Boar Pub,51.4996033,-0.1320871,ChIJv5zEflsFdkgRQ4jM42Tb-bg,https://maps.google.com/?cid=13328925798544738371&g_mp=CiVnb29nbGUubWFwcy5wbGFjZXMudjEuUGxhY2VzLkdldFBsYWNlEAIYBCAA,4.4,1992
대한민국,부산,명소,Nurimaru APEC House,35.1522807,129.1513648,ChIJlZH9YqmSaDURWj1_pgMoFIo,https://maps.google.com/?cid=9949621472911637850&g_mp=CiVnb29nbGUubWFwcy5wbGFjZXMudjEuUGxhY2VzLkdldFBsYWNlEAIYBCAA,4.4,1984
호주,시드니,카페,Celsius Coffee & Dining,-33.8493454,151.2202245,ChIJR9nGQ4iuEmsRoF6_Y9Rspe8,https://maps.google.com/?cid=17268328005684387488&g_mp=CiVnb29nbGUubWFwcy5wbGFjZXMudjEuUGxhY2VzLkdldFBsYWNlEAIYBCAA,4.1,1961
호주,시드니,카페,San Churro Glebe,-33.8832737,151.1915686,ChIJUZiZPiquEmsRWhFSBuVWCvQ,https://maps.google.com/?cid=17584963236675064154&g_mp=CiVnb29nbGUubWFwcy5wbGFjZXMudjEuUGxhY2VzLkdldFBsYWNlEAIYBCAA,4.7,1948
태국,방콕,명소,Yaowarat Road,13.7373794,100.5129349,ChIJ95Nh9yGZ4jARAjfcG2uIZFg,https://maps.google.com/?cid=6369365766619019010&g_mp=CiVnb29nbGUubWFwcy5wbGFjZXMudjEuUGxhY2VzLkdldFBsYWNlEAIYBCAA,4.7,1945
이탈리아,로마,맛집,Harry's Bar,41.9091464,12.4883077,ChIJiSUvwwBhLxMRGKLkf8lEKkY,https://maps.google.com/?cid=5055929163901608472&g_mp=CiVnb29nbGUubWFwcy5wbGFjZXMudjEuUGxhY2VzLkdldFBsYWNlEAIYBCAA,4.1,1942
이탈리아,베네치아,맛집,Colors,45.4854747,12.2887912,ChIJ4dV6YOqzfkcRlG2DPGqDiRc,https://maps.google.com/?cid=1696031226986720660&g_mp=CiVnb29nbGUubWFwcy5wbGFjZXMudjEuUGxhY2VzLkdldFBsYWNlEAIYBCAA,4.5,1926
독일,뮌헨,카페,Café Jasmin,48.1500671,11.5636885,ChIJ795uy-V1nkcRZR8cyG4lzVA,https://maps.google.com/?cid=5822351050993835877&g_mp=CiVnb29nbGUubWFwcy5wbGFjZXMudjEuUGxhY2VzLkdldFBsYWNlEAIYBCAA,4.3,1926
프랑스,파리,맛집,Le Grand Amalfi,48.8515486,2.3496985,ChIJD5g6OvJx5kcRnX2Dg_k1l28,https://maps.google.com/?cid=8040955005462871453&g_mp=CiVnb29nbGUubWFwcy5wbGFjZXMudjEuUGxhY2VzLkdldFBsYWNlEAIYBCAA,4.6,1924
대한민국,서울,맛집,Mongtan,37.535959,126.9722312,ChIJO85WpN6jfDURVI5DNM9JkCI,https://maps.google.com/?cid=2490571748219784788&g_mp=CiVnb29nbGUubWFwcy5wbGFjZXMudjEuUGxhY2VzLkdldFBsYWNlEAIYBCAA,4.2,1922
대한민국,서울,공원/정원,Changdeokgung Secret Garden,37.5821721,126.9931659,ChIJHyS4wtaifDURHzOOAZM0aWA,https://maps.google.com/?cid=6947141706186634015&g_mp=CiVnb29nbGUubWFwcy5wbGFjZXMudjEuUGxhY2VzLkdldFBsYWNlEAIYBCAA,4.7,1916
독일,뮌헨,맛집,LeDu - Happy Dumplings,48.1475256,11.5775765,ChIJlbZj3Ox1nkcRW8Y8oyI5ctM,https://maps.google.com/?cid=15236303310278149723&g_mp=CiVnb29nbGUubWFwcy5wbGFjZXMudjEuUGxhY2VzLkdldFBsYWNlEAIYBCAA,4.6,1909
스페인,마드리드,자연/힐링,Casa de Campo Lake,40.4189281,-3.7327191,ChIJm-oBEw8oQg0RFNitnq3wPqI,https://maps.google.com/?cid=11691046311182587924&g_mp=CiVnb29nbGUubWFwcy5wbGFjZXMudjEuUGxhY2VzLkdldFBsYWNlEAIYBCAA,4.6,1891
네덜란드,암스테르담,명소,Chinatown,52.3737793,4.9002257,ChIJxUq68XIJxkcRYlRyY3dQv2A,https://maps.google.com/?cid=6971379221892584546&g_mp=CiVnb29nbGUubWFwcy5wbGFjZXMudjEuUGxhY2VzLkdldFBsYWNlEAIYBCAA,4.3,1887
호주,퍼스,카페,Zamia Cafe,-31.966012,115.821964,ChIJpfhyLuKkMioROwscIOlcT_A,https://maps.google.com/?cid=17316161248598690619&g_mp=CiVnb29nbGUubWFwcy5wbGFjZXMudjEuUGxhY2VzLkdldFBsYWNlEAIYBCAA,4.4,1882
베트남,호치민,카페,Soo Kafe,10.772408,106.6972096,ChIJLUnNLj8vdTERtZ0FtgSj9-A,https://maps.google.com/?cid=16210604624372407733&g_mp=CiVnb29nbGUubWFwcy5wbGFjZXMudjEuUGxhY2VzLkdldFBsYWNlEAIYBCAA,4.7,1871
대한민국,서울,박물관/미술관,National Children's Science Center,37.5819633,126.9971523,ChIJW_5aAtaifDUR_inJevWl5qI,https://maps.google.com/?cid=11738251952533350910&g_mp=CiVnb29nbGUubWFwcy5wbGFjZXMudjEuUGxhY2VzLkdldFBsYWNlEAIYBCAA,4.3,1860
네덜란드,암스테르담,맛집,De Sluyswacht,52.3698667,4.9017167,ChIJzccHg74JxkcRufHICkn86wo,https://maps.google.com/?cid=786999950550036921&g_mp=CiVnb29nbGUubWFwcy5wbGFjZXMudjEuUGxhY2VzLkdldFBsYWNlEAIYBCAA,4.4,1844
호주,시드니,맛집,Marble Bar,-33.8715541,151.2072201,ChIJ8SCH9D6uEmsR6tVJtQUo-UY,https://maps.google.com/?cid=5114162856837371370&g_mp=CiVnb29nbGUubWFwcy5wbGFjZXMudjEuUGxhY2VzLkdldFBsYWNlEAIYBCAA,4.3,1840
스페인,마드리드,맛집,ATOCHA TANDOORI,40.4050468,-3.6951497,ChIJN0Y6Uy4mQg0RwQ0szfDkmCU,https://maps.google.com/?cid=2709166898748853697&g_mp=CiVnb29nbGUubWFwcy5wbGFjZXMudjEuUGxhY2VzLkdldFBsYWNlEAIYBCAA,4.6,1836
스페인,바르셀로나,맛집,Restaurant FrescCo,41.3891857,2.1968,ChIJEeX8SA6jpBIRPQIr6q8tCtM,https://maps.google.com/?cid=15207017325341114941&g_mp=CiVnb29nbGUubWFwcy5wbGFjZXMudjEuUGxhY2VzLkdldFBsYWNlEAIYBCAA,4,1835
베트남,호치민,맛집,Pizza Hut,10.8016976,106.6171321,ChIJm0BAfPordTERdRYNdZah_-Q,https://maps.google.com/?cid=16501085227289745013&g_mp=CiVnb29nbGUubWFwcy5wbGFjZXMudjEuUGxhY2VzLkdldFBsYWNlEAIYBCAA,4.9,1822
이탈리아,로마,카페,Caffè Antica Roma,41.888172,12.495895,ChIJkYKl9LdhLxMRmRxGSJdgu1s,https://maps.google.com/?cid=6609983080965217433&g_mp=CiVnb29nbGUubWFwcy5wbGFjZXMudjEuUGxhY2VzLkdldFBsYWNlEAIYBCAA,4.8,1821
베트남,호치민,카페,Cộng Coffee,10.7890403,106.6908921,ChIJv06cZsYvdTERgQki_4ehFbE,https://maps.google.com/?cid=12760282724697246081&g_mp=CiVnb29nbGUubWFwcy5wbGFjZXMudjEuUGxhY2VzLkdldFBsYWNlEAIYBCAA,4.3,1819
프랑스,파리,맛집,Le 404,48.8644682,2.3543194,ChIJM9X48Rpu5kcRavKS94RuvzE,https://maps.google.com/?cid=3584705345778545258&g_mp=CiVnb29nbGUubWFwcy5wbGFjZXMudjEuUGxhY2VzLkdldFBsYWNlEAIYBCAA,4.3,1814
프랑스,파리,맛집,Le Café Plume,48.862231,2.339745,ChIJuU7q9iNu5kcRCujrCnNpmTU,https://maps.google.com/?cid=3862234098272299018&g_mp=CiVnb29nbGUubWFwcy5wbGFjZXMudjEuUGxhY2VzLkdldFBsYWNlEAIYBCAA,4.2,1805
프랑스,파리,카페,BOULANGERIE MODERNE,48.845497,2.3441853,ChIJPbYfEOhx5kcRQYaFqlNa7yg,https://maps.google.com/?cid=2949675596340627009&g_mp=CiVnb29nbGUubWFwcy5wbGFjZXMudjEuUGxhY2VzLkdldFBsYWNlEAIYBCAA,4.5,1793
대한민국,제주,카페,Starbucks,33.249551,126.5067355,ChIJI9qT4HNRDDURhQTJbj4fdKo,https://maps.google.com/?cid=12282476436753286277&g_mp=CiVnb29nbGUubWFwcy5wbGFjZXMudjEuUGxhY2VzLkdldFBsYWNlEAIYBCAA,4.2,1791
스페인,바르셀로나,명소,Basílica de la Puríssima Concepció,41.3945552,2.167251,ChIJD_LeXOyipBIRhIQyizYd3wY,https://maps.google.com/?cid=495146604134827140&g_mp=CiVnb29nbGUubWFwcy5wbGFjZXMudjEuUGxhY2VzLkdldFBsYWNlEAIYBCAA,4.6,1790
오스트리아,빈,맛집,Esterházykeller,48.2101036,16.3673852,ChIJNfGSa5gHbUcR_-z8zDivryw,https://maps.google.com/?cid=3219984917085351167&g_mp=CiVnb29nbGUubWFwcy5wbGFjZXMudjEuUGxhY2VzLkdldFBsYWNlEAIYBCAA,4,1780
대한민국,제주,카페,Youdong Coffee,33.2444906,126.5638992,ChIJe6UTop9TDDURasA2YAnDMQQ,https://maps.google.com/?cid=302237095046856810&g_mp=CiVnb29nbGUubWFwcy5wbGFjZXMudjEuUGxhY2VzLkdldFBsYWNlEAIYBCAA,4.4,1777
대한민국,부산,박물관/미술관,Gimhae National Museum,35.2428023,128.8733713,ChIJGzj1xG_HaDUR6stQUJw4d9c,https://maps.google.com/?cid=15525940484396600298&g_mp=CiVnb29nbGUubWFwcy5wbGFjZXMudjEuUGxhY2VzLkdldFBsYWNlEAIYBCAA,4.4,1777
베트남,호치민,카페,Highlands Coffee,10.7710863,106.6696747,ChIJzXjj2t0udTERbS3XC8KhnQ8,https://maps.google.com/?cid=1125233336706870637&g_mp=CiVnb29nbGUubWFwcy5wbGFjZXMudjEuUGxhY2VzLkdldFBsYWNlEAIYBCAA,4.2,1776
오스트리아,빈,카페,Café Westend,48.1962241,16.3401742,ChIJc9Eny08HbUcR_PEbCzTGCsY,https://maps.google.com/?cid=14270436296103817724&g_mp=CiVnb29nbGUubWFwcy5wbGFjZXMudjEuUGxhY2VzLkdldFBsYWNlEAIYBCAA,4.2,1768
호주,멜버른,맛집,Ayam Penyet Ria,-37.8322623,144.9599669,ChIJ8VSByf9n1moRr9Qy0yIFvQA,https://maps.google.com/?cid=53204417728664751&g_mp=CiVnb29nbGUubWFwcy5wbGFjZXMudjEuUGxhY2VzLkdldFBsYWNlEAIYBCAA,4.5,1757
대한민국,서울,명소,삼청각,37.5972872,126.9841513,ChIJg4GZhDG9fDURTTtku8l0ldE,https://maps.google.com/?cid=15102105335237983053&g_mp=CiVnb29nbGUubWFwcy5wbGFjZXMudjEuUGxhY2VzLkdldFBsYWNlEAIYBCAA,4.2,1755
대한민국,제주도,공원/정원,Jeju Stone Park,33.4485653,126.6586582,ChIJmVjPcCQDDTURapZUEWACgEc,https://maps.google.com/?cid=5152120585342719594&g_mp=CiVnb29nbGUubWFwcy5wbGFjZXMudjEuUGxhY2VzLkdldFBsYWNlEAIYBCAA,4.4,1754
체코,프라하,맛집,Balounova Restaurace U Břízy,50.0426098,14.4804975,ChIJO0DynYqRC0cROUQ0Bp5XKsA,https://maps.google.com/?cid=13846976340524549177&g_mp=CiVnb29nbGUubWFwcy5wbGFjZXMudjEuUGxhY2VzLkdldFBsYWNlEAIYBCAA,4.4,1744
베트남,다낭,맛집,LUK LAK,16.0786949,108.2237004,ChIJUWBNGo0ZQjERJDLv-2XGwe8,https://maps.google.com/?cid=17276307786890687012&g_mp=CiVnb29nbGUubWFwcy5wbGFjZXMudjEuUGxhY2VzLkdldFBsYWNlEAIYBCAA,4.6,1743
대한민국,서울,박물관/미술관,Bank of Korea Money Museum,37.5620577,126.9805633,ChIJc4K75_OifDURwRlXWXxJC_Y,https://maps.google.com/?cid=17729345156497742273&g_mp=CiVnb29nbGUubWFwcy5wbGFjZXMudjEuUGxhY2VzLkdldFBsYWNlEAIYBCAA,4.5,1721
프랑스,파리,맛집,Le Zimmer,48.8577033,2.3468218,ChIJI5HJsx9u5kcRJl41efCbOAw,https://maps.google.com/?cid=880625184278928934&g_mp=CiVnb29nbGUubWFwcy5wbGFjZXMudjEuUGxhY2VzLkdldFBsYWNlEAIYBCAA,4.1,1721
네덜란드,암스테르담,맛집,Rijks,52.3596934,4.8843632,ChIJQdf58O4JxkcReTjTVHWqYFk,https://maps.google.com/?cid=6440334888050833529&g_mp=CiVnb29nbGUubWFwcy5wbGFjZXMudjEuUGxhY2VzLkdldFBsYWNlEAIYBCAA,4.4,1720
이탈리아,베네치아,맛집,Al Parlamento,45.4447725,12.3225527,ChIJ4Y0Ic8CxfkcRdXn9tpA-6bU,https://maps.google.com/?cid=13108076981704817013&g_mp=CiVnb29nbGUubWFwcy5wbGFjZXMudjEuUGxhY2VzLkdldFBsYWNlEAIYBCAA,4.6,1718
베트남,다낭,카페,NAM house Cafe,16.0632856,108.2222436,ChIJTahQxcwZQjERrNKa5emQFC4,https://maps.google.com/?cid=3320438159532806828&g_mp=CiVnb29nbGUubWFwcy5wbGFjZXMudjEuUGxhY2VzLkdldFBsYWNlEAIYBCAA,4.7,1704
이탈리아,베네치아,맛집,Gatto Rosso,45.4761501,12.2616708,ChIJCbmQVv-zfkcRUGt1_3ERf9k,https://maps.google.com/?cid=15672264409587477328&g_mp=CiVnb29nbGUubWFwcy5wbGFjZXMudjEuUGxhY2VzLkdldFBsYWNlEAIYBCAA,4.2,1701
호주,퍼스,명소,Cohunu Koala Park,-32.2296994,116.0136842,ChIJveoHS-uUMioRpBW-6KCfQQc,https://maps.google.com/?cid=522874545200043428&g_mp=CiVnb29nbGUubWFwcy5wbGFjZXMudjEuUGxhY2VzLkdldFBsYWNlEAIYBCAA,4,1698
이탈리아,베네치아,맛집,Al Quadrante,45.5029372,12.325825,ChIJTyhdf1WyfkcRC-SrSz8iQiQ,https://maps.google.com/?cid=2612688389076149259&g_mp=CiVnb29nbGUubWFwcy5wbGFjZXMudjEuUGxhY2VzLkdldFBsYWNlEAIYBCAA,4.3,1686
이탈리아,베네치아,역사,Basilica dei Santi Maria e Donato,45.4574929,12.357016,ChIJlQ0nXQGufkcRuoUf536-4ho,https://maps.google.com/?cid=1937320241975494074&g_mp=CiVnb29nbGUubWFwcy5wbGFjZXMudjEuUGxhY2VzLkdldFBsYWNlEAIYBCAA,4.5,1684
대한민국,제주도,카페,Cafe De Seoyeun,33.2693956,126.6556676,ChIJ5UHBJKurDTURoTNbG1v6v8M,https://maps.google.com/?cid=14105267827155612577&g_mp=CiVnb29nbGUubWFwcy5wbGFjZXMudjEuUGxhY2VzLkdldFBsYWNlEAIYBCAA,4.1,1674
독일,베를린,카페,Café am Engelbecken,52.5062672,13.4186325,ChIJwzDZVDBOqEcRpJGfr287J1w,https://maps.google.com/?cid=6640341526454964644&g_mp=CiVnb29nbGUubWFwcy5wbGFjZXMudjEuUGxhY2VzLkdldFBsYWNlEAIYBCAA,4.1,1661
스페인,바르셀로나,맛집,PÖTSTOT,41.3886933,2.1582414,ChIJWR8KHqOjpBIR2_SvjY97_Ds,https://maps.google.com/?cid=4322465598856492251&g_mp=CiVnb29nbGUubWFwcy5wbGFjZXMudjEuUGxhY2VzLkdldFBsYWNlEAIYBCAA,4.5,1660
체코,프라하,명소,MeetMe23,50.082256,14.4322936,ChIJ8ap9spOUC0cR-2qoH1TdgyA,https://maps.google.com/?cid=2342959584540912379&g_mp=CiVnb29nbGUubWFwcy5wbGFjZXMudjEuUGxhY2VzLkdldFBsYWNlEAIYBCAA,4.6,1655
대한민국,부산,해변,Dadaepo Beach,35.0462468,128.9631538,ChIJR_w0WhPdaDURllEsxhEIA90,https://maps.google.com/?cid=15925581579744465302&g_mp=CiVnb29nbGUubWFwcy5wbGFjZXMudjEuUGxhY2VzLkdldFBsYWNlEAIYBCAA,4.3,1655
호주,퍼스,맛집,Chakra Restaurant,-31.9232541,115.8834431,ChIJ5V42ZpG6MioRBMVssEhHR-Y,https://maps.google.com/?cid=16593309729593017604&g_mp=CiVnb29nbGUubWFwcy5wbGFjZXMudjEuUGxhY2VzLkdldFBsYWNlEAIYBCAA,4.7,1651
베트남,호치민,맛집,Pizza Hut,10.7565055,106.6760848,ChIJ5bY8BucvdTERNDV3gUjrLqQ,https://maps.google.com/?cid=11830651967791117620&g_mp=CiVnb29nbGUubWFwcy5wbGFjZXMudjEuUGxhY2VzLkdldFBsYWNlEAIYBCAA,5,1641
오스트리아,빈,맛집,Café Weimar,48.2233675,16.3517724,ChIJ_yfJAcYHbUcRoqN7iqeFsxc,https://maps.google.com/?cid=1707855638332941218&g_mp=CiVnb29nbGUubWFwcy5wbGFjZXMudjEuUGxhY2VzLkdldFBsYWNlEAIYBCAA,4.4,1639
프랑스,파리,맛집,Café des Beaux Arts - Paris,48.8575926,2.3355015,ChIJ261tmCdu5kcRok7Anw0zjW0,https://maps.google.com/?cid=7894021855458119330&g_mp=CiVnb29nbGUubWFwcy5wbGFjZXMudjEuUGxhY2VzLkdldFBsYWNlEAIYBCAA,4,1641
베트남,호치민,맛집,Nhà Hàng Ốc Quyên 2,10.8138951,106.5941371,ChIJWWh2r4QrdTERNhic2XrynEo,https://maps.google.com/?cid=5376438664624347190&g_mp=CiVnb29nbGUubWFwcy5wbGFjZXMudjEuUGxhY2VzLkdldFBsYWNlEAIYBCAA,4.3,1612
독일,베를린,맛집,Cana Restaurant & Catering,52.5123206,13.4086404,ChIJl6rKZyZOqEcRCXTZtfYmJT8,https://maps.google.com/?cid=4550085839582491657&g_mp=CiVnb29nbGUubWFwcy5wbGFjZXMudjEuUGxhY2VzLkdldFBsYWNlEAIYBCAA,4.4,1611
오스트리아,빈,공원/정원,Desert House,48.1847805,16.3018106,ChIJVxZH6QiobUcRw7Vospd8JaI,https://maps.google.com/?cid=11683881799257732547&g_mp=CiVnb29nbGUubWFwcy5wbGFjZXMudjEuUGxhY2VzLkdldFBsYWNlEAIYBCAA,4.2,1603
스위스,인터라켄,맛집,Riviera by Elio,46.688651,7.6895157,ChIJVUGNUHuuj0cRwZBCZS0C1FE,https://maps.google.com/?cid=5896340206130467009&g_mp=CiVnb29nbGUubWFwcy5wbGFjZXMudjEuUGxhY2VzLkdldFBsYWNlEAIYBCAA,4.2,1595
이탈리아,베네치아,명소,Teatro Goldoni,45.4363145,12.3353079,ChIJjQNkQdqxfkcROMgyvOh7t7M,https://maps.google.com/?cid=12949955493047224376&g_mp=CiVnb29nbGUubWFwcy5wbGFjZXMudjEuUGxhY2VzLkdldFBsYWNlEAIYBCAA,4.6,1589
베트남,다낭,맛집,Loving Vegan,16.0538197,108.2445011,ChIJXSf-vzUXQjERsqQ3CyoF9gU,https://maps.google.com/?cid=429536492595422386&g_mp=CiVnb29nbGUubWFwcy5wbGFjZXMudjEuUGxhY2VzLkdldFBsYWNlEAIYBCAA,4.7,1585
대한민국,제주도,박물관/미술관,감귤박물관,33.2715236,126.6076604,ChIJQ-EmBstUDDURLIUvbpQlQF0,https://maps.google.com/?cid=6719411963470775596&g_mp=CiVnb29nbGUubWFwcy5wbGFjZXMudjEuUGxhY2VzLkdldFBsYWNlEAIYBCAA,4,1583
네덜란드,암스테르담,맛집,Amigo Grill Restaurant,52.3736532,4.8826525,ChIJ35H6tMQJxkcRBKR7oU3makc,https://maps.google.com/?cid=5146178745320317956&g_mp=CiVnb29nbGUubWFwcy5wbGFjZXMudjEuUGxhY2VzLkdldFBsYWNlEAIYBCAA,4.5,1582
프랑스,파리,카페,Treize au Jardin,48.8486723,2.3395874,ChIJnd8eIChu5kcRXfb40zqzYuo,https://maps.google.com/?cid=16889258617838564957&g_mp=CiVnb29nbGUubWFwcy5wbGFjZXMudjEuUGxhY2VzLkdldFBsYWNlEAIYBCAA,4.1,1575
영국,런던,카페,Balance,51.501395,-0.1112228,ChIJnX3s1rsEdkgRC8M65sdIvqY,https://maps.google.com/?cid=12015120879269364491&g_mp=CiVnb29nbGUubWFwcy5wbGFjZXMudjEuUGxhY2VzLkdldFBsYWNlEAIYBCAA,4.3,1575
독일,뮌헨,맛집,Yan You - Chinesisches Restaurant,48.1166898,11.5349167,ChIJ7ZPKMMrYnUcRM2lj2cdfbfE,https://maps.google.com/?cid=17396666247552395571&g_mp=CiVnb29nbGUubWFwcy5wbGFjZXMudjEuUGxhY2VzLkdldFBsYWNlEAIYBCAA,4.5,1570
호주,멜버른,명소,The University of Melbourne,-37.7983459,144.960974,ChIJSyUHXNRC1moRbf8lt-Jjy-o,https://maps.google.com/?cid=16918726250533879661&g_mp=CiVnb29nbGUubWFwcy5wbGFjZXMudjEuUGxhY2VzLkdldFBsYWNlEAIYBCAA,4.5,1570
체코,프라하,맛집,Royal Court Hotel,50.0706161,14.4300551,ChIJbctx_YuUC0cRhXJA9o6JTiI,https://maps.google.com/?cid=2472064492582761093&g_mp=CiVnb29nbGUubWFwcy5wbGFjZXMudjEuUGxhY2VzLkdldFBsYWNlEAIYBCAA,4.5,1567
오스트리아,빈,카페,propeller,48.1933651,16.361388,ChIJm2ztMcMHbUcRla9gkOmfLvg,https://maps.google.com/?cid=17883406995833270165&g_mp=CiVnb29nbGUubWFwcy5wbGFjZXMudjEuUGxhY2VzLkdldFBsYWNlEAIYBCAA,4.5,1550
대한민국,제주도,맛집,낭뜰에 쉼팡,33.4736115,126.6571614,ChIJq0kPWdccDTURNVJiF7blvX8,https://maps.google.com/?cid=9204765783654289973&g_mp=CiVnb29nbGUubWFwcy5wbGFjZXMudjEuUGxhY2VzLkdldFBsYWNlEAIYBCAA,4.2,1551
대한민국,서울,박물관/미술관,Kim Koo Museum & Library,37.5445535,126.9594821,ChIJ9fUxNgmifDUR2QXYBfsbmtk,https://maps.google.com/?cid=15679875817592587737&g_mp=CiVnb29nbGUubWFwcy5wbGFjZXMudjEuUGxhY2VzLkdldFBsYWNlEAIYBCAA,4.4,1549
베트남,다낭,맛집,KURUMI - Healthy Vegan Food & Desserts,16.0452794,108.2483243,ChIJJUh90s0XQjERlFHyk531H1M,https://maps.google.com/?cid=5989776086566850964&g_mp=CiVnb29nbGUubWFwcy5wbGFjZXMudjEuUGxhY2VzLkdldFBsYWNlEAIYBCAA,4.7,1545
스페인,바르셀로나,맛집,la textil collective / 303 audiophile bar,41.3911722,2.172905,ChIJ7WhhG3mjpBIRyiYmrcAs3Mw,https://maps.google.com/?cid=14761722884663944906&g_mp=CiVnb29nbGUubWFwcy5wbGFjZXMudjEuUGxhY2VzLkdldFBsYWNlEAIYBCAA,4.1,1545
베트남,호치민,맛집,Chuck's Burgers PVC,10.7901276,106.7105471,ChIJ3RJEo80odTERKvBSPVaGKC4,https://maps.google.com/?cid=3326056029767266346&g_mp=CiVnb29nbGUubWFwcy5wbGFjZXMudjEuUGxhY2VzLkdldFBsYWNlEAIYBCAA,4.5,1535
이탈리아,로마,맛집,Al Caminetto,41.9027234,12.483884,ChIJqRHTVVNgLxMR0K32rutSvUk,https://maps.google.com/?cid=5313494307573247440&g_mp=CiVnb29nbGUubWFwcy5wbGFjZXMudjEuUGxhY2VzLkdldFBsYWNlEAIYBCAA,4.2,1535
베트남,다낭,맛집,Nhà An - Vietnamese local food restaurant and vegan,16.0749852,108.2430715,ChIJT-r1FA0XQjERXxgP7vQUrx4,https://maps.google.com/?cid=2211008984260745311&g_mp=CiVnb29nbGUubWFwcy5wbGFjZXMudjEuUGxhY2VzLkdldFBsYWNlEAIYBCAA,4.8,1532
독일,베를린,맛집,Beast Berlin,52.5247687,13.4121757,ChIJV5veJQBPqEcRbBXEeGnCPoE,https://maps.google.com/?cid=9313094837702235500&g_mp=CiVnb29nbGUubWFwcy5wbGFjZXMudjEuUGxhY2VzLkdldFBsYWNlEAIYBCAA,4.7,1534
호주,퍼스,맛집,Rifos - Cafe | Restaurant | Pizzeria,-31.9301733,115.8933791,ChIJY-msh_O6MioRM7RyiUpdO_s,https://maps.google.com/?cid=18103165701860799539&g_mp=CiVnb29nbGUubWFwcy5wbGFjZXMudjEuUGxhY2VzLkdldFBsYWNlEAIYBCAA,4.3,1522
독일,베를린,맛집,Banh Mi Stable,52.5269065,13.4086465,ChIJOWUmGuJRqEcRuSq-0x-weu8,https://maps.google.com/?cid=17256298572966406841&g_mp=CiVnb29nbGUubWFwcy5wbGFjZXMudjEuUGxhY2VzLkdldFBsYWNlEAIYBCAA,4.6,1518
독일,뮌헨,카페,Café Blá,48.1292783,11.5863281,ChIJmxcdvXzfnUcRbwzkybwjFGo,https://maps.google.com/?cid=7643773761302563951&g_mp=CiVnb29nbGUubWFwcy5wbGFjZXMudjEuUGxhY2VzLkdldFBsYWNlEAIYBCAA,4.6,1514
스페인,바르셀로나,카페,paradero | Barcelona,41.3797222,2.1591667,ChIJA9YMGGKipBIRVovpcGDBL3w,https://maps.google.com/?cid=8948583604563839830&g_mp=CiVnb29nbGUubWFwcy5wbGFjZXMudjEuUGxhY2VzLkdldFBsYWNlEAIYBCAA,4.7,1500
체코,프라하,맛집,Hospůdka Karolína,50.0519434,14.5286473,ChIJt3saBV6SC0cRXrmavQMk4Oc,https://maps.google.com/?cid=16708394216029075806&g_mp=CiVnb29nbGUubWFwcy5wbGFjZXMudjEuUGxhY2VzLkdldFBsYWNlEAIYBCAA,4.5,1499
영국,런던,카페,carpo glasshouse piccadilly,51.5104594,-0.1354278,ChIJuxCvqdYEdkgRZPrDrJjvjLo,https://maps.google.com/?cid=13442382426806680164&g_mp=CiVnb29nbGUubWFwcy5wbGFjZXMudjEuUGxhY2VzLkdldFBsYWNlEAIYBCAA,4.6,1495
베트남,다낭,맛집,BaBaBa Japanese Restaurant,16.0621556,108.2436913,ChIJG7zbAwAXQjERxPRInUe8MOM,https://maps.google.com/?cid=16370791661259257028&g_mp=CiVnb29nbGUubWFwcy5wbGFjZXMudjEuUGxhY2VzLkdldFBsYWNlEAIYBCAA,4.7,1492
영국,런던,맛집,Nell Gwynne,51.51019,-0.1227908,ChIJIelH-ssEdkgRMxS4QvZ6Ci8,https://maps.google.com/?cid=3389656867649623091&g_mp=CiVnb29nbGUubWFwcy5wbGFjZXMudjEuUGxhY2VzLkdldFBsYWNlEAIYBCAA,4.6,1490
스페인,바르셀로나,카페,365,41.3776338,2.1726742,ChIJX84AsFmipBIRkqTQqhQ1LME,https://maps.google.com/?cid=13919558911176778898&g_mp=CiVnb29nbGUubWFwcy5wbGFjZXMudjEuUGxhY2VzLkdldFBsYWNlEAIYBCAA,4.1,1486
스페인,마드리드,맛집,Acqua In Bocca Trattoria,40.4097414,-3.6703459,ChIJlR46S9snQg0R3qTeqPDBy8c,https://maps.google.com/?cid=14396813873189397726&g_mp=CiVnb29nbGUubWFwcy5wbGFjZXMudjEuUGxhY2VzLkdldFBsYWNlEAIYBCAA,4.5,1452
일본,도쿄,역사,Edo Castle Ruins,35.6883712,139.7544177,ChIJiZggVguMGGARaW4UFY3Mo8Q,https://maps.google.com/?cid=14169393758953827945&g_mp=CiVnb29nbGUubWFwcy5wbGFjZXMudjEuUGxhY2VzLkdldFBsYWNlEAIYBCAA,4.4,1451
이탈리아,로마,맛집,"Ristorante ""Al Viminale""",41.8999563,12.4934666,ChIJJeqpucFhLxMRztfybfx5EmY,https://maps.google.com/?cid=7355075266532792270&g_mp=CiVnb29nbGUubWFwcy5wbGFjZXMudjEuUGxhY2VzLkdldFBsYWNlEAIYBCAA,4.4,1446
일본,도쿄,명소,Takadanobaba Mikado Game Center,35.7127351,139.7034548,ChIJzyCiozmNGGARgUHWRX2ul5s,https://maps.google.com/?cid=11211621650427953537&g_mp=CiVnb29nbGUubWFwcy5wbGFjZXMudjEuUGxhY2VzLkdldFBsYWNlEAIYBCAA,4.5,1444
스페인,마드리드,박물관/미술관,Pantheon of Illustrious Men,40.4061626,-3.6836664,ChIJNVc-ZSImQg0RmZlwSZn3IKU,https://maps.google.com/?cid=11898782453247023513&g_mp=CiVnb29nbGUubWFwcy5wbGFjZXMudjEuUGxhY2VzLkdldFBsYWNlEAIYBCAA,4.3,1443
프랑스,파리,맛집,Le Grand Véfour,48.8661299,2.3379859,ChIJd9mmyyRu5kcRLYUD8BMhZ8I,https://maps.google.com/?cid=14008201535474074925&g_mp=CiVnb29nbGUubWFwcy5wbGFjZXMudjEuUGxhY2VzLkdldFBsYWNlEAIYBCAA,4.4,1442
이탈리아,피렌체,명소,Certosa di Firenze,43.7308129,11.2218172,ChIJe5XBCKdRKhMRfv6bJWHMpHQ,https://maps.google.com/?cid=8405067522195062398&g_mp=CiVnb29nbGUubWFwcy5wbGFjZXMudjEuUGxhY2VzLkdldFBsYWNlEAIYBCAA,4.7,1435
태국,방콕,역사,Phaya Thai Palace,13.7686261,100.5329005,ChIJ4Z0aebKe4jARPd4qGdUFvaA,https://maps.google.com/?cid=11582420229475196477&g_mp=CiVnb29nbGUubWFwcy5wbGFjZXMudjEuUGxhY2VzLkdldFBsYWNlEAIYBCAA,4.7,1422
이탈리아,로마,맛집,Pizzeria Acqua & Farina,41.8985674,12.5009346,ChIJB_klgaRhLxMRFyYJ7hue28M,https://maps.google.com/?cid=14113047700090463767&g_mp=CiVnb29nbGUubWFwcy5wbGFjZXMudjEuUGxhY2VzLkdldFBsYWNlEAIYBCAA,4.6,1422
대한민국,부산,박물관/미술관,MUSEUM 1,35.1713288,129.1289794,ChIJMdF91iSTaDURCCK292RIcB8,https://maps.google.com/?cid=2265390211057197576&g_mp=CiVnb29nbGUubWFwcy5wbGFjZXMudjEuUGxhY2VzLkdldFBsYWNlEAIYBCAA,4.3,1413
호주,퍼스,카페,Bayside Kitchen,-31.9821977,115.821126,ChIJ_YgaZ-ykMioR6v2rd8W6pBI,https://maps.google.com/?cid=1343403946142334442&g_mp=CiVnb29nbGUubWFwcy5wbGFjZXMudjEuUGxhY2VzLkdldFBsYWNlEAIYBCAA,4.1,1413
베트남,다낭,맛집,Rainbowl Poke,16.0478843,108.2437938,ChIJ7RmbE48XQjERSDz_2n9HH3Y,https://maps.google.com/?cid=8511600435214105672&g_mp=CiVnb29nbGUubWFwcy5wbGFjZXMudjEuUGxhY2VzLkdldFBsYWNlEAIYBCAA,4.9,1410
오스트리아,빈,카페,Melangerie - Caffeterie & Bistro,48.2074865,16.3443295,ChIJ8YUuROwHbUcRsInVdKw3B-4,https://maps.google.com/?cid=17151738919697877424&g_mp=CiVnb29nbGUubWFwcy5wbGFjZXMudjEuUGxhY2VzLkdldFBsYWNlEAIYBCAA,4.6,1410
베트남,호치민,맛집,Pizza Hut,10.789549,106.674518,ChIJsX8ROdUudTER7WotuuCSzTQ,https://maps.google.com/?cid=3804858754091805421&g_mp=CiVnb29nbGUubWFwcy5wbGFjZXMudjEuUGxhY2VzLkdldFBsYWNlEAIYBCAA,4.8,1410
베트남,다낭,카페,Highlands Coffee,16.0602485,108.2167535,ChIJ4ZJeS8oZQjERzAlK2SZaZaA,https://maps.google.com/?cid=11557743141617011148&g_mp=CiVnb29nbGUubWFwcy5wbGFjZXMudjEuUGxhY2VzLkdldFBsYWNlEAIYBCAA,4.2,1407
독일,뮌헨,맛집,Mariannenhof,48.1359347,11.5863348,ChIJm3uUf4h1nkcRcnbejdTIOpk,https://maps.google.com/?cid=11041358251690980978&g_mp=CiVnb29nbGUubWFwcy5wbGFjZXMudjEuUGxhY2VzLkdldFBsYWNlEAIYBCAA,4.4,1404
일본,도쿄,명소,Statue of Kusunoki Masashige,35.6779137,139.7584835,ChIJ-SEtT_GLGGARh19OTroY4bA,https://maps.google.com/?cid=12745495608891957127&g_mp=CiVnb29nbGUubWFwcy5wbGFjZXMudjEuUGxhY2VzLkdldFBsYWNlEAIYBCAA,4.3,1405
대한민국,제주도,박물관/미술관,Jeju Museum of Contemporary Art,33.33968,126.2656583,ChIJd_BkLYpdDDUR8a25SNVnYqU,https://maps.google.com/?cid=11917201729721576945&g_mp=CiVnb29nbGUubWFwcy5wbGFjZXMudjEuUGxhY2VzLkdldFBsYWNlEAIYBCAA,4.3,1388
독일,베를린,맛집,Aposto,52.5227072,13.3998395,ChIJ_UY9UudRqEcReQhTrUmBr4k,https://maps.google.com/?cid=9921290657560987769&g_mp=CiVnb29nbGUubWFwcy5wbGFjZXMudjEuUGxhY2VzLkdldFBsYWNlEAIYBCAA,4.2,1387
독일,뮌헨,명소,Chinesischer Turm,48.1525629,11.5921074,ChIJA9sd2Tl1nkcRjiyj2N6JEns,https://maps.google.com/?cid=8868302206456245390&g_mp=CiVnb29nbGUubWFwcy5wbGFjZXMudjEuUGxhY2VzLkdldFBsYWNlEAIYBCAA,4.5,1385
대한민국,부산,자연/힐링,화명수목원,35.2510047,129.0427975,ChIJz78XyjuUaDUR6F-vy59AnPc,https://maps.google.com/?cid=17842206878796308456&g_mp=CiVnb29nbGUubWFwcy5wbGFjZXMudjEuUGxhY2VzLkdldFBsYWNlEAIYBCAA,4.4,1381
스페인,바르셀로나,카페,Paloma Blanca,41.3796,2.167237,ChIJtyUMal-ipBIRzgkVBVymqsU,https://maps.google.com/?cid=14243379685665081806&g_mp=CiVnb29nbGUubWFwcy5wbGFjZXMudjEuUGxhY2VzLkdldFBsYWNlEAIYBCAA,4.6,1379
오스트리아,빈,맛집,Ponykarussell – Das Café,48.2144688,16.4018251,ChIJ35A3EJIHbUcRa1x_rreIvYo,https://maps.google.com/?cid=9997297070320344171&g_mp=CiVnb29nbGUubWFwcy5wbGFjZXMudjEuUGxhY2VzLkdldFBsYWNlEAIYBCAA,4.5,1377
태국,방콕,맛집,Cheaper & Better Street Food,13.72507,100.5229338,ChIJLWlCk9GY4jARpNGpRcq5ABY,https://maps.google.com/?cid=1585471347237704100&g_mp=CiVnb29nbGUubWFwcy5wbGFjZXMudjEuUGxhY2VzLkdldFBsYWNlEAIYBCAA,4.7,1370
프랑스,파리,맛집,Caffé Créole,48.8578839,2.368369,ChIJI8fwxf9t5kcROA_d9FqABv8,https://maps.google.com/?cid=18376516457675427640&g_mp=CiVnb29nbGUubWFwcy5wbGFjZXMudjEuUGxhY2VzLkdldFBsYWNlEAIYBCAA,4.4,1370
베트남,다낭,맛집,Chickpea Eatery: Da Nang Vegan Restaurant and Vegan Cooking Class | Tiệm Chay Đà Nẵng,16.0555812,108.241048,ChIJ8fauS5EXQjERqkcIT0k31w0,https://maps.google.com/?cid=997326630483937194&g_mp=CiVnb29nbGUubWFwcy5wbGFjZXMudjEuUGxhY2VzLkdldFBsYWNlEAIYBCAA,4.9,1367
대한민국,부산,카페,Terarosa Suyeong,35.1771272,129.1149289,ChIJsX4KEN-SaDURzjPnpAm-iR0,https://maps.google.com/?cid=2128441247539868622&g_mp=CiVnb29nbGUubWFwcy5wbGFjZXMudjEuUGxhY2VzLkdldFBsYWNlEAIYBCAA,4.4,1364
이탈리아,로마,맛집,Gallo Matto,41.8970675,12.4955012,ChIJO4aDVqVhLxMRTimcqSsZyA8,https://maps.google.com/?cid=1137186581230922062&g_mp=CiVnb29nbGUubWFwcy5wbGFjZXMudjEuUGxhY2VzLkdldFBsYWNlEAIYBCAA,4,1361
대한민국,제주도,박물관/미술관,Jeju Museum Of Art,33.4526324,126.4896073,ChIJYXFzGtD7DDURl_nIzwbMSe0,https://maps.google.com/?cid=17098421789916723607&g_mp=CiVnb29nbGUubWFwcy5wbGFjZXMudjEuUGxhY2VzLkdldFBsYWNlEAIYBCAA,4.4,1352
체코,프라하,맛집,Dhaba Beas,50.0733966,14.4332776,ChIJgTR4KeqUC0cRDJm9I03ew10,https://maps.google.com/?cid=6756488288879352076&g_mp=CiVnb29nbGUubWFwcy5wbGFjZXMudjEuUGxhY2VzLkdldFBsYWNlEAIYBCAA,4.4,1350
영국,런던,맛집,BFI Riverfront,51.5071585,-0.1158152,ChIJf0zu9ccEdkgRyABHukSExoY,https://maps.google.com/?cid=9711595077188911304&g_mp=CiVnb29nbGUubWFwcy5wbGFjZXMudjEuUGxhY2VzLkdldFBsYWNlEAIYBCAA,4,1347
일본,도쿄,박물관/미술관,Japan Olympic Museum,35.6749203,139.7151887,ChIJQXjm8NWNGGARlEEJZUe8AJQ,https://maps.google.com/?cid=10664730932437139860&g_mp=CiVnb29nbGUubWFwcy5wbGFjZXMudjEuUGxhY2VzLkdldFBsYWNlEAIYBCAA,4.2,1345
독일,베를린,맛집,Nomad Berlin,52.5295975,13.3894907,ChIJzwRRyexRqEcRtIvatHLlNG8,https://maps.google.com/?cid=8013281917822208948&g_mp=CiVnb29nbGUubWFwcy5wbGFjZXMudjEuUGxhY2VzLkdldFBsYWNlEAIYBCAA,4.7,1346
스페인,마드리드,맛집,LA TAGUARA By Guayana Mia S.L,40.4010597,-3.6866494,ChIJX1v0u3EnQg0RvfvTVjxlZhc,https://maps.google.com/?cid=1686146420326005693&g_mp=CiVnb29nbGUubWFwcy5wbGFjZXMudjEuUGxhY2VzLkdldFBsYWNlEAIYBCAA,4.4,1345
베트남,호치민,역사,The Venerable Thich Quảng Đức Monument,10.775432,106.6867669,ChIJ97UHLTsvdTERfuEsTET56l4,https://maps.google.com/?cid=6839553055846621566&g_mp=CiVnb29nbGUubWFwcy5wbGFjZXMudjEuUGxhY2VzLkdldFBsYWNlEAIYBCAA,4.7,1340
영국,런던,명소,BT Tower,51.5214618,-0.1388422,ChIJ0TGfuikbdkgRK9iKroPjiAw,https://maps.google.com/?cid=903221879996340267&g_mp=CiVnb29nbGUubWFwcy5wbGFjZXMudjEuUGxhY2VzLkdldFBsYWNlEAIYBCAA,4.5,1339
영국,런던,박물관/미술관,Novelty Automation,51.5196936,-0.1168957,ChIJqYt4G0obdkgRAXW8NHneff4,https://maps.google.com/?cid=18338057869879702785&g_mp=CiVnb29nbGUubWFwcy5wbGFjZXMudjEuUGxhY2VzLkdldFBsYWNlEAIYBCAA,4.8,1339
오스트리아,빈,맛집,DSTRIKT STEAKHOUSE,48.2023198,16.3759881,ChIJmZepMXYHbUcRA6sjQvaLNpU,https://maps.google.com/?cid=10751935050181487363&g_mp=CiVnb29nbGUubWFwcy5wbGFjZXMudjEuUGxhY2VzLkdldFBsYWNlEAIYBCAA,4.5,1328
독일,뮌헨,명소,Umadum - München,48.1249545,11.6069468,ChIJhWr9pPPfnUcR2tZLS-3jQAU,https://maps.google.com/?cid=378552977009137370&g_mp=CiVnb29nbGUubWFwcy5wbGFjZXMudjEuUGxhY2VzLkdldFBsYWNlEAIYBCAA,4.3,1329
영국,런던,맛집,Lima - Restaurant Fitzrovia,51.5177444,-0.1343306,ChIJZ-XhYiwbdkgRyIZPRR9ubOY,https://maps.google.com/?cid=16603767006794057416&g_mp=CiVnb29nbGUubWFwcy5wbGFjZXMudjEuUGxhY2VzLkdldFBsYWNlEAIYBCAA,4.4,1322
대한민국,제주도,맛집,바다속고등어쌈밥,33.4841787,126.4068105,ChIJTfNWVsTwDDURI_UpCuiZBXU,https://maps.google.com/?cid=8432315099203106083&g_mp=CiVnb29nbGUubWFwcy5wbGFjZXMudjEuUGxhY2VzLkdldFBsYWNlEAIYBCAA,4.3,1318
이탈리아,베네치아,맛집,Ristorante Bombay Spice - Indiano - Halal Food,45.4877061,12.2510121,ChIJTblj1BO0fkcRronP97VQXjk,https://maps.google.com/?cid=4133830250449570222&g_mp=CiVnb29nbGUubWFwcy5wbGFjZXMudjEuUGxhY2VzLkdldFBsYWNlEAIYBCAA,4.3,1317
호주,멜버른,맛집,Mama Manoush,-37.7727656,144.9713369,ChIJIXhgkCZD1moRHCs9J9xlHU0,https://maps.google.com/?cid=5556709511470590748&g_mp=CiVnb29nbGUubWFwcy5wbGFjZXMudjEuUGxhY2VzLkdldFBsYWNlEAIYBCAA,4.5,1313
베트남,호치민,카페,Starbucks Nguyen Hue,10.7734074,106.7038845,ChIJZyg9xkYvdTEReQjhF2Md4Yw,https://maps.google.com/?cid=10151427346509400185&g_mp=CiVnb29nbGUubWFwcy5wbGFjZXMudjEuUGxhY2VzLkdldFBsYWNlEAIYBCAA,4.3,1311
대한민국,서울,카페,The Forest Choso Chaekbang,37.5858972,126.9642305,ChIJIWVxYYmjfDURnhkGZZkldyg,https://maps.google.com/?cid=2915840624500808094&g_mp=CiVnb29nbGUubWFwcy5wbGFjZXMudjEuUGxhY2VzLkdldFBsYWNlEAIYBCAA,4.4,1307
영국,런던,맛집,Tamarind,51.5070713,-0.1472488,ChIJTUlS0S4FdkgRNcarX5NN-AM,https://maps.google.com/?cid=286063871698650677&g_mp=CiVnb29nbGUubWFwcy5wbGFjZXMudjEuUGxhY2VzLkdldFBsYWNlEAIYBCAA,4.3,1307
호주,퍼스,카페,The Little Banksia,-31.981546,115.882477,ChIJt2yWT2-7MioRinBvWQhV9Lk,https://maps.google.com/?cid=13399428285682643082&g_mp=CiVnb29nbGUubWFwcy5wbGFjZXMudjEuUGxhY2VzLkdldFBsYWNlEAIYBCAA,4.7,1302
베트남,다낭,맛집,Kin Kin Thai Food,16.043546,108.2441671,ChIJzVORYyoZQjERd1n6zyTbLI4,https://maps.google.com/?cid=10244804203515631991&g_mp=CiVnb29nbGUubWFwcy5wbGFjZXMudjEuUGxhY2VzLkdldFBsYWNlEAIYBCAA,4.4,1298
호주,시드니,맛집,Sails on Lavender Bay,-33.8485477,151.2061677,ChIJx4Z2al-uEmsRKeI2g6k6uIY,https://maps.google.com/?cid=9707573496522400297&g_mp=CiVnb29nbGUubWFwcy5wbGFjZXMudjEuUGxhY2VzLkdldFBsYWNlEAIYBCAA,4.4,1297
스페인,바르셀로나,맛집,AMO Brunch & Wine,41.3894733,2.1588463,ChIJGdv3lzWjpBIR8Ovt1TV4t4w,https://maps.google.com/?cid=10139705258665700336&g_mp=CiVnb29nbGUubWFwcy5wbGFjZXMudjEuUGxhY2VzLkdldFBsYWNlEAIYBCAA,4.7,1292
대한민국,서울,역사,Changuimun Gate (Buksomun),37.5926183,126.9665014,ChIJsX_plbGifDURHl5P6uVEkQk,https://maps.google.com/?cid=689407972233666078&g_mp=CiVnb29nbGUubWFwcy5wbGFjZXMudjEuUGxhY2VzLkdldFBsYWNlEAIYBCAA,4.4,1286
프랑스,파리,맛집,Au Rocher de Cancale,48.8655795,2.3471713,ChIJUTbSJBhu5kcRPvnLYEkhHgM,https://maps.google.com/?cid=224653630455413054&g_mp=CiVnb29nbGUubWFwcy5wbGFjZXMudjEuUGxhY2VzLkdldFBsYWNlEAIYBCAA,4,1286
호주,시드니,맛집,Baja Cantina (Glebe),-33.8832867,151.191674,ChIJUZiZPiquEmsRRgd9t_gHgNw,https://maps.google.com/?cid=15888708250174818118&g_mp=CiVnb29nbGUubWFwcy5wbGFjZXMudjEuUGxhY2VzLkdldFBsYWNlEAIYBCAA,4.3,1284
베트남,호치민,맛집,Bún cá Yến Nha Trang,10.758968,106.6774315,ChIJqbadQh0vdTERbjbnwaJjvm0,https://maps.google.com/?cid=7907867546398176878&g_mp=CiVnb29nbGUubWFwcy5wbGFjZXMudjEuUGxhY2VzLkdldFBsYWNlEAIYBCAA,4,1283
영국,런던,카페,GAIL's Bakery Southbank,51.502926,-0.1163758,ChIJ70k_o_EFdkgRtjFygW-1k-w,https://maps.google.com/?cid=17047168505045201334&g_mp=CiVnb29nbGUubWFwcy5wbGFjZXMudjEuUGxhY2VzLkdldFBsYWNlEAIYBCAA,4.1,1282
오스트리아,빈,맛집,Budapest Bistro,48.192028,16.356891,ChIJRZNsJyiobUcRSSe-gP5leqU,https://maps.google.com/?cid=11923955107172853577&g_mp=CiVnb29nbGUubWFwcy5wbGFjZXMudjEuUGxhY2VzLkdldFBsYWNlEAIYBCAA,4.6,1280
대한민국,부산,역사,Busan Modern and Contemporary History Museum Annex,35.1026453,129.0312644,ChIJr_t8p3XpaDURLtrD5ImuOMQ,https://maps.google.com/?cid=14139242937401465390&g_mp=CiVnb29nbGUubWFwcy5wbGFjZXMudjEuUGxhY2VzLkdldFBsYWNlEAIYBCAA,4.3,1279
이탈리아,로마,카페,Babington's tea room,41.9060647,12.4823296,ChIJg1k8GVVgLxMR1dK8cf26VWo,https://maps.google.com/?cid=7662235938738459349&g_mp=CiVnb29nbGUubWFwcy5wbGFjZXMudjEuUGxhY2VzLkdldFBsYWNlEAIYBCAA,4.1,1279
대한민국,서울,맛집,La Seine,37.5656193,126.9800923,ChIJ1wXCCPKifDUR0DeHCHf_gv0,https://maps.google.com/?cid=18267443925277423568&g_mp=CiVnb29nbGUubWFwcy5wbGFjZXMudjEuUGxhY2VzLkdldFBsYWNlEAIYBCAA,4.5,1278
스페인,바르셀로나,맛집,Al Bawadi Barcelona,41.387679,2.173586,ChIJwwm6hfCipBIRqttNUGgBQ2Q,https://maps.google.com/?cid=7224619774767913898&g_mp=CiVnb29nbGUubWFwcy5wbGFjZXMudjEuUGxhY2VzLkdldFBsYWNlEAIYBCAA,4,1267
호주,멜버른,맛집,Oriental Teahouse South Yarra,-37.843835,144.994428,ChIJY_Y6eiho1moRB0s9JERUDE0,https://maps.google.com/?cid=5551905092283484935&g_mp=CiVnb29nbGUubWFwcy5wbGFjZXMudjEuUGxhY2VzLkdldFBsYWNlEAIYBCAA,4.4,1267
독일,베를린,명소,Schokoladen,52.5297769,13.3971137,ChIJ2TP8j-VRqEcRhR84b4xaaVU,https://maps.google.com/?cid=6154549924986363781&g_mp=CiVnb29nbGUubWFwcy5wbGFjZXMudjEuUGxhY2VzLkdldFBsYWNlEAIYBCAA,4.6,1260
태국,방콕,카페,Too Fast Infinity,13.7317153,100.5307838,ChIJEysEISuf4jARU_ad2vfkmfo,https://maps.google.com/?cid=18057715934094554707&g_mp=CiVnb29nbGUubWFwcy5wbGFjZXMudjEuUGxhY2VzLkdldFBsYWNlEAIYBCAA,4.2,1259
베트남,호치민,카페,Sống Cà Phê,10.8384436,106.6759919,ChIJj5comPIpdTERu10t2CM_--M,https://maps.google.com/?cid=16427793488947273147&g_mp=CiVnb29nbGUubWFwcy5wbGFjZXMudjEuUGxhY2VzLkdldFBsYWNlEAIYBCAA,4.9,1251
일본,오사카,맛집,GARB Weeks,34.6927973,135.5058769,ChIJA3pPld3mAGAR2Cc6_hZtf8E,https://maps.google.com/?cid=13942982916884277208&g_mp=CiVnb29nbGUubWFwcy5wbGFjZXMudjEuUGxhY2VzLkdldFBsYWNlEAIYBCAA,4.1,1251
이탈리아,로마,명소,Eden Park,41.9062568,12.4123688,ChIJTSR21blfLxMRPr4QZp5WvyY,https://maps.google.com/?cid=2792045532310191678&g_mp=CiVnb29nbGUubWFwcy5wbGFjZXMudjEuUGxhY2VzLkdldFBsYWNlEAIYBCAA,4.2,1249
호주,퍼스,맛집,Pizzeria Amore Mio,-31.9284721,115.8998344,ChIJHUE6f1-6MioR84W7L_rpyfU,https://maps.google.com/?cid=17710944270363100659&g_mp=CiVnb29nbGUubWFwcy5wbGFjZXMudjEuUGxhY2VzLkdldFBsYWNlEAIYBCAA,4.8,1246
프랑스,파리,맛집,Le Clown Bar - Restaurant,48.8636036,2.3672314,ChIJ_aCXeQBy5kcR4ZxoRALxHhY,https://maps.google.com/?cid=1593976310175669473&g_mp=CiVnb29nbGUubWFwcy5wbGFjZXMudjEuUGxhY2VzLkdldFBsYWNlEAIYBCAA,4.2,1246
대한민국,서울,명소,LoL Park,37.571224,126.9815167,ChIJny4XAzCjfDURddP-mnc3F5I,https://maps.google.com/?cid=10526943640842851189&g_mp=CiVnb29nbGUubWFwcy5wbGFjZXMudjEuUGxhY2VzLkdldFBsYWNlEAIYBCAA,4.6,1245
대한민국,서울,박물관/미술관,Seoul Museum of Craft Art,37.5765997,126.9832253,ChIJY-nOhd2jfDUR_m1oGRl-0Cw,https://maps.google.com/?cid=3229219579090202110&g_mp=CiVnb29nbGUubWFwcy5wbGFjZXMudjEuUGxhY2VzLkdldFBsYWNlEAIYBCAA,4.7,1241
호주,시드니,맛집,Menya City Japanese Noodle Bar,-33.8710825,151.2045447,ChIJe80WzD6uEmsRUS2hx7axTjU,https://maps.google.com/?cid=3841202930785004881&g_mp=CiVnb29nbGUubWFwcy5wbGFjZXMudjEuUGxhY2VzLkdldFBsYWNlEAIYBCAA,4.4,1237
이탈리아,로마,맛집,Fauno 3.0 aperitivo cocktail bar,41.9092323,12.5117854,ChIJVcROdHRhLxMRrHU6UITgXn0,https://maps.google.com/?cid=9033904761438107052&g_mp=CiVnb29nbGUubWFwcy5wbGFjZXMudjEuUGxhY2VzLkdldFBsYWNlEAIYBCAA,4.1,1233
대한민국,제주도,자연/힐링,Wonang Falls,33.3002515,126.5801543,ChIJhcTEZBxVDDUR8r2GtHLP9PA,https://maps.google.com/?cid=17362730554982055410&g_mp=CiVnb29nbGUubWFwcy5wbGFjZXMudjEuUGxhY2VzLkdldFBsYWNlEAIYBCAA,4.4,1232
대한민국,부산,명소,"Dream Theatre, Busan",35.1484309,129.0653997,ChIJN_c42trraDURya5Z6L6OrZM,https://maps.google.com/?cid=10641318445139472073&g_mp=CiVnb29nbGUubWFwcy5wbGFjZXMudjEuUGxhY2VzLkdldFBsYWNlEAIYBCAA,4.4,1230
네덜란드,암스테르담,명소,Montelbaanstoren,52.3720106,4.9056278,ChIJDxYOhLsJxkcRmbq1H5bc6kE,https://maps.google.com/?cid=4749851294350817945&g_mp=CiVnb29nbGUubWFwcy5wbGFjZXMudjEuUGxhY2VzLkdldFBsYWNlEAIYBCAA,4.5,1222
스페인,바르셀로나,맛집,4 Latas Letamendi,41.3884887,2.1617916,ChIJZQQ8tr2jpBIRDVzp-DvF4Ic,https://maps.google.com/?cid=9791042451273243661&g_mp=CiVnb29nbGUubWFwcy5wbGFjZXMudjEuUGxhY2VzLkdldFBsYWNlEAIYBCAA,4,1218
대한민국,서울,역사,Jongmyo Shrine,37.5746313,126.9938158,ChIJz7ocWtiifDURU-HmRwLa3yQ,https://maps.google.com/?cid=2657082008502985043&g_mp=CiVnb29nbGUubWFwcy5wbGFjZXMudjEuUGxhY2VzLkdldFBsYWNlEAIYBCAA,4.5,1215
네덜란드,암스테르담,맛집,Tokyo Ramen Takeichi,52.3624076,4.8921064,ChIJWbLjaesJxkcRPR8bCMv2ZEI,https://maps.google.com/?cid=4784220056049098557&g_mp=CiVnb29nbGUubWFwcy5wbGFjZXMudjEuUGxhY2VzLkdldFBsYWNlEAIYBCAA,4.4,1214
호주,퍼스,맛집,Monsterella Pizza,-31.934191,115.8114781,ChIJz0KzqXClMioRBKAyEyXSzzY,https://maps.google.com/?cid=3949606454904922116&g_mp=CiVnb29nbGUubWFwcy5wbGFjZXMudjEuUGxhY2VzLkdldFBsYWNlEAIYBCAA,4.6,1209
체코,프라하,명소,"Chodovská tvrz (Kulturní Jižní Město, o. p. s. )",50.0345875,14.4990478,ChIJG8jyrTaSC0cR_OOn6Gzr-W0,https://maps.google.com/?cid=7924623872327410684&g_mp=CiVnb29nbGUubWFwcy5wbGFjZXMudjEuUGxhY2VzLkdldFBsYWNlEAIYBCAA,4.5,1205
독일,베를린,맛집,203,52.5208333,13.4094444,ChIJ6_8UkB9OqEcRW1_MjaTj85c,https://maps.google.com/?cid=10949345414960930651&g_mp=CiVnb29nbGUubWFwcy5wbGFjZXMudjEuUGxhY2VzLkdldFBsYWNlEAIYBCAA,4.3,1205
대한민국,제주도,맛집,Seongmi Garden,33.4376647,126.6769666,ChIJseDWf2oDDTURP1-3Zc3Uq0k,https://maps.google.com/?cid=5308570564426161983&g_mp=CiVnb29nbGUubWFwcy5wbGFjZXMudjEuUGxhY2VzLkdldFBsYWNlEAIYBCAA,4.1,1202
베트남,호치민,명소,Trung tâm hội nghị tiệc cưới Asiana Plaza Vườn Lài,10.7880675,106.625557,ChIJGfyIWJ0tdTERiKEMSqh2LRc,https://maps.google.com/?cid=1670121501993247112&g_mp=CiVnb29nbGUubWFwcy5wbGFjZXMudjEuUGxhY2VzLkdldFBsYWNlEAIYBCAA,4.3,1201
영국,런던,맛집,Quilon,51.4987366,-0.1377048,ChIJu3jc0d4EdkgRmVLp_Cwwti4,https://maps.google.com/?cid=3365930741285868185&g_mp=CiVnb29nbGUubWFwcy5wbGFjZXMudjEuUGxhY2VzLkdldFBsYWNlEAIYBCAA,4.4,1199
오스트리아,빈,자연/힐링,Landgut Wien Cobenzl,48.2645818,16.3203167,ChIJeTLlz8YIbUcRjTeZh4uQsBY,https://maps.google.com/?cid=1634965593685309325&g_mp=CiVnb29nbGUubWFwcy5wbGFjZXMudjEuUGxhY2VzLkdldFBsYWNlEAIYBCAA,4.2,1196
태국,방콕,카페,Café Narasingh,13.7683498,100.5327595,ChIJM0JUfrKe4jARM9tiLRrSOH0,https://maps.google.com/?cid=9023192863309224755&g_mp=CiVnb29nbGUubWFwcy5wbGFjZXMudjEuUGxhY2VzLkdldFBsYWNlEAIYBCAA,4.5,1192
영국,런던,카페,Salt and Pepper,51.517202,-0.127339,ChIJKZ0z8TIbdkgR1OQFzE0xTDs,https://maps.google.com/?cid=4272844356672939220&g_mp=CiVnb29nbGUubWFwcy5wbGFjZXMudjEuUGxhY2VzLkdldFBsYWNlEAIYBCAA,4.5,1190
베트남,호치민,맛집,Al Fresco's Cộng Hòa,10.8013114,106.6523106,ChIJEyzbR08pdTER8P6cSrRERps,https://maps.google.com/?cid=11188705865385180912&g_mp=CiVnb29nbGUubWFwcy5wbGFjZXMudjEuUGxhY2VzLkdldFBsYWNlEAIYBCAA,4.5,1188
일본,오사카,박물관/미술관,Minoh Park Insectarium,34.8410623,135.4715807,ChIJS4tTBSP6AGARy6aNKMQLaB4,https://maps.google.com/?cid=2191014155837613771&g_mp=CiVnb29nbGUubWFwcy5wbGFjZXMudjEuUGxhY2VzLkdldFBsYWNlEAIYBCAA,4.2,1185
태국,방콕,맛집,Adhere The 13th Blues Bar,13.7630805,100.4986599,ChIJBQ-8SmyZ4jAR9NLZe8fDmxM,https://maps.google.com/?cid=1412938169654563572&g_mp=CiVnb29nbGUubWFwcy5wbGFjZXMudjEuUGxhY2VzLkdldFBsYWNlEAIYBCAA,4.6,1186
스페인,마드리드,맛집,Moratin,40.4125418,-3.6954461,ChIJP8qO0ikmQg0RVZ95Zwom98s,https://maps.google.com/?cid=14697257735074455381&g_mp=CiVnb29nbGUubWFwcy5wbGFjZXMudjEuUGxhY2VzLkdldFBsYWNlEAIYBCAA,4.8,1182
스페인,마드리드,맛집,Bar El Rincón Guay,40.4074836,-3.7041641,ChIJWdQIXtMnQg0RDzj8cNzkmeE,https://maps.google.com/?cid=16256275965410031631&g_mp=CiVnb29nbGUubWFwcy5wbGFjZXMudjEuUGxhY2VzLkdldFBsYWNlEAIYBCAA,4,1182
이탈리아,로마,맛집,Bandana Republic,41.9108333,12.5011111,ChIJefJGVQlhLxMRVSMCv9w1erY,https://maps.google.com/?cid=13148881284275250005&g_mp=CiVnb29nbGUubWFwcy5wbGFjZXMudjEuUGxhY2VzLkdldFBsYWNlEAIYBCAA,4.4,1180
대한민국,제주도,명소,거린사슴전망대,33.3073168,126.4548441,ChIJM07M-khXDDUR6TK3AJLP7hI,https://maps.google.com/?cid=1364255963124019945&g_mp=CiVnb29nbGUubWFwcy5wbGFjZXMudjEuUGxhY2VzLkdldFBsYWNlEAIYBCAA,4.3,1176
체코,프라하,명소,Hotel Elysee,50.081623,14.4287338,ChIJoXVmuJKUC0cROcus7CUUlPU,https://maps.google.com/?cid=17695790988962614073&g_mp=CiVnb29nbGUubWFwcy5wbGFjZXMudjEuUGxhY2VzLkdldFBsYWNlEAIYBCAA,4.3,1177
체코,프라하,맛집,Microbrewery Malešice,50.0846501,14.5076396,ChIJlSGSlCOTC0cRGEL4EW6w6u0,https://maps.google.com/?cid=17143708918333587992&g_mp=CiVnb29nbGUubWFwcy5wbGFjZXMudjEuUGxhY2VzLkdldFBsYWNlEAIYBCAA,4.3,1170
스페인,바르셀로나,맛집,Albé Barcelona,41.3900619,2.1577329,ChIJR4agV2ijpBIRT_JkgErPRH4,https://maps.google.com/?cid=9098625066083873359&g_mp=CiVnb29nbGUubWFwcy5wbGFjZXMudjEuUGxhY2VzLkdldFBsYWNlEAIYBCAA,4.8,1163
베트남,호치민,맛집,Pizza Hut Hau Giang,10.7498675,106.6440754,ChIJ-zv6zIkudTERcZn3OCkzhB4,https://maps.google.com/?cid=2198938770206071153&g_mp=CiVnb29nbGUubWFwcy5wbGFjZXMudjEuUGxhY2VzLkdldFBsYWNlEAIYBCAA,4.6,1161
베트남,호치민,카페,Highlands Coffee Phan Huy Ích,10.8423251,106.6387426,ChIJU0hpLjkpdTERh0tfU6sPzSs,https://maps.google.com/?cid=3156196142369164167&g_mp=CiVnb29nbGUubWFwcy5wbGFjZXMudjEuUGxhY2VzLkdldFBsYWNlEAIYBCAA,4.2,1158
호주,시드니,맛집,A Bowl Of Noodles - Chippendale,-33.8861818,151.201494,ChIJH3423--vEmsRBKnsbNVndt4,https://maps.google.com/?cid=16030114090025003268&g_mp=CiVnb29nbGUubWFwcy5wbGFjZXMudjEuUGxhY2VzLkdldFBsYWNlEAIYBCAA,4.9,1155
대한민국,서울,맛집,Gusto Taco,37.5481409,126.9228025,ChIJ_8mAgsOYfDURto-mF4kA8Z0,https://maps.google.com/?cid=11380878322149265334&g_mp=CiVnb29nbGUubWFwcy5wbGFjZXMudjEuUGxhY2VzLkdldFBsYWNlEAIYBCAA,4.4,1152
체코,프라하,카페,Coffee Room,50.0752183,14.4513011,ChIJ93in7YKUC0cRuoIokRivKwE,https://maps.google.com/?cid=84353538085913274&g_mp=CiVnb29nbGUubWFwcy5wbGFjZXMudjEuUGxhY2VzLkdldFBsYWNlEAIYBCAA,4.6,1150
대한민국,제주도,박물관/미술관,Kim Tschang-Yeul Museum of Art,33.3391085,126.2687552,ChIJf7Ke-YtdDDURhWp0aLB1ehY,https://maps.google.com/?cid=1619736416520268421&g_mp=CiVnb29nbGUubWFwcy5wbGFjZXMudjEuUGxhY2VzLkdldFBsYWNlEAIYBCAA,4.4,1151
대한민국,부산,자연/힐링,APEC Naru Park,35.1706486,129.1254273,ChIJn_5LosSSaDURa9555jamRX8,https://maps.google.com/?cid=9170918970935074411&g_mp=CiVnb29nbGUubWFwcy5wbGFjZXMudjEuUGxhY2VzLkdldFBsYWNlEAIYBCAA,4.5,1149
이탈리아,베네치아,맛집,Trattoria Da Olindo,45.5037461,12.2982296,ChIJKWAaGaGzfkcRQNB4gbjoPao,https://maps.google.com/?cid=12267216839170904128&g_mp=CiVnb29nbGUubWFwcy5wbGFjZXMudjEuUGxhY2VzLkdldFBsYWNlEAIYBCAA,4.3,1149
일본,도쿄,맛집,Soranoiro,35.6830607,139.7394305,ChIJMTinHnuMGGAR7I2I9azgOhY,https://maps.google.com/?cid=1601839650941996524&g_mp=CiVnb29nbGUubWFwcy5wbGFjZXMudjEuUGxhY2VzLkdldFBsYWNlEAIYBCAA,4.1,1148
독일,베를린,명소,Tierpark Neukölln in der Hasenheide,52.486766,13.417118,ChIJOfPq0sdPqEcRtoJdnWY60w4,https://maps.google.com/?cid=1068261749018165942&g_mp=CiVnb29nbGUubWFwcy5wbGFjZXMudjEuUGxhY2VzLkdldFBsYWNlEAIYBCAA,4.5,1144
대한민국,부산,맛집,Nagahama Mangetsu,35.1666425,129.1574833,ChIJH9vDHGGNaDUR2GrUTQC42RU,https://maps.google.com/?cid=1574491856187976408&g_mp=CiVnb29nbGUubWFwcy5wbGFjZXMudjEuUGxhY2VzLkdldFBsYWNlEAIYBCAA,4.3,1142
프랑스,파리,맛집,Oculto,48.8601044,2.3500175,ChIJMRfcox5u5kcRXMySLEaXvbU,https://maps.google.com/?cid=13095789619114593372&g_mp=CiVnb29nbGUubWFwcy5wbGFjZXMudjEuUGxhY2VzLkdldFBsYWNlEAIYBCAA,4.4,1140
네덜란드,암스테르담,맛집,De Deli - Plantagebuurt,52.3669772,4.9120382,ChIJ3-CqaKIJxkcRSOHV9YLIOnk,https://maps.google.com/?cid=8735514892034236744&g_mp=CiVnb29nbGUubWFwcy5wbGFjZXMudjEuUGxhY2VzLkdldFBsYWNlEAIYBCAA,4.6,1131
호주,퍼스,맛집,Mayfair Lane Pub & Dining Room,-31.9474455,115.8403318,ChIJrQEvdjClMioRgwkQU17chxY,https://maps.google.com/?cid=1623508488368949635&g_mp=CiVnb29nbGUubWFwcy5wbGFjZXMudjEuUGxhY2VzLkdldFBsYWNlEAIYBCAA,4.4,1130
체코,프라하,맛집,Restaurace Cisterna,50.0453706,14.4911572,ChIJfa08cbSTC0cRDi3RRYgxrNU,https://maps.google.com/?cid=15396735687429532942&g_mp=CiVnb29nbGUubWFwcy5wbGFjZXMudjEuUGxhY2VzLkdldFBsYWNlEAIYBCAA,4.2,1129
네덜란드,암스테르담,명소,Albert Heijn,52.3627778,4.8922222,ChIJW9Y5a-sJxkcRlo6YvTNWkZ8,https://maps.google.com/?cid=11498066103877799574&g_mp=CiVnb29nbGUubWFwcy5wbGFjZXMudjEuUGxhY2VzLkdldFBsYWNlEAIYBCAA,4.1,1129
태국,방콕,맛집,Ba hao 八號,13.7403239,100.5140143,ChIJRTJGvSaZ4jARbspb9Zzuahc,https://maps.google.com/?cid=1687423368302414446&g_mp=CiVnb29nbGUubWFwcy5wbGFjZXMudjEuUGxhY2VzLkdldFBsYWNlEAIYBCAA,4.7,1122
스페인,바르셀로나,카페,365 Obrador,41.3752145,2.1634899,ChIJVVXFR2eipBIR4GOsmxDX9o0,https://maps.google.com/?cid=10229600069949875168&g_mp=CiVnb29nbGUubWFwcy5wbGFjZXMudjEuUGxhY2VzLkdldFBsYWNlEAIYBCAA,4.2,1121
이탈리아,로마,맛집,Ristorante da Vincenzo,41.9077455,12.4995053,ChIJU8lrvAlhLxMREM0dZNytiBA,https://maps.google.com/?cid=1191393263523581200&g_mp=CiVnb29nbGUubWFwcy5wbGFjZXMudjEuUGxhY2VzLkdldFBsYWNlEAIYBCAA,4.4,1114
베트남,호치민,맛집,MaLa Thái - Relax & Chill Garden,10.8104872,106.7183558,ChIJNWSE99YpdTERnQnaM1wW8bs,https://maps.google.com/?cid=13542630139742521757&g_mp=CiVnb29nbGUubWFwcy5wbGFjZXMudjEuUGxhY2VzLkdldFBsYWNlEAIYBCAA,4.7,1112
이탈리아,로마,맛집,Alla Bracioleria Italian Restaurant | Termini,41.9041782,12.5002156,ChIJ1e3sMIxhLxMRdzlSYMJTXzY,https://maps.google.com/?cid=3917942295140383095&g_mp=CiVnb29nbGUubWFwcy5wbGFjZXMudjEuUGxhY2VzLkdldFBsYWNlEAIYBCAA,4.1,1108
스위스,인터라켄,맛집,Restaurant Panorama,46.71976,7.7015342,ChIJJ9qgpx2uj0cRGACFGLz7E2c,https://maps.google.com/?cid=7427556995747872792&g_mp=CiVnb29nbGUubWFwcy5wbGFjZXMudjEuUGxhY2VzLkdldFBsYWNlEAIYBCAA,4.5,1108
베트남,다낭,맛집,Al Fresco's Trần Phú,16.0640671,108.2232655,ChIJKSFfiTIYQjERc_NIt_u2Htc,https://maps.google.com/?cid=15501028159683883891&g_mp=CiVnb29nbGUubWFwcy5wbGFjZXMudjEuUGxhY2VzLkdldFBsYWNlEAIYBCAA,4.2,1099
베트남,호치민,맛집,ẨM THỰC CHAY HƯƠNG SEN - CHAY NGON GÒ VẤP,10.8458194,106.6560836,ChIJHb7OqFopdTERH_i0DL5AaEk,https://maps.google.com/?cid=5289548947347798047&g_mp=CiVnb29nbGUubWFwcy5wbGFjZXMudjEuUGxhY2VzLkdldFBsYWNlEAIYBCAA,4.9,1094
프랑스,파리,명소,Collège des Bernardins,48.8487734,2.3519587,ChIJWX8Mq-Vx5kcRw20UtJ7338A,https://maps.google.com/?cid=13898099236086771139&g_mp=CiVnb29nbGUubWFwcy5wbGFjZXMudjEuUGxhY2VzLkdldFBsYWNlEAIYBCAA,4.7,1093
네덜란드,암스테르담,맛집,Bistrot Neuf,52.3793325,4.8936765,ChIJBfjiWcgJxkcRbUFoMVUlgxI,https://maps.google.com/?cid=1333950962463162733&g_mp=CiVnb29nbGUubWFwcy5wbGFjZXMudjEuUGxhY2VzLkdldFBsYWNlEAIYBCAA,4.5,1094
일본,도쿄,맛집,Aoi Napoli,35.7132614,139.7492448,ChIJPQJlr0uMGGARbHyoNmkqZag,https://maps.google.com/?cid=12134151402396613740&g_mp=CiVnb29nbGUubWFwcy5wbGFjZXMudjEuUGxhY2VzLkdldFBsYWNlEAIYBCAA,4.2,1089
독일,뮌헨,카페,Café am Beethovenplatz,48.1333402,11.5588918,ChIJ77o3clffnUcRDMly3blQ9cE,https://maps.google.com/?cid=13976165777828661516&g_mp=CiVnb29nbGUubWFwcy5wbGFjZXMudjEuUGxhY2VzLkdldFBsYWNlEAIYBCAA,4.2,1089
베트남,호치민,맛집,Pizza Hut,10.763371,106.667876,ChIJwydLKeQudTERYHKPm6OKQis,https://maps.google.com/?cid=3117206327387976288&g_mp=CiVnb29nbGUubWFwcy5wbGFjZXMudjEuUGxhY2VzLkdldFBsYWNlEAIYBCAA,4.7,1083
호주,퍼스,명소,SeaLink Rottnest Island,-32.0527098,115.7433531,ChIJwYGuXW6hMioRSIWOaXbvq9M,https://maps.google.com/?cid=15252547854876443976&g_mp=CiVnb29nbGUubWFwcy5wbGFjZXMudjEuUGxhY2VzLkdldFBsYWNlEAIYBCAA,4.7,1086
베트남,다낭,맛집,Quán Phú Hồng,16.0695677,108.2229792,ChIJ3xzmKjIYQjERKrkpxfu1R-Y,https://maps.google.com/?cid=16593431445019146538&g_mp=CiVnb29nbGUubWFwcy5wbGFjZXMudjEuUGxhY2VzLkdldFBsYWNlEAIYBCAA,4.8,1079
대한민국,서울,박물관/미술관,Seosomun Shrine History Museum,37.5605541,126.9688295,ChIJcWxy6eWjfDUR5VuxaZqfDQM,https://maps.google.com/?cid=220007442358033381&g_mp=CiVnb29nbGUubWFwcy5wbGFjZXMudjEuUGxhY2VzLkdldFBsYWNlEAIYBCAA,4.7,1076
대한민국,부산,맛집,스무고개,35.1646492,129.1751047,ChIJR-I3BSqNaDURshl65sm-iuY,https://maps.google.com/?cid=16612299949873961394&g_mp=CiVnb29nbGUubWFwcy5wbGFjZXMudjEuUGxhY2VzLkdldFBsYWNlEAIYBCAA,4.8,1073
스위스,인터라켄,박물관/미술관,Bourbaki Panorama Lucerne,47.056952,8.3113296,ChIJdyQZC5v7j0cRLwXsHwK1-PM,https://maps.google.com/?cid=17580000166170854703&g_mp=CiVnb29nbGUubWFwcy5wbGFjZXMudjEuUGxhY2VzLkdldFBsYWNlEAIYBCAA,4.5,1073
베트남,다낭,맛집,Bao An Macrobiotic,16.0753234,108.2408798,ChIJFbk1jogXQjERZh1qYR7NbTo,https://maps.google.com/?cid=4210246757028339046&g_mp=CiVnb29nbGUubWFwcy5wbGFjZXMudjEuUGxhY2VzLkdldFBsYWNlEAIYBCAA,4.6,1072
대한민국,서울,맛집,Osegye Hyang,37.5746333,126.9852542,ChIJrRpuw8KifDUR1Waj4T_oADU,https://maps.google.com/?cid=3819307845076346581&g_mp=CiVnb29nbGUubWFwcy5wbGFjZXMudjEuUGxhY2VzLkdldFBsYWNlEAIYBCAA,4.3,1063
태국,방콕,맛집,Snooze Coffee House,13.7656729,100.5004756,ChIJH5oDvG6Z4jARaF01cVPa2HA,https://maps.google.com/?cid=8131489179133893992&g_mp=CiVnb29nbGUubWFwcy5wbGFjZXMudjEuUGxhY2VzLkdldFBsYWNlEAIYBCAA,4.7,1062
독일,뮌헨,카페,Café Joon,48.1509347,11.5654472,ChIJ99VIi_11nkcRgQ2k3oTScPQ,https://maps.google.com/?cid=17613809610758819201&g_mp=CiVnb29nbGUubWFwcy5wbGFjZXMudjEuUGxhY2VzLkdldFBsYWNlEAIYBCAA,4.5,1063
체코,프라하,맛집,Turnovská pivnice Vršovice,50.0699133,14.4737349,ChIJr-VBO3STC0cR-RA-VZXQRPQ,https://maps.google.com/?cid=17601422583469576441&g_mp=CiVnb29nbGUubWFwcy5wbGFjZXMudjEuUGxhY2VzLkdldFBsYWNlEAIYBCAA,4.2,1062
독일,베를린,맛집,Kourosh,52.5194028,13.4267437,ChIJhbCM7VZQqEcR4DQw616tAvU,https://maps.google.com/?cid=17654864112430101728&g_mp=CiVnb29nbGUubWFwcy5wbGFjZXMudjEuUGxhY2VzLkdldFBsYWNlEAIYBCAA,4.2,1059
오스트리아,빈,카페,AIDA - Café-Konditorei,48.2174914,16.3903111,ChIJDX7MqAgHbUcRDSeh7uUvbFo,https://maps.google.com/?cid=6515635425495820045&g_mp=CiVnb29nbGUubWFwcy5wbGFjZXMudjEuUGxhY2VzLkdldFBsYWNlEAIYBCAA,4.5,1050
일본,오사카,카페,Manpuku Bakery,34.690065,135.5100593,ChIJaccEI9_mAGARO_nyeYfmwNI,https://maps.google.com/?cid=15186391413034252603&g_mp=CiVnb29nbGUubWFwcy5wbGFjZXMudjEuUGxhY2VzLkdldFBsYWNlEAIYBCAA,4.2,1050
프랑스,파리,맛집,Amore Mio,48.844581,2.354497,ChIJ7VrozjTpC0ERac90xF06o5Y,https://maps.google.com/?cid=10854583701295386473&g_mp=CiVnb29nbGUubWFwcy5wbGFjZXMudjEuUGxhY2VzLkdldFBsYWNlEAIYBCAA,4.3,1047
베트남,호치민,맛집,Nhà hàng Chay Bếp xanh An Duyên,10.7512885,106.6695546,ChIJefooOfkudTER5LO21o7W4mg,https://maps.google.com/?cid=7557839033657111524&g_mp=CiVnb29nbGUubWFwcy5wbGFjZXMudjEuUGxhY2VzLkdldFBsYWNlEAIYBCAA,4.5,1045
영국,런던,맛집,Bar Amercain,51.5106368,-0.1355753,ChIJ-z-BbNQEdkgRuyoew25dAFI,https://maps.google.com/?cid=5908825441411410619&g_mp=CiVnb29nbGUubWFwcy5wbGFjZXMudjEuUGxhY2VzLkdldFBsYWNlEAIYBCAA,4.6,1043
호주,멜버른,맛집,Cherry,-37.8128542,144.9713379,ChIJk09g4LdC1moRFzfxUe2lPQM,https://maps.google.com/?cid=233525194393728791&g_mp=CiVnb29nbGUubWFwcy5wbGFjZXMudjEuUGxhY2VzLkdldFBsYWNlEAIYBCAA,4.3,1041
프랑스,파리,명소,Pont au Change,48.8566201,2.3467988,ChIJpRG50B9u5kcRWXhSvP7k4cw,https://maps.google.com/?cid=14763332836229544025&g_mp=CiVnb29nbGUubWFwcy5wbGFjZXMudjEuUGxhY2VzLkdldFBsYWNlEAIYBCAA,4.6,1040
이탈리아,피렌체,맛집,Caffè Centofiori,43.7295204,11.021125,ChIJXcZCTiFdKhMRAyfhbYut6xs,https://maps.google.com/?cid=2011892472906589955&g_mp=CiVnb29nbGUubWFwcy5wbGFjZXMudjEuUGxhY2VzLkdldFBsYWNlEAIYBCAA,4.5,1041
대한민국,서울,박물관/미술관,National Assembly Constitution Memorial Hall,37.5318645,126.9190653,ChIJza-t-CaffDURSvXtQdcp7Nk,https://maps.google.com/?cid=15702972005234898250&g_mp=CiVnb29nbGUubWFwcy5wbGFjZXMudjEuUGxhY2VzLkdldFBsYWNlEAIYBCAA,4.2,1036
영국,런던,맛집,Golden Lion,51.5062978,-0.1376113,ChIJmXZ6D9cEdkgRz2cCVMxCOfs,https://maps.google.com/?cid=18102573622542624719&g_mp=CiVnb29nbGUubWFwcy5wbGFjZXMudjEuUGxhY2VzLkdldFBsYWNlEAIYBCAA,4.3,1033
영국,런던,명소,St James's Piccadilly,51.508607,-0.1369234,ChIJtyCyl9YEdkgRmLDsf1NLqk8,https://maps.google.com/?cid=5740483497037705368&g_mp=CiVnb29nbGUubWFwcy5wbGFjZXMudjEuUGxhY2VzLkdldFBsYWNlEAIYBCAA,4.6,1031
호주,시드니,맛집,"Kittyhawk, NY",-33.8649764,151.2122139,ChIJE4qJJGquEmsRrpYvuc70HRI,https://maps.google.com/?cid=1305468635714655918&g_mp=CiVnb29nbGUubWFwcy5wbGFjZXMudjEuUGxhY2VzLkdldFBsYWNlEAIYBCAA,4.5,1030
대한민국,서울,박물관/미술관,Literary Museum of Poet Yun Dong-ju,37.5920723,126.9671193,ChIJJeO-o7GifDURTajw3VibV10,https://maps.google.com/?cid=6726015374484088909&g_mp=CiVnb29nbGUubWFwcy5wbGFjZXMudjEuUGxhY2VzLkdldFBsYWNlEAIYBCAA,4.3,1029
베트남,다낭,맛집,Danang Tower,16.0708286,108.2291598,ChIJJ4Ek09YZQjER-zAXyXNZ3hI,https://maps.google.com/?cid=1359622491342319867&g_mp=CiVnb29nbGUubWFwcy5wbGFjZXMudjEuUGxhY2VzLkdldFBsYWNlEAIYBCAA,4.5,1024
베트남,호치민,맛집,Pizza Hut,10.7367049,106.6711616,ChIJAzCUD1IudTERjKGvH_kO5KY,https://maps.google.com/?cid=12025753368127316364&g_mp=CiVnb29nbGUubWFwcy5wbGFjZXMudjEuUGxhY2VzLkdldFBsYWNlEAIYBCAA,4.8,1017
이탈리아,베네치아,명소,Pista Azzurra,45.5059878,12.6269267,ChIJZ1JVs6YBfEcRMQ_MsSSiBWI,https://maps.google.com/?cid=7063229869085953841&g_mp=CiVnb29nbGUubWFwcy5wbGFjZXMudjEuUGxhY2VzLkdldFBsYWNlEAIYBCAA,4.3,1017
베트남,호치민,역사,Giong Junction Martyrs' Memorial,10.868225,106.5585429,ChIJo0DwcYUrdTERrGbRfCeVDHw,https://maps.google.com/?cid=8938683357253953196&g_mp=CiVnb29nbGUubWFwcy5wbGFjZXMudjEuUGxhY2VzLkdldFBsYWNlEAIYBCAA,4.7,1016
스페인,마드리드,맛집,Antigua Pastelería del Pozo,40.416257,-3.7012027,ChIJvcCf74AoQg0R02JBZZXRMy8,https://maps.google.com/?cid=3401292583173972691&g_mp=CiVnb29nbGUubWFwcy5wbGFjZXMudjEuUGxhY2VzLkdldFBsYWNlEAIYBCAA,4.5,1015
대한민국,제주도,해변,Jungmun Saekdal Beach,33.2451968,126.4111861,ChIJ79AXk8haDDURrfp2JK5_izk,https://maps.google.com/?cid=4146548267837487789&g_mp=CiVnb29nbGUubWFwcy5wbGFjZXMudjEuUGxhY2VzLkdldFBsYWNlEAIYBCAA,4.3,1001
오스트리아,빈,맛집,Alaverdi,48.2070639,16.388176,ChIJVWogJHMHbUcRpceUEuaaaHg,https://maps.google.com/?cid=8676354995074156453&g_mp=CiVnb29nbGUubWFwcy5wbGFjZXMudjEuUGxhY2VzLkdldFBsYWNlEAIYBCAA,4.4,997
호주,시드니,맛집,Pasta Emilia,-33.8814667,151.2134042,ChIJSy4ptBmuEmsRwLNJWAfh0Q0,https://maps.google.com/?cid=995824414287836096&g_mp=CiVnb29nbGUubWFwcy5wbGFjZXMudjEuUGxhY2VzLkdldFBsYWNlEAIYBCAA,4.2,998
네덜란드,암스테르담,맛집,Mr Burger,52.3751256,4.9011325,ChIJaexoweIJxkcR5sp9RDYQsx0,https://maps.google.com/?cid=2140072073194490598&g_mp=CiVnb29nbGUubWFwcy5wbGFjZXMudjEuUGxhY2VzLkdldFBsYWNlEAIYBCAA,4.3,988
스페인,바르셀로나,맛집,Bodega Vidrios y Cristales,41.381577,2.182773,ChIJc4Chlv-ipBIRFlSkACnuEmU,https://maps.google.com/?cid=7283145407283352598&g_mp=CiVnb29nbGUubWFwcy5wbGFjZXMudjEuUGxhY2VzLkdldFBsYWNlEAIYBCAA,4.6,987
대한민국,서울,역사,Jungnim-dong Yakhyeon Catholic Church,37.5591355,126.9674611,ChIJyfyatmOifDURInd2PlDeFR4,https://maps.google.com/?cid=2167883231875462946&g_mp=CiVnb29nbGUubWFwcy5wbGFjZXMudjEuUGxhY2VzLkdldFBsYWNlEAIYBCAA,4.6,986
독일,베를린,카페,Maracay Coffee,52.5036478,13.3841389,ChIJTegsmNJRqEcR-H02Fbk50jo,https://maps.google.com/?cid=4238513666396683768&g_mp=CiVnb29nbGUubWFwcy5wbGFjZXMudjEuUGxhY2VzLkdldFBsYWNlEAIYBCAA,4.7,983
이탈리아,베네치아,맛집,Pizzeria Ai Bari,45.4407852,12.3248846,ChIJGfuotcaxfkcRcjJVSYasiCo,https://maps.google.com/?cid=3064889239181537906&g_mp=CiVnb29nbGUubWFwcy5wbGFjZXMudjEuUGxhY2VzLkdldFBsYWNlEAIYBCAA,4.2,982
호주,시드니,맛집,RAMBLIN RASCAL,-33.8730607,151.2096951,ChIJlSzNGz6uEmsRGQSke1hExlg,https://maps.google.com/?cid=6396875467548525593&g_mp=CiVnb29nbGUubWFwcy5wbGFjZXMudjEuUGxhY2VzLkdldFBsYWNlEAIYBCAA,4.6,981
베트남,호치민,맛집,Pizza Hut,10.8060253,106.7161389,ChIJPXzMU4IpdTERjuxhdlrkHxk,https://maps.google.com/?cid=1810416652410547342&g_mp=CiVnb29nbGUubWFwcy5wbGFjZXMudjEuUGxhY2VzLkdldFBsYWNlEAIYBCAA,4.9,980
오스트리아,빈,맛집,Café Merkur,48.2120135,16.3518956,ChIJ89vOtOoHbUcRXEUDXY-ISGA,https://maps.google.com/?cid=6937945375286445404&g_mp=CiVnb29nbGUubWFwcy5wbGFjZXMudjEuUGxhY2VzLkdldFBsYWNlEAIYBCAA,4.5,980
독일,베를린,맛집,Calice D‘oro,52.5166261,13.3877118,ChIJmdghzCFRqEcRyPh2x8g39P0,https://maps.google.com/?cid=18299312521392617672&g_mp=CiVnb29nbGUubWFwcy5wbGFjZXMudjEuUGxhY2VzLkdldFBsYWNlEAIYBCAA,4.4,980
베트남,다낭,맛집,Bikini Bottom Express Pink Church,16.0672669,108.2236558,ChIJ7Qa_GAAZQjERwDheIFSvF2c,https://maps.google.com/?cid=7428598886226081984&g_mp=CiVnb29nbGUubWFwcy5wbGFjZXMudjEuUGxhY2VzLkdldFBsYWNlEAIYBCAA,4.8,979
독일,뮌헨,명소,Alter Hof,48.1382181,11.5781223,ChIJLST_l-51nkcR7RNhg-M6V80,https://maps.google.com/?cid=14796359849585218541&g_mp=CiVnb29nbGUubWFwcy5wbGFjZXMudjEuUGxhY2VzLkdldFBsYWNlEAIYBCAA,4.4,976
독일,뮌헨,맛집,Apostel's Restaurant,48.1268756,11.5822568,ChIJV9vH52TfnUcRZzSd3CMOmVo,https://maps.google.com/?cid=6528264682038178919&g_mp=CiVnb29nbGUubWFwcy5wbGFjZXMudjEuUGxhY2VzLkdldFBsYWNlEAIYBCAA,4.3,974
네덜란드,암스테르담,맛집,4850,52.3577937,4.913378,ChIJy6c7h5wJxkcRrPbBc-EP7dk,https://maps.google.com/?cid=15703224936694937260&g_mp=CiVnb29nbGUubWFwcy5wbGFjZXMudjEuUGxhY2VzLkdldFBsYWNlEAIYBCAA,4.7,973
대한민국,서울,맛집,Kongbul Hongdae,37.5549976,126.9233319,ChIJm3YTa8OYfDURQ8s2wsELSPE,https://maps.google.com/?cid=17386159288278764355&g_mp=CiVnb29nbGUubWFwcy5wbGFjZXMudjEuUGxhY2VzLkdldFBsYWNlEAIYBCAA,4.4,972
호주,멜버른,맛집,Corniche Restaurant,-37.8244171,144.9441986,ChIJb6CD9nxd1moR4D8Bjby-jo8,https://maps.google.com/?cid=10344415111145406432&g_mp=CiVnb29nbGUubWFwcy5wbGFjZXMudjEuUGxhY2VzLkdldFBsYWNlEAIYBCAA,4.5,970
프랑스,파리,맛집,La Petite Louise,48.8719548,2.3569228,ChIJB4Cj9w1u5kcRnQMrEjk4Ehg,https://maps.google.com/?cid=1734510624260162461&g_mp=CiVnb29nbGUubWFwcy5wbGFjZXMudjEuUGxhY2VzLkdldFBsYWNlEAIYBCAA,4.4,970
대한민국,제주도,명소,Sanbangsan Land,33.2337761,126.3117802,ChIJ608wKgFDDDURYY6R6PoT19Y,https://maps.google.com/?cid=15480864212473974369&g_mp=CiVnb29nbGUubWFwcy5wbGFjZXMudjEuUGxhY2VzLkdldFBsYWNlEAIYBCAA,4,970
베트남,호치민,맛집,Pizza Hut,10.7874813,106.6631621,ChIJowgcl80udTERK3NHyZQ77rU,https://maps.google.com/?cid=13109481075540194091&g_mp=CiVnb29nbGUubWFwcy5wbGFjZXMudjEuUGxhY2VzLkdldFBsYWNlEAIYBCAA,4.7,968
스위스,인터라켄,맛집,Restaurant Grindelwaldblick,46.5892715,7.960587,ChIJAyT215-fj0cRvuAL0qj9s-U,https://maps.google.com/?cid=16551851957037031614&g_mp=CiVnb29nbGUubWFwcy5wbGFjZXMudjEuUGxhY2VzLkdldFBsYWNlEAIYBCAA,4.6,966
독일,베를린,맛집,Aida,52.5068333,13.3228333,ChIJB8iULf1QqEcRoe6ecNcH3y0,https://maps.google.com/?cid=3305369273402060449&g_mp=CiVnb29nbGUubWFwcy5wbGFjZXMudjEuUGxhY2VzLkdldFBsYWNlEAIYBCAA,4.8,963
네덜란드,암스테르담,카페,Best Bread Boba,52.3557707,4.8804591,ChIJWRU2IPoJxkcRVeX6bWh0x5M,https://maps.google.com/?cid=10648607835811407189&g_mp=CiVnb29nbGUubWFwcy5wbGFjZXMudjEuUGxhY2VzLkdldFBsYWNlEAIYBCAA,4.5,1000
이탈리아,베네치아,명소,Chiesa del Santissimo Redentore,45.4252894,12.3324601,ChIJL5LLXiuwfkcRyx4enzr3v2g,https://maps.google.com/?cid=7548023331645955787&g_mp=CiVnb29nbGUubWFwcy5wbGFjZXMudjEuUGxhY2VzLkdldFBsYWNlEAIYBCAA,4.6,958
호주,멜버른,카페,KUU Café + Japanese kitchen.,-37.8344889,144.9634745,ChIJTV7l5ABo1moRxhMW3MEwMAA,https://maps.google.com/?cid=13564408061367238&g_mp=CiVnb29nbGUubWFwcy5wbGFjZXMudjEuUGxhY2VzLkdldFBsYWNlEAIYBCAA,4.4,954
호주,시드니,카페,Ampersand Cafe & Bookstore.,-33.8831036,151.2209812,ChIJH2wnkLRQkWsR5F11rOyftmY,https://maps.google.com/?cid=7401278876484460004&g_mp=CiVnb29nbGUubWFwcy5wbGFjZXMudjEuUGxhY2VzLkdldFBsYWNlEAIYBCAA,4.1,953
대한민국,부산,맛집,쿠우쿠우 골드 부산경성대점,35.1373422,129.0992879,ChIJaYcCIYvtaDUR_x2WMbj0aWI,https://maps.google.com/?cid=7091468160214638079&g_mp=CiVnb29nbGUubWFwcy5wbGFjZXMudjEuUGxhY2VzLkdldFBsYWNlEAIYBCAA,4.2,952
대한민국,서울,맛집,Rolling Pasta Jongno,37.5695309,126.9880325,ChIJT7xvC7GjfDURPDIJPb5VuOw,https://maps.google.com/?cid=17057477864221913660&g_mp=CiVnb29nbGUubWFwcy5wbGFjZXMudjEuUGxhY2VzLkdldFBsYWNlEAIYBCAA,4.1,951
스페인,바르셀로나,카페,365 Obrador,41.3956863,2.1793527,ChIJ9yYR1S6jpBIR9fsH22goXuk,https://maps.google.com/?cid=16815922489464454133&g_mp=CiVnb29nbGUubWFwcy5wbGFjZXMudjEuUGxhY2VzLkdldFBsYWNlEAIYBCAA,4.1,953
베트남,호치민,맛집,Duck 34 - Bach Dang,10.8143915,106.6702882,ChIJfy7J06gpdTER0MqQ_aPk3Oc,https://maps.google.com/?cid=16707480110622624464&g_mp=CiVnb29nbGUubWFwcy5wbGFjZXMudjEuUGxhY2VzLkdldFBsYWNlEAIYBCAA,4.8,947
영국,런던,맛집,Blanchette,51.5146838,-0.1360685,ChIJSX22s9QEdkgRYirb_vza9GE,https://maps.google.com/?cid=7058507296138799714&g_mp=CiVnb29nbGUubWFwcy5wbGFjZXMudjEuUGxhY2VzLkdldFBsYWNlEAIYBCAA,4.4,946
대한민국,제주도,자연/힐링,Hyeopjae Cave: Hallim Park,33.3879944,126.2397837,ChIJH3xFicBgDDUR0f8li_aGqlA,https://maps.google.com/?cid=5812606662529646545&g_mp=CiVnb29nbGUubWFwcy5wbGFjZXMudjEuUGxhY2VzLkdldFBsYWNlEAIYBCAA,4.3,941
네덜란드,암스테르담,카페,Bosco,52.3652128,4.8739236,ChIJzXWl1uAJxkcRrPiISZh4g8c,https://maps.google.com/?cid=14376467030960830636&g_mp=CiVnb29nbGUubWFwcy5wbGFjZXMudjEuUGxhY2VzLkdldFBsYWNlEAIYBCAA,4.4,940
대한민국,부산,박물관/미술관,Busan Museum of Movies,35.101702,129.0337655,ChIJ2eNoiHTpaDUROvt2dSyLeI4,https://maps.google.com/?cid=10266108373656599354&g_mp=CiVnb29nbGUubWFwcy5wbGFjZXMudjEuUGxhY2VzLkdldFBsYWNlEAIYBCAA,4.2,938
스위스,인터라켄,명소,Boutique Hotel Schloss Hünigen,46.8728333,7.6229361,ChIJK_WikFQ1jkcR4wsC5R8FrkI,https://maps.google.com/?cid=4804783486995139555&g_mp=CiVnb29nbGUubWFwcy5wbGFjZXMudjEuUGxhY2VzLkdldFBsYWNlEAIYBCAA,4.7,935
호주,멜버른,카페,279,-37.8056505,144.951959,ChIJwZP-zuRd1moRerW91SboCPE,https://maps.google.com/?cid=17368387216446698874&g_mp=CiVnb29nbGUubWFwcy5wbGFjZXMudjEuUGxhY2VzLkdldFBsYWNlEAIYBCAA,4.5,933
이탈리아,베네치아,맛집,Al Bacan,45.4447173,12.3925664,ChIJWfFtumOufkcRGp-cIfHJCaU,https://maps.google.com/?cid=11892258328536719130&g_mp=CiVnb29nbGUubWFwcy5wbGFjZXMudjEuUGxhY2VzLkdldFBsYWNlEAIYBCAA,4,926
이탈리아,로마,카페,081 Cafè,41.8919583,12.5022852,ChIJ_yrNELxhLxMRjx7sGllYeX0,https://maps.google.com/?cid=9041354866649996943&g_mp=CiVnb29nbGUubWFwcy5wbGFjZXMudjEuUGxhY2VzLkdldFBsYWNlEAIYBCAA,4.5,924
이탈리아,베네치아,맛집,A La Vecia Papussa,45.445008,12.3306315,ChIJvYLjecKxfkcRtGtxh4KQP-0,https://maps.google.com/?cid=17095541600814197684&g_mp=CiVnb29nbGUubWFwcy5wbGFjZXMudjEuUGxhY2VzLkdldFBsYWNlEAIYBCAA,4.4,922
베트남,호치민,맛집,Pizza Hut,10.8454461,106.6649029,ChIJ6QozOe0pdTERPyH7MM1XkNM,https://maps.google.com/?cid=15244781277450805567&g_mp=CiVnb29nbGUubWFwcy5wbGFjZXMudjEuUGxhY2VzLkdldFBsYWNlEAIYBCAA,4.8,920
호주,퍼스,맛집,Anytime Deli,-31.9595591,115.9025567,ChIJo98r_qa7MioR1hA-d8lwwLc,https://maps.google.com/?cid=13240706915060551894&g_mp=CiVnb29nbGUubWFwcy5wbGFjZXMudjEuUGxhY2VzLkdldFBsYWNlEAIYBCAA,4.3,919
대한민국,부산,박물관/미술관,Busan Science Center,35.12022,129.0440363,ChIJCasBlNvraDURe44Zv5W6t3s,https://maps.google.com/?cid=8914799139722202747&g_mp=CiVnb29nbGUubWFwcy5wbGFjZXMudjEuUGxhY2VzLkdldFBsYWNlEAIYBCAA,4.2,917
이탈리아,베네치아,명소,Chiesa Parrocchiale di San Moisè,45.4331461,12.3359212,ChIJ19v8L9exfkcRsEmt1AW4bCw,https://maps.google.com/?cid=3201135770336053680&g_mp=CiVnb29nbGUubWFwcy5wbGFjZXMudjEuUGxhY2VzLkdldFBsYWNlEAIYBCAA,4.6,912
오스트리아,빈,맛집,Daniel Bakery Vienna,48.1888733,16.3839548,ChIJN-6bkGIHbUcRBujExIMrIHc,https://maps.google.com/?cid=8583908734710114310&g_mp=CiVnb29nbGUubWFwcy5wbGFjZXMudjEuUGxhY2VzLkdldFBsYWNlEAIYBCAA,4.3,911
독일,베를린,카페,Cafe Melon,52.5311739,13.4267621,ChIJg5dwzBpOqEcRSm3_6gS1sDU,https://maps.google.com/?cid=3868791112638360906&g_mp=CiVnb29nbGUubWFwcy5wbGFjZXMudjEuUGxhY2VzLkdldFBsYWNlEAIYBCAA,4.8,910
대한민국,부산,명소,Gwangan Bridge,35.147551,129.1302088,ChIJm7q1izntaDURsE73CHRyKWc,https://maps.google.com/?cid=7433598502643912368&g_mp=CiVnb29nbGUubWFwcy5wbGFjZXMudjEuUGxhY2VzLkdldFBsYWNlEAIYBCAA,4.6,908
영국,런던,맛집,Cafe Murano St James,51.5072148,-0.1396488,ChIJfaZoM9YEdkgRi7nkpF0p-V8,https://maps.google.com/?cid=6915604184979257739&g_mp=CiVnb29nbGUubWFwcy5wbGFjZXMudjEuUGxhY2VzLkdldFBsYWNlEAIYBCAA,4.4,905
호주,시드니,맛집,The Doss House,-33.858775,151.2088611,ChIJbzJQTUSuEmsRQADdenHtgA0,https://maps.google.com/?cid=973038591160418368&g_mp=CiVnb29nbGUubWFwcy5wbGFjZXMudjEuUGxhY2VzLkdldFBsYWNlEAIYBCAA,4.5,903
호주,시드니,맛집,Darlo Bar,-33.877986,151.2206267,ChIJaVxY6hGuEmsRT7xRTYn89I8,https://maps.google.com/?cid=10373193508379016271&g_mp=CiVnb29nbGUubWFwcy5wbGFjZXMudjEuUGxhY2VzLkdldFBsYWNlEAIYBCAA,4.3,898
스페인,바르셀로나,맛집,La Dama,41.3946343,2.1530738,ChIJp8W5SJqipBIRhLbkLQP4AFg,https://maps.google.com/?cid=6341340967876212356&g_mp=CiVnb29nbGUubWFwcy5wbGFjZXMudjEuUGxhY2VzLkdldFBsYWNlEAIYBCAA,4.3,891
네덜란드,암스테르담,맛집,At Letting,52.3776427,4.88731,ChIJlzr9h8UJxkcRG_O3shUW-uE,https://maps.google.com/?cid=16283351685159973659&g_mp=CiVnb29nbGUubWFwcy5wbGFjZXMudjEuUGxhY2VzLkdldFBsYWNlEAIYBCAA,4.7,886
독일,뮌헨,맛집,Chi thu,48.1282767,11.5761596,ChIJn3BAxLbfnUcRxtDryD5yh8E,https://maps.google.com/?cid=13945240385160466630&g_mp=CiVnb29nbGUubWFwcy5wbGFjZXMudjEuUGxhY2VzLkdldFBsYWNlEAIYBCAA,4.2,882
스페인,바르셀로나,명소,Espanya,41.3745179,2.1484676,ChIJ_989FHmipBIRw2hcB-tgG7c,https://maps.google.com/?cid=13194246095869077699&g_mp=CiVnb29nbGUubWFwcy5wbGFjZXMudjEuUGxhY2VzLkdldFBsYWNlEAIYBCAA,4.4,881
스위스,인터라켄,맛집,Stock's Bar & Steakhouse,46.6454354,7.6903669,ChIJLyBZpcquj0cRRSXD48iFty0,https://maps.google.com/?cid=3294248750305977669&g_mp=CiVnb29nbGUubWFwcy5wbGFjZXMudjEuUGxhY2VzLkdldFBsYWNlEAIYBCAA,4.4,881
대한민국,부산,박물관/미술관,부산해양자연사박물관,35.2219498,129.0756469,ChIJl6JkEI-TaDURJX_IhMxsTig,https://maps.google.com/?cid=2904378435357409061&g_mp=CiVnb29nbGUubWFwcy5wbGFjZXMudjEuUGxhY2VzLkdldFBsYWNlEAIYBCAA,4.4,880
호주,시드니,명소,Anzac Bridge,-33.8692555,151.1857521,ChIJFcqrwMyvEmsRu6cc19PSs6Q,https://maps.google.com/?cid=11868061250340300731&g_mp=CiVnb29nbGUubWFwcy5wbGFjZXMudjEuUGxhY2VzLkdldFBsYWNlEAIYBCAA,4.6,879
베트남,호치민,카페,Trung Nguyen Legend Coffee World,10.7796361,106.7004213,ChIJM1OGRpwvdTERqtE7-g7AQEw,https://maps.google.com/?cid=5494602715952304554&g_mp=CiVnb29nbGUubWFwcy5wbGFjZXMudjEuUGxhY2VzLkdldFBsYWNlEAIYBCAA,4.8,878
독일,뮌헨,맛집,Jazzclub Unterfahrt,48.135447,11.6008469,ChIJA4WPa391nkcRom3xbB-Zq9s,https://maps.google.com/?cid=15828913675574537634&g_mp=CiVnb29nbGUubWFwcy5wbGFjZXMudjEuUGxhY2VzLkdldFBsYWNlEAIYBCAA,4.7,878
스페인,바르셀로나,맛집,Baden Baden,41.3868789,2.165555,ChIJgwhDQfOipBIRFUynZPqkweI,https://maps.google.com/?cid=16339522318414334997&g_mp=CiVnb29nbGUubWFwcy5wbGFjZXMudjEuUGxhY2VzLkdldFBsYWNlEAIYBCAA,4.3,878
스위스,인터라켄,맛집,Restaurant Pizzeria Grund,46.622128,8.0238457,ChIJNYu7WU2Zj0cR3vebHb3Weew,https://maps.google.com/?cid=17039886772866906078&g_mp=CiVnb29nbGUubWFwcy5wbGFjZXMudjEuUGxhY2VzLkdldFBsYWNlEAIYBCAA,4,877
베트남,호치민,카페,Cong Cafe,10.7707708,106.6879109,ChIJVY7gsRgvdTERdtPzDXFM7Ck,https://maps.google.com/?cid=3020873498507858806&g_mp=CiVnb29nbGUubWFwcy5wbGFjZXMudjEuUGxhY2VzLkdldFBsYWNlEAIYBCAA,4.4,876
독일,베를린,맛집,Agora Restaurant,52.5095345,13.4120648,ChIJbfFqfS9OqEcRHVR6l-CgWvw,https://maps.google.com/?cid=18184023331936293917&g_mp=CiVnb29nbGUubWFwcy5wbGFjZXMudjEuUGxhY2VzLkdldFBsYWNlEAIYBCAA,4.4,875
베트남,호치민,맛집,Pizza Hut,10.8148789,106.6049897,ChIJS1FKBo0rdTER3sXfkFifgv0,https://maps.google.com/?cid=18267338241304675806&g_mp=CiVnb29nbGUubWFwcy5wbGFjZXMudjEuUGxhY2VzLkdldFBsYWNlEAIYBCAA,4.9,870
네덜란드,암스테르담,광장,Albert Cuyp Markt,52.3553059,4.8915504,ChIJZapZuvIJxkcRmAvJTwrtnNE,https://maps.google.com/?cid=15104207878837832600&g_mp=CiVnb29nbGUubWFwcy5wbGFjZXMudjEuUGxhY2VzLkdldFBsYWNlEAIYBCAA,4.5,875
대한민국,제주도,명소,김녕해수욕장,33.5582774,126.759787,ChIJ45fOZ0cYDTURjwZ-9Vsg8GM,https://maps.google.com/?cid=7201291383498213007&g_mp=CiVnb29nbGUubWFwcy5wbGFjZXMudjEuUGxhY2VzLkdldFBsYWNlEAIYBCAA,4.5,867
베트남,호치민,카페,The Coffee House - Binh Phu,10.7434218,106.6302245,ChIJ-Vwot3gudTEREU5ehfU_t8k,https://maps.google.com/?cid=14535156646098652689&g_mp=CiVnb29nbGUubWFwcy5wbGFjZXMudjEuUGxhY2VzLkdldFBsYWNlEAIYBCAA,4.3,867
오스트리아,빈,맛집,Gasthaus Buchecker & Sohn,48.1969751,16.3711721,ChIJscHBYSqobUcRYvuLdS-jjvU,https://maps.google.com/?cid=17694259410216156002&g_mp=CiVnb29nbGUubWFwcy5wbGFjZXMudjEuUGxhY2VzLkdldFBsYWNlEAIYBCAA,4.6,864
대한민국,서울,박물관/미술관,The Korean National Police Museum,37.5720879,126.9621243,ChIJiWQ9BY6ifDURhrriBa6boJM,https://maps.google.com/?cid=10637673491574471302&g_mp=CiVnb29nbGUubWFwcy5wbGFjZXMudjEuUGxhY2VzLkdldFBsYWNlEAIYBCAA,4.1,860
네덜란드,암스테르담,맛집,MOS,52.3838045,4.8955074,ChIJ1dPTPsoJxkcRTmyCkfNISjI,https://maps.google.com/?cid=3623789061128481870&g_mp=CiVnb29nbGUubWFwcy5wbGFjZXMudjEuUGxhY2VzLkdldFBsYWNlEAIYBCAA,4.7,859
베트남,호치민,맛집,Pizza Hut,10.836547,106.6038141,ChIJK7r7XQ4rdTERMu30Y0OmRGU,https://maps.google.com/?cid=7297140104617061682&g_mp=CiVnb29nbGUubWFwcy5wbGFjZXMudjEuUGxhY2VzLkdldFBsYWNlEAIYBCAA,4.9,858
스위스,인터라켄,맛집,Bergrestaurant Kleine Scheidegg,46.5850178,7.9607143,ChIJh2ymLKefj0cR0BY9UUqf3Rs,https://maps.google.com/?cid=2007936150416463568&g_mp=CiVnb29nbGUubWFwcy5wbGFjZXMudjEuUGxhY2VzLkdldFBsYWNlEAIYBCAA,4,858
스페인,마드리드,카페,Churreria Patuchurro,40.3933238,-3.6789377,ChIJd0ACT2smQg0REa12180c9e4,https://maps.google.com/?cid=17218700420729711889&g_mp=CiVnb29nbGUubWFwcy5wbGFjZXMudjEuUGxhY2VzLkdldFBsYWNlEAIYBCAA,4.4,856
베트남,호치민,역사,Church of St. Jeanne D' Arc,10.7569249,106.6672286,ChIJG_phjR4vdTERSgOYX93F2KY,https://maps.google.com/?cid=12022576759847781194&g_mp=CiVnb29nbGUubWFwcy5wbGFjZXMudjEuUGxhY2VzLkdldFBsYWNlEAIYBCAA,4.6,853
호주,퍼스,맛집,Himalayan Nepalese Restaurant & Cafe,-31.9750201,115.8975139,ChIJcYEwaHa7MioRg98bMiIq5Bo,https://maps.google.com/?cid=1937720066034098051&g_mp=CiVnb29nbGUubWFwcy5wbGFjZXMudjEuUGxhY2VzLkdldFBsYWNlEAIYBCAA,4.3,853
태국,방콕,맛집,Elvis Suki,13.7425256,100.5227095,ChIJRTmdbaWZ4jARKd0jlRcjRbY,https://maps.google.com/?cid=13133942472489295145&g_mp=CiVnb29nbGUubWFwcy5wbGFjZXMudjEuUGxhY2VzLkdldFBsYWNlEAIYBCAA,4.1,853
베트남,호치민,맛집,Nhà Hàng Chay Buffet D'GEMMA Phổ Quang,10.8059229,106.6662123,ChIJO01YZ6ApdTERthZQ_hqgOsM,https://maps.google.com/?cid=14067732423841420982&g_mp=CiVnb29nbGUubWFwcy5wbGFjZXMudjEuUGxhY2VzLkdldFBsYWNlEAIYBCAA,4.3,851
태국,방콕,카페,After You Dessert Cafe,13.7457189,100.5301826,ChIJwwEur9Ke4jARE66WscTcJZs,https://maps.google.com/?cid=11179584387368267283&g_mp=CiVnb29nbGUubWFwcy5wbGFjZXMudjEuUGxhY2VzLkdldFBsYWNlEAIYBCAA,4.4,845
스위스,인터라켄,맛집,Trümmelbach,46.5693113,7.9145104,ChIJPSdKjhegj0cRIp5rM91QL94,https://maps.google.com/?cid=16010104111306087970&g_mp=CiVnb29nbGUubWFwcy5wbGFjZXMudjEuUGxhY2VzLkdldFBsYWNlEAIYBCAA,4.6,844
대한민국,서울,맛집,853,37.5747059,126.985071,ChIJyXXbKhGjfDURI1f7JxSwW1o,https://maps.google.com/?cid=6510991286910801699&g_mp=CiVnb29nbGUubWFwcy5wbGFjZXMudjEuUGxhY2VzLkdldFBsYWNlEAIYBCAA,4.6,841
호주,시드니,맛집,Bellevue Cottage By Antoine,-33.8712997,151.1846842,ChIJieIV0fGvEmsRexHLU1gMzoY,https://maps.google.com/?cid=9713715019787211131&g_mp=CiVnb29nbGUubWFwcy5wbGFjZXMudjEuUGxhY2VzLkdldFBsYWNlEAIYBCAA,4.5,837
태국,방콕,역사,King Taksin the Great Monument,13.7263014,100.4931135,ChIJyw029fqY4jARIt_zI6YfFbY,https://maps.google.com/?cid=13120427887842025250&g_mp=CiVnb29nbGUubWFwcy5wbGFjZXMudjEuUGxhY2VzLkdldFBsYWNlEAIYBCAA,4.6,836
대한민국,부산,박물관/미술관,National Museum of Forced Mobilization under Japanese Occupation,35.12499,129.092335,ChIJqUUeZ13saDURm8433Uh8hz4,https://maps.google.com/?cid=4505706604598382235&g_mp=CiVnb29nbGUubWFwcy5wbGFjZXMudjEuUGxhY2VzLkdldFBsYWNlEAIYBCAA,4.5,836
태국,방콕,맛집,Swing Bar,13.7524677,100.5022129,ChIJD40jGxSZ4jARAdz6qwlE7rs,https://maps.google.com/?cid=13541835937880398849&g_mp=CiVnb29nbGUubWFwcy5wbGFjZXMudjEuUGxhY2VzLkdldFBsYWNlEAIYBCAA,4.4,837
베트남,호치민,맛집,Nhà hàng Tuấn Mập,10.7869375,106.6350281,ChIJp1_WmR8vdTERl84-s144WLA,https://maps.google.com/?cid=12706968328011173527&g_mp=CiVnb29nbGUubWFwcy5wbGFjZXMudjEuUGxhY2VzLkdldFBsYWNlEAIYBCAA,4.1,835
태국,방콕,카페,GATTA CAfe (Seacon Square) - Specialty Coffee,13.6949494,100.6487089,ChIJ_RuZ1-thHTER1-GZVTxHvUI,https://maps.google.com/?cid=4809078301561315799&g_mp=CiVnb29nbGUubWFwcy5wbGFjZXMudjEuUGxhY2VzLkdldFBsYWNlEAIYBCAA,4.9,833
태국,방콕,맛집,Baan Wang Lang Riverside,13.7548,100.4865068,ChIJHWUWJQqZ4jARAtfHR_Zqabs,https://maps.google.com/?cid=13504442563645921026&g_mp=CiVnb29nbGUubWFwcy5wbGFjZXMudjEuUGxhY2VzLkdldFBsYWNlEAIYBCAA,4.5,833
일본,오사카,카페,Cafe LA,34.669874,135.5000604,ChIJbXOMbOPnAGARfAylLx6Z84s,https://maps.google.com/?cid=10084572345540086908&g_mp=CiVnb29nbGUubWFwcy5wbGFjZXMudjEuUGxhY2VzLkdldFBsYWNlEAIYBCAA,4.8,830
오스트리아,빈,맛집,IKO,48.2116189,16.3714126,ChIJ6c9sQqIHbUcRKFXLDotX034,https://maps.google.com/?cid=9138744323625145640&g_mp=CiVnb29nbGUubWFwcy5wbGFjZXMudjEuUGxhY2VzLkdldFBsYWNlEAIYBCAA,4.5,829
베트남,호치민,맛집,Phạm Nghiêm Trai,10.7661435,106.6881469,ChIJV-rQMBIvdTERKJ2FMkbK72k,https://maps.google.com/?cid=7633542296260418856&g_mp=CiVnb29nbGUubWFwcy5wbGFjZXMudjEuUGxhY2VzLkdldFBsYWNlEAIYBCAA,4.8,827
이탈리아,로마,명소,Quartiere Coppedè,41.9187992,12.5023354,ChIJD-uYOABhLxMRUg1eixVHSuM,https://maps.google.com/?cid=16377981152744312146&g_mp=CiVnb29nbGUubWFwcy5wbGFjZXMudjEuUGxhY2VzLkdldFBsYWNlEAIYBCAA,4.8,826
베트남,다낭,카페,Tân Coffee,16.0565099,108.22162,ChIJ19xlo2YZQjERS9S48ItSGMM,https://maps.google.com/?cid=14058076997829579851&g_mp=CiVnb29nbGUubWFwcy5wbGFjZXMudjEuUGxhY2VzLkdldFBsYWNlEAIYBCAA,4.3,823
베트남,다낭,맛집,KHONG Vegan Kitchen,16.0519683,108.2439186,ChIJ-8AB3oAXQjERptcQoIvuNCE,https://maps.google.com/?cid=2392799585493899174&g_mp=CiVnb29nbGUubWFwcy5wbGFjZXMudjEuUGxhY2VzLkdldFBsYWNlEAIYBCAA,4.8,818
베트남,호치민,카페,Highlands Coffee – Saigon Pavillon,10.7764241,106.6885396,ChIJMSG-3aovdTERBev5wwyy9a4,https://maps.google.com/?cid=12607178499790859013&g_mp=CiVnb29nbGUubWFwcy5wbGFjZXMudjEuUGxhY2VzLkdldFBsYWNlEAIYBCAA,4.3,814
이탈리아,로마,맛집,Caffè Olimpia,41.9028754,12.4791957,ChIJR_807lNgLxMR74WxQ9LKY-c,https://maps.google.com/?cid=16673393249883358703&g_mp=CiVnb29nbGUubWFwcy5wbGFjZXMudjEuUGxhY2VzLkdldFBsYWNlEAIYBCAA,4.2,812
스페인,바르셀로나,카페,365,41.3866477,2.1753999,ChIJg97ZZbejpBIRHfxoZt7acgQ,https://maps.google.com/?cid=320559172232477725&g_mp=CiVnb29nbGUubWFwcy5wbGFjZXMudjEuUGxhY2VzLkdldFBsYWNlEAIYBCAA,4.1,808
프랑스,파리,카페,BlackBird Coffee,48.8612888,2.3560345,ChIJA-oUlcpv5kcRZKuiJ5HrfHs,https://maps.google.com/?cid=8898245972445014884&g_mp=CiVnb29nbGUubWFwcy5wbGFjZXMudjEuUGxhY2VzLkdldFBsYWNlEAIYBCAA,4.6,802
베트남,호치민,맛집,Prem Bistro and Cafe,10.786464,106.694317,ChIJ6ZB5PDsvdTERbb4QPETF8Mw,https://maps.google.com/?cid=14767520075004034669&g_mp=CiVnb29nbGUubWFwcy5wbGFjZXMudjEuUGxhY2VzLkdldFBsYWNlEAIYBCAA,4.6,797
태국,방콕,맛집,Krua Apsorn @Samsen,13.7740734,100.5062943,ChIJ2ayngBOZ4jARqgvyGWQ_aGY,https://maps.google.com/?cid=7379217688611130282&g_mp=CiVnb29nbGUubWFwcy5wbGFjZXMudjEuUGxhY2VzLkdldFBsYWNlEAIYBCAA,4.3,797
영국,런던,맛집,LOCKES | Cocktail & Pizza Bar | Covent Garden,51.5153099,-0.1215322,ChIJZ1e59PgbdkgRlwUOb_jeR9w,https://maps.google.com/?cid=15872900570287048087&g_mp=CiVnb29nbGUubWFwcy5wbGFjZXMudjEuUGxhY2VzLkdldFBsYWNlEAIYBCAA,4.8,796
체코,프라하,맛집,Lezecká Stěna a restaurace Free Solo,50.0370566,14.5056833,ChIJj4z5jTeSC0cR6Q_C4vO87j0,https://maps.google.com/?cid=4462712036438183913&g_mp=CiVnb29nbGUubWFwcy5wbGFjZXMudjEuUGxhY2VzLkdldFBsYWNlEAIYBCAA,4.3,795
영국,런던,역사,Lambeth Palace,51.4954351,-0.1201508,ChIJoeMzysEEdkgRF8t3uM9I5gw,https://maps.google.com/?cid=929510430088874775&g_mp=CiVnb29nbGUubWFwcy5wbGFjZXMudjEuUGxhY2VzLkdldFBsYWNlEAIYBCAA,4.5,793
스페인,바르셀로나,카페,Afecte,41.3935969,2.1654834,ChIJC2q7cAWjpBIRpTKtKP4fL1s,https://maps.google.com/?cid=6570505557821436581&g_mp=CiVnb29nbGUubWFwcy5wbGFjZXMudjEuUGxhY2VzLkdldFBsYWNlEAIYBCAA,4.7,788
호주,시드니,자연/힐링,Cockatoo Island,-33.8470558,151.1716362,ChIJ14MT4aSvEmsRMKvw-Wh9AQ8,https://maps.google.com/?cid=1081283275368999728&g_mp=CiVnb29nbGUubWFwcy5wbGFjZXMudjEuUGxhY2VzLkdldFBsYWNlEAIYBCAA,4.4,785
베트남,호치민,맛집,Pizza Hut,10.7386373,106.7105722,ChIJ2xkKwA0vdTEReb_-9yoV1uk,https://maps.google.com/?cid=16849678330146766713&g_mp=CiVnb29nbGUubWFwcy5wbGFjZXMudjEuUGxhY2VzLkdldFBsYWNlEAIYBCAA,4.9,784
영국,런던,공원/정원,Geraldine Mary Harmsworth Park,51.496208,-0.1075536,ChIJOaopNbwEdkgR3wX1XiFCZMo,https://maps.google.com/?cid=14583854204426978783&g_mp=CiVnb29nbGUubWFwcy5wbGFjZXMudjEuUGxhY2VzLkdldFBsYWNlEAIYBCAA,4.5,784
대한민국,서울,맛집,La Yeon,37.5557646,127.0050866,ChIJf8Lq1wSjfDURbuyVUM14Svc,https://maps.google.com/?cid=17819187698860420206&g_mp=CiVnb29nbGUubWFwcy5wbGFjZXMudjEuUGxhY2VzLkdldFBsYWNlEAIYBCAA,4.5,782
독일,뮌헨,맛집,Arisu Restaurant,48.1400583,11.5883806,ChIJMZFBb491nkcRscOxzsYn71M,https://maps.google.com/?cid=6048096559406629809&g_mp=CiVnb29nbGUubWFwcy5wbGFjZXMudjEuUGxhY2VzLkdldFBsYWNlEAIYBCAA,4.4,782
체코,프라하,맛집,Hamerský sklípek,50.0515977,14.4856469,ChIJm9YdA7CTC0cREMhyxZx6oPQ,https://maps.google.com/?cid=17627223755274242064&g_mp=CiVnb29nbGUubWFwcy5wbGFjZXMudjEuUGxhY2VzLkdldFBsYWNlEAIYBCAA,4.5,778
독일,베를린,맛집,Locanda 12 Apostoli,52.4663889,13.2561111,ChIJo6xxHvZZqEcRhVH2OZY5czg,https://maps.google.com/?cid=4067658205826011525&g_mp=CiVnb29nbGUubWFwcy5wbGFjZXMudjEuUGxhY2VzLkdldFBsYWNlEAIYBCAA,4.1,776
이탈리아,로마,역사,Basilica of Saint Pudentiana,41.8983274,12.495782,ChIJM4bGQLBhLxMRiOqBKlIbCao,https://maps.google.com/?cid=12252354300952570504&g_mp=CiVnb29nbGUubWFwcy5wbGFjZXMudjEuUGxhY2VzLkdldFBsYWNlEAIYBCAA,4.6,771
네덜란드,암스테르담,맛집,Café 't Hooischip,52.3665265,4.9017524,ChIJQxfr-L0JxkcRCeFdB7Iy2jE,https://maps.google.com/?cid=3592239392990552329&g_mp=CiVnb29nbGUubWFwcy5wbGFjZXMudjEuUGxhY2VzLkdldFBsYWNlEAIYBCAA,4.6,770
대한민국,부산,명소,일광해수욕장,35.2597783,129.2339709,ChIJ_TnytlWPaDURRkiMOhhZT2s,https://maps.google.com/?cid=7732497045814790214&g_mp=CiVnb29nbGUubWFwcy5wbGFjZXMudjEuUGxhY2VzLkdldFBsYWNlEAIYBCAA,4,770
호주,시드니,맛집,Shell House,-33.8651655,151.2067183,ChIJNT38zwmvEmsRiZHInwB-M60,https://maps.google.com/?cid=12480457533519597961&g_mp=CiVnb29nbGUubWFwcy5wbGFjZXMudjEuUGxhY2VzLkdldFBsYWNlEAIYBCAA,4.1,770
프랑스,파리,맛집,Amici Miei,48.8581857,2.3693644,ChIJGeIvrf9t5kcR5MHcYocAyLA,https://maps.google.com/?cid=12738432127496667620&g_mp=CiVnb29nbGUubWFwcy5wbGFjZXMudjEuUGxhY2VzLkdldFBsYWNlEAIYBCAA,4.5,766
베트남,호치민,카페,Little HaNoi Egg Coffee,10.7686648,106.6900895,ChIJJUuIdQAvdTERwcf8aAdIOzQ,https://maps.google.com/?cid=3763681110261548993&g_mp=CiVnb29nbGUubWFwcy5wbGFjZXMudjEuUGxhY2VzLkdldFBsYWNlEAIYBCAA,4.9,765
독일,베를린,박물관/미술관,Museum Ephraim-Palais,52.515897,13.407189,ChIJtak0zyBOqEcR4kNi2Xmnyf0,https://maps.google.com/?cid=18287331903694586850&g_mp=CiVnb29nbGUubWFwcy5wbGFjZXMudjEuUGxhY2VzLkdldFBsYWNlEAIYBCAA,4.4,761
호주,멜버른,맛집,Caretaker's Cottage,-37.8096618,144.967849,ChIJI_RgtUND1moRnACbclQN7Bg,https://maps.google.com/?cid=1795825007765160092&g_mp=CiVnb29nbGUubWFwcy5wbGFjZXMudjEuUGxhY2VzLkdldFBsYWNlEAIYBCAA,4.7,759
대한민국,서울,자연/힐링,Jungnangcheon Stream,37.602016,127.0719497,ChIJo3pH96W7fDUR0VI-rshAQc8,https://maps.google.com/?cid=14934289069998232273&g_mp=CiVnb29nbGUubWFwcy5wbGFjZXMudjEuUGxhY2VzLkdldFBsYWNlEAIYBCAA,4.4,759
오스트리아,빈,맛집,Bella Santi,48.2038242,16.3852665,ChIJf7K43HMHbUcRG2L-dhMXGMA,https://maps.google.com/?cid=13841838827091419675&g_mp=CiVnb29nbGUubWFwcy5wbGFjZXMudjEuUGxhY2VzLkdldFBsYWNlEAIYBCAA,4.4,759
독일,뮌헨,카페,Backspielhaus,48.1489476,11.6002033,ChIJB9Wc0p51nkcR4f8MhYf66Oc,https://maps.google.com/?cid=16710881877317976033&g_mp=CiVnb29nbGUubWFwcy5wbGFjZXMudjEuUGxhY2VzLkdldFBsYWNlEAIYBCAA,4.5,757
스페인,바르셀로나,맛집,Casa Leopoldo,41.3793122,2.1694127,ChIJNQIHyu-jpBIRq0vhq00ZpdE,https://maps.google.com/?cid=15106508346471041963&g_mp=CiVnb29nbGUubWFwcy5wbGFjZXMudjEuUGxhY2VzLkdldFBsYWNlEAIYBCAA,4.7,754
독일,베를린,맛집,Augustiner auf Bötzow / Wirtshaus und Biergarten,52.5294246,13.4168594,ChIJ4ZfpSgBPqEcRODdyoLN65IE,https://maps.google.com/?cid=9359740837492307768&g_mp=CiVnb29nbGUubWFwcy5wbGFjZXMudjEuUGxhY2VzLkdldFBsYWNlEAIYBCAA,4,751
베트남,호치민,카페,The Coffee House,10.7733107,106.6276177,ChIJSQP-XMotdTEROON9gQd-qKo,https://maps.google.com/?cid=12297217353237521208&g_mp=CiVnb29nbGUubWFwcy5wbGFjZXMudjEuUGxhY2VzLkdldFBsYWNlEAIYBCAA,4.3,750
이탈리아,피렌체,맛집,Bar Leonardo,43.727206,10.9379101,ChIJOQON30dnKhMRkV1JtKmzq0E,https://maps.google.com/?cid=4732073374938389905&g_mp=CiVnb29nbGUubWFwcy5wbGFjZXMudjEuUGxhY2VzLkdldFBsYWNlEAIYBCAA,4.2,750
네덜란드,암스테르담,맛집,Scheltema,52.37209,4.890386,ChIJkeyRSsEJxkcRmAoKeSmfMh4,https://maps.google.com/?cid=2175976570446547608&g_mp=CiVnb29nbGUubWFwcy5wbGFjZXMudjEuUGxhY2VzLkdldFBsYWNlEAIYBCAA,4.4,747
독일,베를린,카페,Café Sibylle,52.5172216,13.4369781,ChIJC7edBEBOqEcRcs3vZ9l4hyE,https://maps.google.com/?cid=2416032600254565746&g_mp=CiVnb29nbGUubWFwcy5wbGFjZXMudjEuUGxhY2VzLkdldFBsYWNlEAIYBCAA,4.1,743
호주,시드니,맛집,Great Southern Bar,-33.8809271,151.2045715,ChIJjc7ShyOuEmsRcRxJV6MdbOE,https://maps.google.com/?cid=16243390543399820401&g_mp=CiVnb29nbGUubWFwcy5wbGFjZXMudjEuUGxhY2VzLkdldFBsYWNlEAIYBCAA,4.3,743
일본,도쿄,명소,Okuma Auditorium,35.7089127,139.7215347,ChIJaYg_uRyNGGARaSxUu4_gr8w,https://maps.google.com/?cid=14749254212589464681&g_mp=CiVnb29nbGUubWFwcy5wbGFjZXMudjEuUGxhY2VzLkdldFBsYWNlEAIYBCAA,4.4,742
대한민국,부산,박물관/미술관,Provisional Capital Memorial Hall,35.103541,129.0174306,ChIJOzfjGL3paDUR_EjJ4O2CuPc,https://maps.google.com/?cid=17850161081273108732&g_mp=CiVnb29nbGUubWFwcy5wbGFjZXMudjEuUGxhY2VzLkdldFBsYWNlEAIYBCAA,4.4,740
프랑스,파리,맛집,DAD'S DEN,48.8533296,2.3613827,ChIJrT-z1a9x5kcRqg1TPyEmgDU,https://maps.google.com/?cid=3855123205267328426&g_mp=CiVnb29nbGUubWFwcy5wbGFjZXMudjEuUGxhY2VzLkdldFBsYWNlEAIYBCAA,4.3,740
대한민국,서울,박물관/미술관,Seoul City Wall Museum,37.5728474,127.0085027,ChIJMcLQwDqjfDURxI7Jgi211H4,https://maps.google.com/?cid=9139128750913982148&g_mp=CiVnb29nbGUubWFwcy5wbGFjZXMudjEuUGxhY2VzLkdldFBsYWNlEAIYBCAA,4.3,737
일본,도쿄,카페,Afternoon Tea • LOVE & TABLE Omotesando,35.6670868,139.710998,ChIJWUug3KGMGGAR30V7YgpIPnQ,https://maps.google.com/?cid=8376211566394820063&g_mp=CiVnb29nbGUubWFwcy5wbGFjZXMudjEuUGxhY2VzLkdldFBsYWNlEAIYBCAA,4,737
독일,뮌헨,맛집,Frau im Mond - Dachterrasse,48.1292759,11.5817598,ChIJvfM440rfnUcR04T0Ig-HxNU,https://maps.google.com/?cid=15403585124594648275&g_mp=CiVnb29nbGUubWFwcy5wbGFjZXMudjEuUGxhY2VzLkdldFBsYWNlEAIYBCAA,4.7,735
베트남,호치민,카페,MeTrang Coffee,10.7761161,106.7064775,ChIJz38r99UvdTERoh8d6N7-qZM,https://maps.google.com/?cid=10640315827969925026&g_mp=CiVnb29nbGUubWFwcy5wbGFjZXMudjEuUGxhY2VzLkdldFBsYWNlEAIYBCAA,4.6,738
베트남,호치민,카페,Highlands Coffee,10.7753902,106.6994323,ChIJPaV2gDgvdTERkDRRqtvgkHo,https://maps.google.com/?cid=8831806103333450896&g_mp=CiVnb29nbGUubWFwcy5wbGFjZXMudjEuUGxhY2VzLkdldFBsYWNlEAIYBCAA,4.3,734
베트남,호치민,카페,The Coffee House - Hoa Sứ,10.7987393,106.6887739,ChIJ50vZySEpdTERVpkEIos-mBM,https://maps.google.com/?cid=1411947250472753494&g_mp=CiVnb29nbGUubWFwcy5wbGFjZXMudjEuUGxhY2VzLkdldFBsYWNlEAIYBCAA,4.2,734
베트남,다낭,카페,Highlands Coffee,16.06611,108.2033402,ChIJB1IxSU0YQjERJb8Y-peEnZY,https://maps.google.com/?cid=10852976465303617317&g_mp=CiVnb29nbGUubWFwcy5wbGFjZXMudjEuUGxhY2VzLkdldFBsYWNlEAIYBCAA,4.1,734
독일,뮌헨,카페,A Little Lost,48.1422876,11.5589474,ChIJz2GKmTR1nkcRgZgMET_r_RY,https://maps.google.com/?cid=1656738894043715713&g_mp=CiVnb29nbGUubWFwcy5wbGFjZXMudjEuUGxhY2VzLkdldFBsYWNlEAIYBCAA,4.6,730
체코,프라하,맛집,Hotel Kanarek,50.0515829,14.537382,ChIJz-5U6GOSC0cREtA8aKjjFCo,https://maps.google.com/?cid=3032298761570013202&g_mp=CiVnb29nbGUubWFwcy5wbGFjZXMudjEuUGxhY2VzLkdldFBsYWNlEAIYBCAA,4.2,730
대한민국,서울,역사,Seoul City Wall Trail,37.5779633,127.0084459,ChIJM6GP-jGjfDURIQIUGOqWA6Y,https://maps.google.com/?cid=11962570967396647457&g_mp=CiVnb29nbGUubWFwcy5wbGFjZXMudjEuUGxhY2VzLkdldFBsYWNlEAIYBCAA,4.7,729
일본,오사카,맛집,BeeRUSH KITA,34.702712,135.5014728,ChIJX87OW5PmAGARXSCIK9MCsbc,https://maps.google.com/?cid=13236363885810294877&g_mp=CiVnb29nbGUubWFwcy5wbGFjZXMudjEuUGxhY2VzLkdldFBsYWNlEAIYBCAA,4.4,732
호주,시드니,맛집,Dumpling & Noodle House,-33.8805335,151.1968308,ChIJn9FIMS-uEmsRWT7hPYef-7I,https://maps.google.com/?cid=12897077361113120345&g_mp=CiVnb29nbGUubWFwcy5wbGFjZXMudjEuUGxhY2VzLkdldFBsYWNlEAIYBCAA,4.3,729
체코,프라하,맛집,Eureka Kitchen,50.0456222,14.4782177,ChIJA0CAqLmTC0cREfqODhKYlhw,https://maps.google.com/?cid=2060001082889665041&g_mp=CiVnb29nbGUubWFwcy5wbGFjZXMudjEuUGxhY2VzLkdldFBsYWNlEAIYBCAA,4.2,729
호주,퍼스,카페,Dôme Café - Maylands,-31.9279425,115.8913824,ChIJP5jTL_O6MioRkyl8wGXz3gU,https://maps.google.com/?cid=423043033366014355&g_mp=CiVnb29nbGUubWFwcy5wbGFjZXMudjEuUGxhY2VzLkdldFBsYWNlEAIYBCAA,4.1,730
이탈리아,베네치아,역사,Armenian Monastery Mechitarist,45.4123316,12.3608718,ChIJdaRfqtKxfkcRmFxQ48Kmaks,https://maps.google.com/?cid=5434339256343485592&g_mp=CiVnb29nbGUubWFwcy5wbGFjZXMudjEuUGxhY2VzLkdldFBsYWNlEAIYBCAA,4.8,726
영국,런던,맛집,The Admiral Duncan - Soho,51.5129131,-0.1322792,ChIJyTTZAtMEdkgRf26pa-FLfhU,https://maps.google.com/?cid=1548758753408020095&g_mp=CiVnb29nbGUubWFwcy5wbGFjZXMudjEuUGxhY2VzLkdldFBsYWNlEAIYBCAA,4.5,721
대한민국,서울,맛집,ON THE BORDER,37.5175835,126.9035036,ChIJIYYwXPuefDURFJMswfU2pbM,https://maps.google.com/?cid=12944813133082170132&g_mp=CiVnb29nbGUubWFwcy5wbGFjZXMudjEuUGxhY2VzLkdldFBsYWNlEAIYBCAA,4.1,722
스페인,마드리드,명소,Apollo Fountain,40.4172548,-3.6938537,ChIJD2WfQYMoQg0RBnGoKGPWdss,https://maps.google.com/?cid=14661141358323462406&g_mp=CiVnb29nbGUubWFwcy5wbGFjZXMudjEuUGxhY2VzLkdldFBsYWNlEAIYBCAA,4.5,720
스페인,마드리드,맛집,BISCOTTO,40.4232701,-3.6690838,ChIJTf_tO64oQg0RJ4DMIISzQIo,https://maps.google.com/?cid=9962159755810865191&g_mp=CiVnb29nbGUubWFwcy5wbGFjZXMudjEuUGxhY2VzLkdldFBsYWNlEAIYBCAA,4,719
대한민국,서울,박물관/미술관,Cheonggyecheon Museum,37.5712267,127.0350281,ChIJjTC4hlSjfDURuOsfDcQFIko,https://maps.google.com/?cid=5341838447606754232&g_mp=CiVnb29nbGUubWFwcy5wbGFjZXMudjEuUGxhY2VzLkdldFBsYWNlEAIYBCAA,4.3,718
베트남,다낭,카페,Highlands Coffee Tran Phu Da Nang,16.0639258,108.2233057,ChIJ-_eMMPAZQjERXhS8sd4507Q,https://maps.google.com/?cid=13029821775540393054&g_mp=CiVnb29nbGUubWFwcy5wbGFjZXMudjEuUGxhY2VzLkdldFBsYWNlEAIYBCAA,4.1,717
대한민국,제주,맛집,Yang Brothers Burger,33.3073201,126.2540152,ChIJf-9S7vJnDDURRdsEObhgilI,https://maps.google.com/?cid=5947672602243029829&g_mp=CiVnb29nbGUubWFwcy5wbGFjZXMudjEuUGxhY2VzLkdldFBsYWNlEAIYBCAA,4.1,716
오스트리아,빈,명소,Palais Niederösterreich,48.2101945,16.3652018,ChIJb7IyHpgHbUcRY1QYdVp8VTw,https://maps.google.com/?cid=4347517743249511523&g_mp=CiVnb29nbGUubWFwcy5wbGFjZXMudjEuUGxhY2VzLkdldFBsYWNlEAIYBCAA,4.7,712
독일,뮌헨,맛집,Aimy - Southeast Asian Cuisine,48.143243,11.5751323,ChIJs2mC0_V1nkcRRkdqlMDk8IU,https://maps.google.com/?cid=9651465517229819718&g_mp=CiVnb29nbGUubWFwcy5wbGFjZXMudjEuUGxhY2VzLkdldFBsYWNlEAIYBCAA,4.5,711
네덜란드,암스테르담,맛집,Pizza Beppe Nassaukade - Amsterdam West,52.364831,4.87842,ChIJtzfv8SAJxkcRkd2MIeXfCX8,https://maps.google.com/?cid=9154093892810628497&g_mp=CiVnb29nbGUubWFwcy5wbGFjZXMudjEuUGxhY2VzLkdldFBsYWNlEAIYBCAA,4.3,710
호주,멜버른,맛집,Bar Ampere,-37.8136637,144.9674292,ChIJ5cMk-8lC1moRo_Vrk8TQwpY,https://maps.google.com/?cid=10863474793876551075&g_mp=CiVnb29nbGUubWFwcy5wbGFjZXMudjEuUGxhY2VzLkdldFBsYWNlEAIYBCAA,4.5,709
스페인,바르셀로나,자연/힐링,El Llobregat,41.7834841,1.9091232,ChIJ7152GPsIpRIRPDE-XC8fibQ,https://maps.google.com/?cid=13008963286907892028&g_mp=CiVnb29nbGUubWFwcy5wbGFjZXMudjEuUGxhY2VzLkdldFBsYWNlEAIYBCAA,4.3,707
대한민국,부산,맛집,OUTBACK Steakhouse Haeundae,35.1604618,129.1622566,ChIJPT5toF6NaDURMo-unDQKpow,https://maps.google.com/?cid=10134799232527142706&g_mp=CiVnb29nbGUubWFwcy5wbGFjZXMudjEuUGxhY2VzLkdldFBsYWNlEAIYBCAA,4.2,707
이탈리아,로마,역사,Septimius Severus Arch,41.8928832,12.4847441,ChIJBxt8qLRhLxMRhbiuqmVhI0I,https://maps.google.com/?cid=4765759919971285125&g_mp=CiVnb29nbGUubWFwcy5wbGFjZXMudjEuUGxhY2VzLkdldFBsYWNlEAIYBCAA,4.8,705
독일,뮌헨,맛집,Boazn - Öffentliche Bedürfnisanstalt,48.131758,11.5876367,ChIJ6Tg0ULXfnUcRE_ZBx7y2xBs,https://maps.google.com/?cid=2000925056372438547&g_mp=CiVnb29nbGUubWFwcy5wbGFjZXMudjEuUGxhY2VzLkdldFBsYWNlEAIYBCAA,4.8,701
베트남,다낭,카페,Àla Cafe,16.0736256,108.2216705,ChIJ6YzGFvEZQjERtj5MGs3Pj2Q,https://maps.google.com/?cid=7246238805278867126&g_mp=CiVnb29nbGUubWFwcy5wbGFjZXMudjEuUGxhY2VzLkdldFBsYWNlEAIYBCAA,4.7,690
프랑스,파리,카페,Albe Hotel,48.8530901,2.3447174,ChIJ8R5-hOBx5kcRsCOdfj8GLeY,https://maps.google.com/?cid=16585919872452338608&g_mp=CiVnb29nbGUubWFwcy5wbGFjZXMudjEuUGxhY2VzLkdldFBsYWNlEAIYBCAA,4.5,690
일본,도쿄,명소,Sensō-ji Five-Storied Pagoda,35.7141574,139.7960703,ChIJmRZbfGKPGGAREP2AXvjiH78,https://maps.google.com/?cid=13771975741887544592&g_mp=CiVnb29nbGUubWFwcy5wbGFjZXMudjEuUGxhY2VzLkdldFBsYWNlEAIYBCAA,4.6,689
스위스,인터라켄,맛집,Restaurant Bramisegg,46.7308679,8.0261444,ChIJJQqsMwSXj0cRJq2_lwwLUhU,https://maps.google.com/?cid=1536302571600194854&g_mp=CiVnb29nbGUubWFwcy5wbGFjZXMudjEuUGxhY2VzLkdldFBsYWNlEAIYBCAA,4.8,686
스페인,마드리드,맛집,Albedrío. Un poco de aquí y de allá. La taberna viajera del grupo Triana.,40.4196759,-3.6763172,ChIJ7V-sxnwpQg0RSzzWlNhZlLU,https://maps.google.com/?cid=13084181604163009611&g_mp=CiVnb29nbGUubWFwcy5wbGFjZXMudjEuUGxhY2VzLkdldFBsYWNlEAIYBCAA,4.6,687
오스트리아,빈,맛집,Babuder's - Karaoke,48.2124454,16.3683539,ChIJ13x0wqIHbUcRRlsCywNA49Q,https://maps.google.com/?cid=15340175140789050182&g_mp=CiVnb29nbGUubWFwcy5wbGFjZXMudjEuUGxhY2VzLkdldFBsYWNlEAIYBCAA,4.4,683
스페인,마드리드,맛집,Horcher,40.4186714,-3.6890428,ChIJ7x8ki5soQg0RnRoop03tKas,https://maps.google.com/?cid=12333649972303501981&g_mp=CiVnb29nbGUubWFwcy5wbGFjZXMudjEuUGxhY2VzLkdldFBsYWNlEAIYBCAA,4.6,682
대한민국,제주도,자연/힐링,Cheonjiyeon Waterfall,33.246944,126.554417,ChIJhYbR5ZdTDDURtgGb2uZzuA0,https://maps.google.com/?cid=988667553555087798&g_mp=CiVnb29nbGUubWFwcy5wbGFjZXMudjEuUGxhY2VzLkdldFBsYWNlEAIYBCAA,4.4,677
독일,뮌헨,명소,Olching Bird Park,48.2083722,11.3208858,ChIJI83xePl-nkcRiEXqwErArmw,https://maps.google.com/?cid=7831408229340562824&g_mp=CiVnb29nbGUubWFwcy5wbGFjZXMudjEuUGxhY2VzLkdldFBsYWNlEAIYBCAA,4.3,676
대한민국,부산,광장,Choryang Traditional Market,35.1180556,129.0397222,ChIJIfQwgNfraDURPrK0QT1JJW8,https://maps.google.com/?cid=8008888039792489022&g_mp=CiVnb29nbGUubWFwcy5wbGFjZXMudjEuUGxhY2VzLkdldFBsYWNlEAIYBCAA,4.1,675
일본,도쿄,카페,Ladrio,35.6956391,139.7597995,ChIJrZPAHBGMGGARge1vNIrQh80,https://maps.google.com/?cid=14810035191634980225&g_mp=CiVnb29nbGUubWFwcy5wbGFjZXMudjEuUGxhY2VzLkdldFBsYWNlEAIYBCAA,4.1,674
영국,런던,맛집,Astral Cafe,51.4946507,-0.1325015,ChIJsxvXmt0EdkgRhuFj9XuiBk0,https://maps.google.com/?cid=5550302244062355846&g_mp=CiVnb29nbGUubWFwcy5wbGFjZXMudjEuUGxhY2VzLkdldFBsYWNlEAIYBCAA,4.6,673
스페인,바르셀로나,맛집,Alkimia,41.3826655,2.1633589,ChIJ5c4QTsGipBIRaakXWVSPrSY,https://maps.google.com/?cid=2787041336846952809&g_mp=CiVnb29nbGUubWFwcy5wbGFjZXMudjEuUGxhY2VzLkdldFBsYWNlEAIYBCAA,4.5,673
호주,시드니,맛집,Thai Fusion,-33.8464764,151.2129241,ChIJjb3tAIuuEmsR7a223gWX7Tg,https://maps.google.com/?cid=4102100887071534573&g_mp=CiVnb29nbGUubWFwcy5wbGFjZXMudjEuUGxhY2VzLkdldFBsYWNlEAIYBCAA,4.4,672
프랑스,파리,자연/힐링,Lac Daumesnil,48.8324916,2.4123943,ChIJVdMiP_Ry5kcR05lHGWkRAPM,https://maps.google.com/?cid=17510014494309849555&g_mp=CiVnb29nbGUubWFwcy5wbGFjZXMudjEuUGxhY2VzLkdldFBsYWNlEAIYBCAA,4.7,671
독일,뮌헨,맛집,Cohibar City,48.1388565,11.5835223,ChIJu2RSs451nkcR1mxf8gRxAS0,https://maps.google.com/?cid=3242997472743615702&g_mp=CiVnb29nbGUubWFwcy5wbGFjZXMudjEuUGxhY2VzLkdldFBsYWNlEAIYBCAA,4.3,669
스페인,바르셀로나,맛집,Adil Tandoori,41.3774623,2.1734369,ChIJf7tVxlmipBIR3_03lvMb6Q0,https://maps.google.com/?cid=1002363125077900767&g_mp=CiVnb29nbGUubWFwcy5wbGFjZXMudjEuUGxhY2VzLkdldFBsYWNlEAIYBCAA,4.3,669
호주,멜버른,광장,Meat Market,-37.8016646,144.9537246,ChIJuyeWlTFd1moRcHdjaFQgYYs,https://maps.google.com/?cid=10043344190913607536&g_mp=CiVnb29nbGUubWFwcy5wbGFjZXMudjEuUGxhY2VzLkdldFBsYWNlEAIYBCAA,4.5,667
프랑스,파리,맛집,Aux Trois Mailletz,48.852225,2.3467177,ChIJHV6X3uBx5kcRsTG_7IVLkE0,https://maps.google.com/?cid=5589050176141472177&g_mp=CiVnb29nbGUubWFwcy5wbGFjZXMudjEuUGxhY2VzLkdldFBsYWNlEAIYBCAA,4,662
네덜란드,암스테르담,카페,Boka's,52.3880938,4.9094265,ChIJKxJ4Ok0IxkcR5AT1Q4ERz_g,https://maps.google.com/?cid=17928567888473818340&g_mp=CiVnb29nbGUubWFwcy5wbGFjZXMudjEuUGxhY2VzLkdldFBsYWNlEAIYBCAA,4.8,659
스페인,바르셀로나,맛집,Bar Borrell,41.37515,2.16695,ChIJSbhIzl2ipBIR-07YS5yimd0,https://maps.google.com/?cid=15967972745989869307&g_mp=CiVnb29nbGUubWFwcy5wbGFjZXMudjEuUGxhY2VzLkdldFBsYWNlEAIYBCAA,4.1,659
프랑스,파리,맛집,La Tour d'Argent,48.849856,2.354994,ChIJ5eQBbSBx5kcRvEQZIALlPF4,https://maps.google.com/?cid=6790554135459087548&g_mp=CiVnb29nbGUubWFwcy5wbGFjZXMudjEuUGxhY2VzLkdldFBsYWNlEAIYBCAA,4.6,658
호주,멜버른,맛집,Aysel Turkish Restaurant,-37.7983107,144.9841452,ChIJQzFMlztD1moR1nfrs-XWSyo,https://maps.google.com/?cid=3047765854900680662&g_mp=CiVnb29nbGUubWFwcy5wbGFjZXMudjEuUGxhY2VzLkdldFBsYWNlEAIYBCAA,4.9,657
네덜란드,암스테르담,역사,Memorial to Auschwitz Victims,52.3679345,4.9092488,ChIJ30UEx6IJxkcRBV6AM_HbfE4,https://maps.google.com/?cid=5655637061068152325&g_mp=CiVnb29nbGUubWFwcy5wbGFjZXMudjEuUGxhY2VzLkdldFBsYWNlEAIYBCAA,4.4,655
프랑스,파리,카페,Boot Café,48.861154,2.3653088,ChIJWRpFMgdu5kcRsRVTLrySPkE,https://maps.google.com/?cid=4701356397950080433&g_mp=CiVnb29nbGUubWFwcy5wbGFjZXMudjEuUGxhY2VzLkdldFBsYWNlEAIYBCAA,4.6,655
호주,멜버른,카페,Mr. Summit Cafe,-37.8241587,144.9625655,ChIJHWiH2NdD1moRR9gKukGGYfI,https://maps.google.com/?cid=17465388446771763271&g_mp=CiVnb29nbGUubWFwcy5wbGFjZXMudjEuUGxhY2VzLkdldFBsYWNlEAIYBCAA,4.8,645
호주,시드니,맛집,Glebe Point Diner,-33.8747117,151.1831779,ChIJETrmTNKvEmsRzgJ51VxTOmw,https://maps.google.com/?cid=7798637362929009358&g_mp=CiVnb29nbGUubWFwcy5wbGFjZXMudjEuUGxhY2VzLkdldFBsYWNlEAIYBCAA,4.7,644
네덜란드,암스테르담,맛집,Salvatorica,52.3768518,4.8788746,ChIJ257maNoJxkcRXE2MqD_YklM,https://maps.google.com/?cid=6022113419670080860&g_mp=CiVnb29nbGUubWFwcy5wbGFjZXMudjEuUGxhY2VzLkdldFBsYWNlEAIYBCAA,4.7,635
이탈리아,피렌체,맛집,Bar Giuliano,43.7271307,10.807301,ChIJMZlIPvtvKhMRGWIG9a0sEEk,https://maps.google.com/?cid=5264757090047910425&g_mp=CiVnb29nbGUubWFwcy5wbGFjZXMudjEuUGxhY2VzLkdldFBsYWNlEAIYBCAA,4.3,634
스위스,인터라켄,명소,Murmeltierpark Grimselpass,46.5610033,8.336113,ChIJ9-fgKX9_hUcRkZP9wIE7594,https://maps.google.com/?cid=16061872024514827153&g_mp=CiVnb29nbGUubWFwcy5wbGFjZXMudjEuUGxhY2VzLkdldFBsYWNlEAIYBCAA,4.5,631
영국,런던,맛집,Bab Mansour,51.5149612,-0.1255513,ChIJxTkiqlcbdkgRF6_fLDE1VYw,https://maps.google.com/?cid=10112047023652843287&g_mp=CiVnb29nbGUubWFwcy5wbGFjZXMudjEuUGxhY2VzLkdldFBsYWNlEAIYBCAA,4.3,629
태국,방콕,카페,Library café | ไล-บรา-รี่ คาเฟ่ ปรีดี 26,13.7260649,100.6015089,ChIJswvkcwSf4jARcQc-rIkl4Eo,https://maps.google.com/?cid=5395353626820347761&g_mp=CiVnb29nbGUubWFwcy5wbGFjZXMudjEuUGxhY2VzLkdldFBsYWNlEAIYBCAA,4.3,628
오스트리아,빈,맛집,INIGO,48.2085764,16.3770806,ChIJDSdUk58HbUcRQc3KdVuZ9Lw,https://maps.google.com/?cid=13615676191545150785&g_mp=CiVnb29nbGUubWFwcy5wbGFjZXMudjEuUGxhY2VzLkdldFBsYWNlEAIYBCAA,4.5,627
대한민국,부산,카페,Starbucks Oncheonjang stn. DT,35.2239552,129.086568,ChIJf9fD_JOTaDURB750OshyNQQ,https://maps.google.com/?cid=303274754217131527&g_mp=CiVnb29nbGUubWFwcy5wbGFjZXMudjEuUGxhY2VzLkdldFBsYWNlEAIYBCAA,4.2,624
베트남,다낭,맛집,Sangha,16.062986,108.2202384,ChIJqwoK1BwZQjERSG9mG5m__eI,https://maps.google.com/?cid=16356440085990109000&g_mp=CiVnb29nbGUubWFwcy5wbGFjZXMudjEuUGxhY2VzLkdldFBsYWNlEAIYBCAA,4.5,621
독일,뮌헨,카페,BÖCKLIN COFFEE,48.1469947,11.5602154,ChIJq0Cwd091nkcRuMDTZWmEjbo,https://maps.google.com/?cid=13442546050985607352&g_mp=CiVnb29nbGUubWFwcy5wbGFjZXMudjEuUGxhY2VzLkdldFBsYWNlEAIYBCAA,4.6,614
네덜란드,암스테르담,맛집,Café Schiller,52.3656771,4.8964678,ChIJ15V3aZUJxkcREuGWWDAguyw,https://maps.google.com/?cid=3223205350330523922&g_mp=CiVnb29nbGUubWFwcy5wbGFjZXMudjEuUGxhY2VzLkdldFBsYWNlEAIYBCAA,4.3,614
대한민국,서울,맛집,Gamsung Taco & Grill,37.5726759,126.9724337,ChIJNzSQhpOifDURwFJ3X8YOCxM,https://maps.google.com/?cid=1372206756632416960&g_mp=CiVnb29nbGUubWFwcy5wbGFjZXMudjEuUGxhY2VzLkdldFBsYWNlEAIYBCAA,4,613
베트남,다낭,맛집,ANs - Vegetarian Cuisine,16.0549466,108.2203932,ChIJBxb9Lc8ZQjERaj7pGzyA1x4,https://maps.google.com/?cid=2222385936785292906&g_mp=CiVnb29nbGUubWFwcy5wbGFjZXMudjEuUGxhY2VzLkdldFBsYWNlEAIYBCAA,4.5,612
체코,프라하,맛집,Restaurace U Sudu,50.076605,14.4920944,ChIJkRSbs5eTC0cRLnbMPNO2ylc,https://maps.google.com/?cid=6326069644969670190&g_mp=CiVnb29nbGUubWFwcy5wbGFjZXMudjEuUGxhY2VzLkdldFBsYWNlEAIYBCAA,4.1,612
네덜란드,암스테르담,카페,Bagels & Beans,52.3845989,4.8946874,ChIJtdzKTcoJxkcRaK488Ypq_1o,https://maps.google.com/?cid=6557076727460048488&g_mp=CiVnb29nbGUubWFwcy5wbGFjZXMudjEuUGxhY2VzLkdldFBsYWNlEAIYBCAA,4.3,609
일본,도쿄,카페,Honey Toast Cafe Akihabara,35.6977571,139.7703742,ChIJLTCFIB2MGGARHAZ3tBxjFR0,https://maps.google.com/?cid=2095690176548767260&g_mp=CiVnb29nbGUubWFwcy5wbGFjZXMudjEuUGxhY2VzLkdldFBsYWNlEAIYBCAA,4,607
베트남,호치민,맛집,Phá lấu RUBi,10.7908191,106.6410465,ChIJZdUCn7IudTERvMaAriDJpxE,https://maps.google.com/?cid=1272206561959265980&g_mp=CiVnb29nbGUubWFwcy5wbGFjZXMudjEuUGxhY2VzLkdldFBsYWNlEAIYBCAA,4,604
일본,오사카,카페,ANTICO CAFFÈ AL AVIS,34.6998219,135.4942896,ChIJtbiN24zmAGAR2OrDnehXbBE,https://maps.google.com/?cid=1255475052720417496&g_mp=CiVnb29nbGUubWFwcy5wbGFjZXMudjEuUGxhY2VzLkdldFBsYWNlEAIYBCAA,4,604
독일,뮌헨,맛집,La Fattoria,48.1230641,11.5776561,ChIJL-kHE2_fnUcRzJJri80Sb8Y,https://maps.google.com/?cid=14298668015941292748&g_mp=CiVnb29nbGUubWFwcy5wbGFjZXMudjEuUGxhY2VzLkdldFBsYWNlEAIYBCAA,4.5,603
이탈리아,베네치아,맛집,Bar Ai Artisti,45.4329052,12.3252116,ChIJz1pH7M6xfkcRBkAmbPGbrpM,https://maps.google.com/?cid=10641614430726930438&g_mp=CiVnb29nbGUubWFwcy5wbGFjZXMudjEuUGxhY2VzLkdldFBsYWNlEAIYBCAA,4.4,603
스페인,바르셀로나,카페,El Fornet - Provença 266,41.393089,2.159505,ChIJTz6OhpGipBIRV1LUAs_cUCs,https://maps.google.com/?cid=3121237323431563863&g_mp=CiVnb29nbGUubWFwcy5wbGFjZXMudjEuUGxhY2VzLkdldFBsYWNlEAIYBCAA,4,603
호주,퍼스,맛집,Ginga,-31.9200141,115.8357572,ChIJK9W7_0OlMioRM8UMjdQ4m-s,https://maps.google.com/?cid=16977225705853863219&g_mp=CiVnb29nbGUubWFwcy5wbGFjZXMudjEuUGxhY2VzLkdldFBsYWNlEAIYBCAA,4.3,602
프랑스,파리,명소,Statue of Louis XIV,48.8657591,2.341196,ChIJd6qENyNu5kcR3EMpmGoDmNU,https://maps.google.com/?cid=15391055482892927964&g_mp=CiVnb29nbGUubWFwcy5wbGFjZXMudjEuUGxhY2VzLkdldFBsYWNlEAIYBCAA,4.4,601
스페인,마드리드,카페,El Horno de Almudena,40.4204597,-3.6984523,ChIJz56hiIYoQg0RItOJFzStIvc,https://maps.google.com/?cid=17807986315821175586&g_mp=CiVnb29nbGUubWFwcy5wbGFjZXMudjEuUGxhY2VzLkdldFBsYWNlEAIYBCAA,4.6,599
대한민국,서울,명소,Gyeonggyojang House,37.5682936,126.9680453,ChIJb-QDUY6ifDURCKzw3T87IOs,https://maps.google.com/?cid=16942606943660321800&g_mp=CiVnb29nbGUubWFwcy5wbGFjZXMudjEuUGxhY2VzLkdldFBsYWNlEAIYBCAA,4.5,599
이탈리아,베네치아,맛집,Birreria Torre Antica,45.5048978,12.3104941,ChIJAbTDAgizfkcRjxed9RbMfmk,https://maps.google.com/?cid=7601737620030035855&g_mp=CiVnb29nbGUubWFwcy5wbGFjZXMudjEuUGxhY2VzLkdldFBsYWNlEAIYBCAA,4.5,599
체코,프라하,맛집,Na Rychtě - Kácovská restaurace & pension,50.0329378,14.5000175,ChIJT1VZbySSC0cRKIDe08eUtZc,https://maps.google.com/?cid=10931807256485724200&g_mp=CiVnb29nbGUubWFwcy5wbGFjZXMudjEuUGxhY2VzLkdldFBsYWNlEAIYBCAA,4.1,596
대한민국,제주도,박물관/미술관,World Liquor Museum,33.3539576,126.8177096,ChIJ6zHFERkPDTURVPGiORRCpug,https://maps.google.com/?cid=16764159317567009108&g_mp=CiVnb29nbGUubWFwcy5wbGFjZXMudjEuUGxhY2VzLkdldFBsYWNlEAIYBCAA,4,597
독일,베를린,카페,Le Belfort,52.5334264,13.4154261,ChIJf7PJi3RPqEcRnUPQpsxZc2A,https://maps.google.com/?cid=6949997385469674397&g_mp=CiVnb29nbGUubWFwcy5wbGFjZXMudjEuUGxhY2VzLkdldFBsYWNlEAIYBCAA,4.8,595
오스트리아,빈,맛집,Das Kolin,48.2158619,16.3621759,ChIJXSwBGbwHbUcR7quvyFJCePM,https://maps.google.com/?cid=17543845271743474670&g_mp=CiVnb29nbGUubWFwcy5wbGFjZXMudjEuUGxhY2VzLkdldFBsYWNlEAIYBCAA,4.4,591
네덜란드,암스테르담,카페,Back to Black,52.3793993,4.8714727,ChIJPUPg69cJxkcRnCp4ei02RiY,https://maps.google.com/?cid=2757951390767131292&g_mp=CiVnb29nbGUubWFwcy5wbGFjZXMudjEuUGxhY2VzLkdldFBsYWNlEAIYBCAA,4.7,588
베트남,다낭,맛집,Mì Quảng Đà Nẵng - Mỳ Quảng Bà Mua,16.061277,108.2212905,ChIJ8QAt0_UZQjERGMEFDl5mapA,https://maps.google.com/?cid=10406242443141169432&g_mp=CiVnb29nbGUubWFwcy5wbGFjZXMudjEuUGxhY2VzLkdldFBsYWNlEAIYBCAA,4.1,589
스위스,인터라켄,맛집,Bergrestaurant Brandegg,46.60931,8.01085,ChIJM4485riej0cRmRsi2A4olBY,https://maps.google.com/?cid=1626969409608358809&g_mp=CiVnb29nbGUubWFwcy5wbGFjZXMudjEuUGxhY2VzLkdldFBsYWNlEAIYBCAA,4.4,587
베트남,다낭,카페,Cửa Ngõ Café – Cửa Hàng Số 2,16.0719706,108.2181749,ChIJz2VlXIAZQjER9VRmwBZiBLI,https://maps.google.com/?cid=12827485488514749685&g_mp=CiVnb29nbGUubWFwcy5wbGFjZXMudjEuUGxhY2VzLkdldFBsYWNlEAIYBCAA,4.5,586
이탈리아,로마,맛집,Da Emilio,41.9141564,12.5059165,ChIJGfFqRw1hLxMRVVHmepH4bBU,https://maps.google.com/?cid=1543882075997098325&g_mp=CiVnb29nbGUubWFwcy5wbGFjZXMudjEuUGxhY2VzLkdldFBsYWNlEAIYBCAA,4.5,584
이탈리아,피렌체,맛집,Pasticceria Caffetteria Giannini,43.7102139,10.7803007,ChIJafnpzTlwKhMRbUXS2PDMtjQ,https://maps.google.com/?cid=3798448670535468397&g_mp=CiVnb29nbGUubWFwcy5wbGFjZXMudjEuUGxhY2VzLkdldFBsYWNlEAIYBCAA,4.2,584
대한민국,서울,맛집,오다리집,37.561485,126.98444,ChIJvdTWYgCjfDURLWaq3L29MGw,https://maps.google.com/?cid=7795939578126951981&g_mp=CiVnb29nbGUubWFwcy5wbGFjZXMudjEuUGxhY2VzLkdldFBsYWNlEAIYBCAA,4.8,583
네덜란드,암스테르담,역사,Rembrandt Monument,52.366004,4.8965623,ChIJicHuZZUJxkcRDMMNG4QahNU,https://maps.google.com/?cid=15385451381696348940&g_mp=CiVnb29nbGUubWFwcy5wbGFjZXMudjEuUGxhY2VzLkdldFBsYWNlEAIYBCAA,4.6,578
스페인,마드리드,카페,Cereal Temple Café,40.2823713,-3.8098854,ChIJMWQhAHSLQQ0R1yIdc3OdzV8,https://maps.google.com/?cid=6903346923006927575&g_mp=CiVnb29nbGUubWFwcy5wbGFjZXMudjEuUGxhY2VzLkdldFBsYWNlEAIYBCAA,4.5,578
스페인,마드리드,맛집,Casa Martín,40.4199464,-3.679123,ChIJr2tcx6MoQg0RrpPYGu4RPMU,https://maps.google.com/?cid=14212254238424732590&g_mp=CiVnb29nbGUubWFwcy5wbGFjZXMudjEuUGxhY2VzLkdldFBsYWNlEAIYBCAA,4.2,577
스페인,마드리드,카페,Bianchi Kiosko Caffé,40.4243932,-3.70164,ChIJkyP_P4goQg0ROOR7hWlwj5Y,https://maps.google.com/?cid=10849013625872180280&g_mp=CiVnb29nbGUubWFwcy5wbGFjZXMudjEuUGxhY2VzLkdldFBsYWNlEAIYBCAA,4.7,576
대한민국,제주도,박물관/미술관,World Seashell Museum,33.2475156,126.55173,ChIJ52XeJpZTDDURxg3DH_fmuNw,https://maps.google.com/?cid=15904716033123093958&g_mp=CiVnb29nbGUubWFwcy5wbGFjZXMudjEuUGxhY2VzLkdldFBsYWNlEAIYBCAA,4.3,576
독일,뮌헨,맛집,An Nam Restaurant,48.1298113,11.5670848,ChIJx11uPVzfnUcREH3QbSlU0QY,https://maps.google.com/?cid=491266371272867088&g_mp=CiVnb29nbGUubWFwcy5wbGFjZXMudjEuUGxhY2VzLkdldFBsYWNlEAIYBCAA,4.7,575
대한민국,부산,박물관/미술관,Bokcheon Musuem,35.2088384,129.0911855,ChIJlyXY75-TaDURD3w_dforLeY,https://maps.google.com/?cid=16585961357384317967&g_mp=CiVnb29nbGUubWFwcy5wbGFjZXMudjEuUGxhY2VzLkdldFBsYWNlEAIYBCAA,4.3,574
네덜란드,암스테르담,맛집,Brothers Hartering,52.3716712,4.9075709,ChIJEXLqWbsJxkcRoTejbwhM05A,https://maps.google.com/?cid=10435768360663988129&g_mp=CiVnb29nbGUubWFwcy5wbGFjZXMudjEuUGxhY2VzLkdldFBsYWNlEAIYBCAA,4.6,572
스페인,마드리드,공원/정원,Bosque del Recuerdo,40.4120836,-3.6871405,ChIJOd3XtyAmQg0RjEMw0XYj-q0,https://maps.google.com/?cid=12536371505961911180&g_mp=CiVnb29nbGUubWFwcy5wbGFjZXMudjEuUGxhY2VzLkdldFBsYWNlEAIYBCAA,4.6,573
대한민국,서울,박물관/미술관,The Sool Gallery,37.5783486,126.9858106,ChIJm_lobVihfDUROLGGSJVow9Y,https://maps.google.com/?cid=15475327734951358776&g_mp=CiVnb29nbGUubWFwcy5wbGFjZXMudjEuUGxhY2VzLkdldFBsYWNlEAIYBCAA,4.7,567
베트남,다낭,맛집,Kangaroo Bar & Burger,16.0668165,108.2433067,ChIJuXcsZ4EXQjERnFkJEmd77Bk,https://maps.google.com/?cid=1868003628066363804&g_mp=CiVnb29nbGUubWFwcy5wbGFjZXMudjEuUGxhY2VzLkdldFBsYWNlEAIYBCAA,4.3,567
오스트리아,빈,맛집,&flora,48.2035842,16.3564438,ChIJE07xxPUHbUcRqAJXh1LEeK8,https://maps.google.com/?cid=12644071812579656360&g_mp=CiVnb29nbGUubWFwcy5wbGFjZXMudjEuUGxhY2VzLkdldFBsYWNlEAIYBCAA,4.2,568
베트남,다낭,맛집,Quán Xuân,16.0678231,108.2051308,ChIJW9yGAU0YQjER463t0VKcvBQ,https://maps.google.com/?cid=1494241055903428067&g_mp=CiVnb29nbGUubWFwcy5wbGFjZXMudjEuUGxhY2VzLkdldFBsYWNlEAIYBCAA,4,567
베트남,호치민,카페,ALFA Coffee/ Affa Cafe,10.855358,106.6532258,ChIJvxpWIf0pdTERXG_kwCHy8yY,https://maps.google.com/?cid=2806853219565989724&g_mp=CiVnb29nbGUubWFwcy5wbGFjZXMudjEuUGxhY2VzLkdldFBsYWNlEAIYBCAA,4.4,566
베트남,다낭,카페,Bông Food & Drink,16.0579694,108.2224118,ChIJtaSFoeEZQjERCsOWikO4fKk,https://maps.google.com/?cid=12212838889749398282&g_mp=CiVnb29nbGUubWFwcy5wbGFjZXMudjEuUGxhY2VzLkdldFBsYWNlEAIYBCAA,4.3,564
호주,멜버른,명소,Riverslide Skate Park,-37.8204749,144.9730486,ChIJc8A97rlC1moRr65gfmOR8DA,https://maps.google.com/?cid=3526478364739153583&g_mp=CiVnb29nbGUubWFwcy5wbGFjZXMudjEuUGxhY2VzLkdldFBsYWNlEAIYBCAA,4.5,563
호주,퍼스,카페,Boucla,-31.9547325,115.8237881,ChIJP9XEmRmlMioRYIXPQskgjb4,https://maps.google.com/?cid=13730666887703922016&g_mp=CiVnb29nbGUubWFwcy5wbGFjZXMudjEuUGxhY2VzLkdldFBsYWNlEAIYBCAA,4.5,562
베트남,다낭,맛집,Quán Mì Quảng Hương Quê,16.0634331,108.2085142,ChIJHz8ambQZQjERjEFJ-wJ-9EE,https://maps.google.com/?cid=4752562058053632396&g_mp=CiVnb29nbGUubWFwcy5wbGFjZXMudjEuUGxhY2VzLkdldFBsYWNlEAIYBCAA,4.4,558
스페인,마드리드,카페,Café Belén,40.4243261,-3.6967467,ChIJU62_a48oQg0RXF9HN1vdS-A,https://maps.google.com/?cid=16162255071588343644&g_mp=CiVnb29nbGUubWFwcy5wbGFjZXMudjEuUGxhY2VzLkdldFBsYWNlEAIYBCAA,4.3,558
베트남,호치민,맛집,Cơm Chay Thiện Phước,10.7840417,106.6391391,ChIJ9QAIta8udTERZxsb-BT-xSw,https://maps.google.com/?cid=3226264074096155495&g_mp=CiVnb29nbGUubWFwcy5wbGFjZXMudjEuUGxhY2VzLkdldFBsYWNlEAIYBCAA,4.6,557
호주,멜버른,카페,KereKere Green,-37.8149592,144.9792754,ChIJJ5uqF8FC1moR-5LkmFPkK7U,https://maps.google.com/?cid=13054778992562049787&g_mp=CiVnb29nbGUubWFwcy5wbGFjZXMudjEuUGxhY2VzLkdldFBsYWNlEAIYBCAA,4.2,556
호주,멜버른,카페,Hikari,-37.810837,144.964111,ChIJxfSgTSpD1moRgrpNz_kWooc,https://maps.google.com/?cid=9773399403528043138&g_mp=CiVnb29nbGUubWFwcy5wbGFjZXMudjEuUGxhY2VzLkdldFBsYWNlEAIYBCAA,4.1,556
태국,방콕,맛집,Glass Half Full Bar Yaowarat เยาวราช,13.7433854,100.5050818,ChIJUTi2RESZ4jARcsTO_FYHwIk,https://maps.google.com/?cid=9925941648914564210&g_mp=CiVnb29nbGUubWFwcy5wbGFjZXMudjEuUGxhY2VzLkdldFBsYWNlEAIYBCAA,5,554
영국,런던,명소,All Souls Langham Place⛪,51.5179999,-0.1432069,ChIJb50PpdUadkgRE0tuAdQyYQM,https://maps.google.com/?cid=243531740993178387&g_mp=CiVnb29nbGUubWFwcy5wbGFjZXMudjEuUGxhY2VzLkdldFBsYWNlEAIYBCAA,4.7,555
베트남,호치민,맛집,Nhà Hàng Thuần Chay BÀ XÃ - CN Nguyễn Văn Trỗi - Vegan Restaurant,10.7923038,106.680166,ChIJXSxfUXspdTER1T8xvDsqGVE,https://maps.google.com/?cid=5843748427538710485&g_mp=CiVnb29nbGUubWFwcy5wbGFjZXMudjEuUGxhY2VzLkdldFBsYWNlEAIYBCAA,4.5,552
스위스,인터라켄,카페,Café LIV,46.5603249,7.895216,ChIJ8ySuK3Kgj0cRwuAqHkrL1Ww,https://maps.google.com/?cid=7842397845329731778&g_mp=CiVnb29nbGUubWFwcy5wbGFjZXMudjEuUGxhY2VzLkdldFBsYWNlEAIYBCAA,4.7,550
네덜란드,암스테르담,맛집,Ashoka - Kinkerstraat 🇮🇳,52.3681638,4.8758662,ChIJpaQn8N0JxkcRyWT5tQyUv8I,https://maps.google.com/?cid=14033097746223293641&g_mp=CiVnb29nbGUubWFwcy5wbGFjZXMudjEuUGxhY2VzLkdldFBsYWNlEAIYBCAA,4.6,549
대한민국,부산,카페,스타벅스 부산대정문점,35.2321044,129.0845717,ChIJCWmyUeyTaDURSUwrSHeFHiE,https://maps.google.com/?cid=2386491599911341129&g_mp=CiVnb29nbGUubWFwcy5wbGFjZXMudjEuUGxhY2VzLkdldFBsYWNlEAIYBCAA,4.1,548
스페인,마드리드,카페,Starbucks,40.425997,-3.692322,ChIJSYav0pEoQg0RGGmesFegy6Y,https://maps.google.com/?cid=12018876329054071064&g_mp=CiVnb29nbGUubWFwcy5wbGFjZXMudjEuUGxhY2VzLkdldFBsYWNlEAIYBCAA,4.1,549
영국,런던,맛집,Fed By Plants,51.5074449,-0.1101794,ChIJ23z3LvEFdkgR3yMpPB54tsM,https://maps.google.com/?cid=14102591354410968031&g_mp=CiVnb29nbGUubWFwcy5wbGFjZXMudjEuUGxhY2VzLkdldFBsYWNlEAIYBCAA,4.7,544
독일,뮌헨,카페,"Cafe Glückskind, info@cafe-glueckskind.de",48.1348693,11.6025801,ChIJneIwD391nkcRbQLPMD7XQts,https://maps.google.com/?cid=15799427104875938413&g_mp=CiVnb29nbGUubWFwcy5wbGFjZXMudjEuUGxhY2VzLkdldFBsYWNlEAIYBCAA,4.4,542
오스트리아,빈,카페,Brass Monkey,48.2015278,16.4005314,ChIJKVr3MvoHbUcRWfuSfcdhg74,https://maps.google.com/?cid=13727923598588574553&g_mp=CiVnb29nbGUubWFwcy5wbGFjZXMudjEuUGxhY2VzLkdldFBsYWNlEAIYBCAA,4.5,542
베트남,호치민,맛집,Bún chả Vân Anh,10.8131352,106.6676398,ChIJRxvEhhgpdTERYqsaYMiWI5s,https://maps.google.com/?cid=11178944487413689186&g_mp=CiVnb29nbGUubWFwcy5wbGFjZXMudjEuUGxhY2VzLkdldFBsYWNlEAIYBCAA,4,541
대한민국,서울,역사,Catholic Saenamteo Martyrdom Shrine,37.5250493,126.9570063,ChIJm90m9v6hfDURStR72T2BZCo,https://maps.google.com/?cid=3054708549905798218&g_mp=CiVnb29nbGUubWFwcy5wbGFjZXMudjEuUGxhY2VzLkdldFBsYWNlEAIYBCAA,4.7,538
대한민국,서울,박물관/미술관,Gongpyeong Historic Sites Museum,37.571845,126.9833671,ChIJmyYDH1ajfDUR-CEqpHLT6Y4,https://maps.google.com/?cid=10297994512293306872&g_mp=CiVnb29nbGUubWFwcy5wbGFjZXMudjEuUGxhY2VzLkdldFBsYWNlEAIYBCAA,4.5,537
이탈리아,베네치아,맛집,La Cantinita,45.4062923,12.3645927,ChIJJWd2-ryvfkcRm20HFY9x6ig,https://maps.google.com/?cid=2948293765414481307&g_mp=CiVnb29nbGUubWFwcy5wbGFjZXMudjEuUGxhY2VzLkdldFBsYWNlEAIYBCAA,4.4,537
태국,방콕,맛집,Baan Ploen Dee Restaurant,13.746211,100.483145,ChIJY2xsR6iZ4jARcpIIA2SnAk8,https://maps.google.com/?cid=5693296926939189874&g_mp=CiVnb29nbGUubWFwcy5wbGFjZXMudjEuUGxhY2VzLkdldFBsYWNlEAIYBCAA,4.6,535
대한민국,부산,맛집,Seomyeon Milmyeon,35.1579669,129.0626033,ChIJ--n1GoHraDURSZnUKIhv8WU,https://maps.google.com/?cid=7345775097809246537&g_mp=CiVnb29nbGUubWFwcy5wbGFjZXMudjEuUGxhY2VzLkdldFBsYWNlEAIYBCAA,4.5,534
호주,멜버른,맛집,Lupino,-37.8127556,144.9723371,ChIJu0EsJsZC1moRZPyANujcIas,https://maps.google.com/?cid=12331380144622074980&g_mp=CiVnb29nbGUubWFwcy5wbGFjZXMudjEuUGxhY2VzLkdldFBsYWNlEAIYBCAA,4.5,534
프랑스,파리,맛집,Amore e Gusto,48.8452021,2.3491916,ChIJUV0jGVVx5kcRNZafkM9x0ws,https://maps.google.com/?cid=852149890801702453&g_mp=CiVnb29nbGUubWFwcy5wbGFjZXMudjEuUGxhY2VzLkdldFBsYWNlEAIYBCAA,4.3,534
네덜란드,암스테르담,맛집,Café Brandon,52.3754448,4.8864583,ChIJ0xNxqcUJxkcRZdRqqtusbFw,https://maps.google.com/?cid=6659888008431064165&g_mp=CiVnb29nbGUubWFwcy5wbGFjZXMudjEuUGxhY2VzLkdldFBsYWNlEAIYBCAA,4.3,534
영국,런던,카페,Caffè Nero,51.5011353,-0.1247146,ChIJJfENOMQEdkgRqb_Utto1kHw,https://maps.google.com/?cid=8975733270835937193&g_mp=CiVnb29nbGUubWFwcy5wbGFjZXMudjEuUGxhY2VzLkdldFBsYWNlEAIYBCAA,4.1,534
대한민국,서울,역사,Hyehwamun Gate (Dongsomun),37.5878921,127.0037961,ChIJ8wAPltO8fDURfSR1V8rHxSs,https://maps.google.com/?cid=3154146785907516541&g_mp=CiVnb29nbGUubWFwcy5wbGFjZXMudjEuUGxhY2VzLkdldFBsYWNlEAIYBCAA,4.3,530
대한민국,서울,박물관/미술관,Eunpyeong Historical Hanok Museum,37.6404448,126.9381206,ChIJeXanss6XfDURtLpkhjkFYE8,https://maps.google.com/?cid=5719577271386553012&g_mp=CiVnb29nbGUubWFwcy5wbGFjZXMudjEuUGxhY2VzLkdldFBsYWNlEAIYBCAA,4.1,530
일본,오사카,카페,Le Sucré-Coeur,34.6956847,135.4992736,ChIJnRvAYe7mAGARPRTNdLPWYjw,https://maps.google.com/?cid=4351276256240407613&g_mp=CiVnb29nbGUubWFwcy5wbGFjZXMudjEuUGxhY2VzLkdldFBsYWNlEAIYBCAA,4,531
호주,멜버른,맛집,Abla's,-37.7977139,144.9710972,ChIJoZhs69dC1moRpdaO5bTABe8,https://maps.google.com/?cid=17223384233126319781&g_mp=CiVnb29nbGUubWFwcy5wbGFjZXMudjEuUGxhY2VzLkdldFBsYWNlEAIYBCAA,4.4,529
프랑스,파리,맛집,Ze Baar,48.859686,2.3550455,ChIJndejxxxu5kcRTdsS-1LlJdc,https://maps.google.com/?cid=15503049436855196493&g_mp=CiVnb29nbGUubWFwcy5wbGFjZXMudjEuUGxhY2VzLkdldFBsYWNlEAIYBCAA,4.4,529
스페인,바르셀로나,맛집,Caribbean Club,41.3844461,2.1695263,ChIJ34hHnvaipBIRXK49Xw8S3Xs,https://maps.google.com/?cid=8925309893749878364&g_mp=CiVnb29nbGUubWFwcy5wbGFjZXMudjEuUGxhY2VzLkdldFBsYWNlEAIYBCAA,4.7,528
체코,프라하,카페,Cafe spirit,50.0870074,14.4689749,ChIJS93hvl2TC0cR5LSOcw9iAFM,https://maps.google.com/?cid=5980888123650782436&g_mp=CiVnb29nbGUubWFwcy5wbGFjZXMudjEuUGxhY2VzLkdldFBsYWNlEAIYBCAA,4.7,528
태국,방콕,카페,KLAIRE - Coffee & Brunch,13.757453,100.5044647,ChIJr7j8GheZ4jARiNWjGqP4_KU,https://maps.google.com/?cid=11960708089799497096&g_mp=CiVnb29nbGUubWFwcy5wbGFjZXMudjEuUGxhY2VzLkdldFBsYWNlEAIYBCAA,4.9,526
이탈리아,로마,명소,Equestrian Statue of Marcus Aurelius,41.8933247,12.4829349,ChIJ8fvgXktgLxMROOqha2fxbkg,https://maps.google.com/?cid=5219374444658682424&g_mp=CiVnb29nbGUubWFwcy5wbGFjZXMudjEuUGxhY2VzLkdldFBsYWNlEAIYBCAA,4.8,524
체코,프라하,카페,Coffee Source Francouzská,50.0718062,14.4495311,ChIJX4e4UeOVC0cRe8XlHZR9VIc,https://maps.google.com/?cid=9751557168274195835&g_mp=CiVnb29nbGUubWFwcy5wbGFjZXMudjEuUGxhY2VzLkdldFBsYWNlEAIYBCAA,4.7,525
호주,멜버른,공원/정원,Como House & Garden,-37.8379104,145.0037089,ChIJvT5Tn4dC1moREyftGp1JbEQ,https://maps.google.com/?cid=4930396631174293267&g_mp=CiVnb29nbGUubWFwcy5wbGFjZXMudjEuUGxhY2VzLkdldFBsYWNlEAIYBCAA,4.4,523
스페인,바르셀로나,카페,Gran Torino,41.378067,2.178944,ChIJl1Seh1aipBIR-Ft5RB_Z3A0,https://maps.google.com/?cid=998911945685425144&g_mp=CiVnb29nbGUubWFwcy5wbGFjZXMudjEuUGxhY2VzLkdldFBsYWNlEAIYBCAA,4.6,522
프랑스,파리,카페,Boulangerie Eric Kayser - 14 Monge,48.8489363,2.3496098,ChIJD9eimOZx5kcRfkroh3fDrho,https://maps.google.com/?cid=1922689009082452606&g_mp=CiVnb29nbGUubWFwcy5wbGFjZXMudjEuUGxhY2VzLkdldFBsYWNlEAIYBCAA,4.2,522
프랑스,파리,맛집,Bistrot Caché,48.8532913,2.3610679,ChIJK4oNgf5x5kcRU4Lib9VEiNo,https://maps.google.com/?cid=15746911780596777555&g_mp=CiVnb29nbGUubWFwcy5wbGFjZXMudjEuUGxhY2VzLkdldFBsYWNlEAIYBCAA,4.6,520
대한민국,제주도,명소,Pororo & Tayo Theme Park Jeju,33.3009289,126.3710876,ChIJD41ErAJDDDURkAO0hwWC1ag,https://maps.google.com/?cid=12165772928674431888&g_mp=CiVnb29nbGUubWFwcy5wbGFjZXMudjEuUGxhY2VzLkdldFBsYWNlEAIYBCAA,4.3,520
호주,멜버른,맛집,"Achelya Restaurant, Cafe and Bar.",-37.814172,144.942681,ChIJJUQqO0Nd1moRkcwfMYTfaOM,https://maps.google.com/?cid=16386593003040394385&g_mp=CiVnb29nbGUubWFwcy5wbGFjZXMudjEuUGxhY2VzLkdldFBsYWNlEAIYBCAA,4,520
베트남,다낭,카페,ABC Bakery,16.0399368,108.2180971,ChIJRQjjtoUZQjER8o9zs56V_MM,https://maps.google.com/?cid=14122327040375099378&g_mp=CiVnb29nbGUubWFwcy5wbGFjZXMudjEuUGxhY2VzLkdldFBsYWNlEAIYBCAA,4.2,520
대한민국,서울,맛집,Donjunam Hongdae Korean BBQ Restaurants,37.5519052,126.92108,ChIJeUkxxdqYfDURgXs9FF1c57Y,https://maps.google.com/?cid=13179604389364333441&g_mp=CiVnb29nbGUubWFwcy5wbGFjZXMudjEuUGxhY2VzLkdldFBsYWNlEAIYBCAA,4.8,519
네덜란드,암스테르담,맛집,Balraj Indian Restaurant,52.3821303,4.8887106,ChIJo5oykc4JxkcR0DBHdk-pzzI,https://maps.google.com/?cid=3661331180827390160&g_mp=CiVnb29nbGUubWFwcy5wbGFjZXMudjEuUGxhY2VzLkdldFBsYWNlEAIYBCAA,4.5,518
이탈리아,로마,카페,Leonardi Bar,41.900243,12.5140742,ChIJSZQUGZxhLxMRyL_p2yrK4aw,https://maps.google.com/?cid=12457460329710469064&g_mp=CiVnb29nbGUubWFwcy5wbGFjZXMudjEuUGxhY2VzLkdldFBsYWNlEAIYBCAA,4.3,518
체코,프라하,맛집,Bar Vesna,50.0708789,14.4878762,ChIJW4aq2A2TC0cRhYIHzeyxai4,https://maps.google.com/?cid=3344681303886234245&g_mp=CiVnb29nbGUubWFwcy5wbGFjZXMudjEuUGxhY2VzLkdldFBsYWNlEAIYBCAA,4.4,516
호주,퍼스,카페,Blake Hill North Perth,-31.9229708,115.8577211,ChIJhWVP3Li7MioRBITSI72yjhU,https://maps.google.com/?cid=1553375446908961796&g_mp=CiVnb29nbGUubWFwcy5wbGFjZXMudjEuUGxhY2VzLkdldFBsYWNlEAIYBCAA,4.6,515
오스트리아,빈,맛집,Alsharq Sweets & Pastries / حلويات الشرق,48.2263752,16.3630281,ChIJ50xscLYHbUcRN4x9Q3MQzeA,https://maps.google.com/?cid=16198621521961126967&g_mp=CiVnb29nbGUubWFwcy5wbGFjZXMudjEuUGxhY2VzLkdldFBsYWNlEAIYBCAA,4.4,514
독일,베를린,자연/힐링,Plötzensee,52.5437973,13.3304851,ChIJY57G5GZRqEcRnKNEpnBZIK8,https://maps.google.com/?cid=12619184496252855196&g_mp=CiVnb29nbGUubWFwcy5wbGFjZXMudjEuUGxhY2VzLkdldFBsYWNlEAIYBCAA,4.2,509
이탈리아,베네치아,카페,Pasticceria San Marco,45.5540323,12.2365011,ChIJ4dsRrdNKeUcRo0IEMRdiW3A,https://maps.google.com/?cid=8096172606874731171&g_mp=CiVnb29nbGUubWFwcy5wbGFjZXMudjEuUGxhY2VzLkdldFBsYWNlEAIYBCAA,4.5,508
호주,멜버른,맛집,Long Dragon Dumpling House,-37.8345397,144.9693382,ChIJVbrhigJo1moRClXuosFU37w,https://maps.google.com/?cid=13609689789575877898&g_mp=CiVnb29nbGUubWFwcy5wbGFjZXMudjEuUGxhY2VzLkdldFBsYWNlEAIYBCAA,4.4,503
대한민국,서울,카페,Beansbins Coffee,37.5617979,126.9842334,ChIJTW8E-PCifDURuuLsx1NGlII,https://maps.google.com/?cid=9409222847134229178&g_mp=CiVnb29nbGUubWFwcy5wbGFjZXMudjEuUGxhY2VzLkdldFBsYWNlEAIYBCAA,4.1,503
대한민국,부산,해변,감지해변,35.0598613,129.0775175,ChIJN6_hRynvaDURSmsQX9NzNhk,https://maps.google.com/?cid=1816766851360779082&g_mp=CiVnb29nbGUubWFwcy5wbGFjZXMudjEuUGxhY2VzLkdldFBsYWNlEAIYBCAA,4,501
이탈리아,베네치아,카페,Bakery Vianello Argentino Vianello & C. Snc,45.4654946,12.5166556,ChIJf_y4h0iqfkcRj240auoK2rM,https://maps.google.com/?cid=12959682879632469647&g_mp=CiVnb29nbGUubWFwcy5wbGFjZXMudjEuUGxhY2VzLkdldFBsYWNlEAIYBCAA,4.4,500
대한민국,부산,맛집,Anga Sutbul-gui,35.1650831,129.1691953,ChIJ6wdPo26NaDURBhZP6H8A498,https://maps.google.com/?cid=16132738839529592326&g_mp=CiVnb29nbGUubWFwcy5wbGFjZXMudjEuUGxhY2VzLkdldFBsYWNlEAIYBCAA,4.5,499
네덜란드,암스테르담,명소,Pythonbrug,52.3730361,4.9488952,ChIJ_XjI2BcJxkcRCaqdQT4LX8o,https://maps.google.com/?cid=14582386480465685001&g_mp=CiVnb29nbGUubWFwcy5wbGFjZXMudjEuUGxhY2VzLkdldFBsYWNlEAIYBCAA,4.6,498
호주,퍼스,카페,Piccolo's Corner,-31.9388585,115.830124,ChIJxZSlR0ClMioRlnVm3S23YeU,https://maps.google.com/?cid=16528693515042321814&g_mp=CiVnb29nbGUubWFwcy5wbGFjZXMudjEuUGxhY2VzLkdldFBsYWNlEAIYBCAA,4.5,498
독일,베를린,맛집,Frederick's,52.5098319,13.3741436,ChIJoaM6SmlRqEcRW2TESRa6D8A,https://maps.google.com/?cid=13839484784822477915&g_mp=CiVnb29nbGUubWFwcy5wbGFjZXMudjEuUGxhY2VzLkdldFBsYWNlEAIYBCAA,4.1,498
대한민국,서울,박물관/미술관,Figure Museum W,37.5257613,127.0403736,ChIJ65TfBXikfDUR8njkp_j4f-I,https://maps.google.com/?cid=16321037321466312946&g_mp=CiVnb29nbGUubWFwcy5wbGFjZXMudjEuUGxhY2VzLkdldFBsYWNlEAIYBCAA,4.3,496
일본,오사카,명소,Tekijuku,34.6912792,135.5032834,ChIJAQAw8ObmAGARrSXcn5Zm9p4,https://maps.google.com/?cid=11454455499376567725&g_mp=CiVnb29nbGUubWFwcy5wbGFjZXMudjEuUGxhY2VzLkdldFBsYWNlEAIYBCAA,4.2,496
오스트리아,빈,역사,Archduke Karl - Equestrian Statue,48.2067108,16.3632079,ChIJATYi_pkHbUcR9mpBiK-fwyA,https://maps.google.com/?cid=2360906205926353654&g_mp=CiVnb29nbGUubWFwcy5wbGFjZXMudjEuUGxhY2VzLkdldFBsYWNlEAIYBCAA,4.7,496
대한민국,제주도,명소,Udo Lighthouse,33.4932348,126.9661369,ChIJpYqY9MdqDTURxxuRxrJxrec,https://maps.google.com/?cid=16694124406381812679&g_mp=CiVnb29nbGUubWFwcy5wbGFjZXMudjEuUGxhY2VzLkdldFBsYWNlEAIYBCAA,4.5,495
호주,퍼스,맛집,Burgermeister by Fusion,-31.9726001,115.813572,ChIJ-YlRCPukMioRtZ_9QD2bdUE,https://maps.google.com/?cid=4716846872126136245&g_mp=CiVnb29nbGUubWFwcy5wbGFjZXMudjEuUGxhY2VzLkdldFBsYWNlEAIYBCAA,4.4,495
프랑스,파리,맛집,La Balle au Bond,48.8581047,2.3362746,ChIJuV-0ZShu5kcR-cP6vlVLQTQ,https://maps.google.com/?cid=3765373595106853881&g_mp=CiVnb29nbGUubWFwcy5wbGFjZXMudjEuUGxhY2VzLkdldFBsYWNlEAIYBCAA,4,493
스위스,인터라켄,맛집,Eiger Guesthouse Mürren,46.5640441,7.8968499,ChIJmydXnMShj0cRB7UlH0CpYRk,https://maps.google.com/?cid=1828929016554697991&g_mp=CiVnb29nbGUubWFwcy5wbGFjZXMudjEuUGxhY2VzLkdldFBsYWNlEAIYBCAA,4.6,492
영국,런던,명소,Little Ben Clock,51.4964655,-0.1426768,ChIJ39BYXyAFdkgRDqao0v3HvL0,https://maps.google.com/?cid=13672022461764904462&g_mp=CiVnb29nbGUubWFwcy5wbGFjZXMudjEuUGxhY2VzLkdldFBsYWNlEAIYBCAA,4.5,492
대한민국,제주,맛집,서귀포고기국수,33.2430755,126.5671231,ChIJY1_nQ3VTDDURikJdPE0QrS0,https://maps.google.com/?cid=3291304826588971658&g_mp=CiVnb29nbGUubWFwcy5wbGFjZXMudjEuUGxhY2VzLkdldFBsYWNlEAIYBCAA,4.4,492
스페인,바르셀로나,맛집,Pipa Club,41.3801317,2.1747254,ChIJ97bz91eipBIREEnAk0iqU-Y,https://maps.google.com/?cid=16596796280483629328&g_mp=CiVnb29nbGUubWFwcy5wbGFjZXMudjEuUGxhY2VzLkdldFBsYWNlEAIYBCAA,4.4,491
이탈리아,로마,맛집,Bar Trevi IV Generazione,41.903305,12.5081069,ChIJT4M5H5phLxMRz2M1s6RShbA,https://maps.google.com/?cid=12719663589912568783&g_mp=CiVnb29nbGUubWFwcy5wbGFjZXMudjEuUGxhY2VzLkdldFBsYWNlEAIYBCAA,5,490
베트남,다낭,맛집,CHOI’S - Korean Kitchen,16.0707131,108.2091542,ChIJ37ZdwksYQjERWWekkddVqLw,https://maps.google.com/?cid=13594209859567642457&g_mp=CiVnb29nbGUubWFwcy5wbGFjZXMudjEuUGxhY2VzLkdldFBsYWNlEAIYBCAA,4.8,489
대한민국,부산,박물관/미술관,양산시립박물관,35.3584145,129.0489379,ChIJ80zxar6ZaDURzmqrKNWhey4,https://maps.google.com/?cid=3349448684762524366&g_mp=CiVnb29nbGUubWFwcy5wbGFjZXMudjEuUGxhY2VzLkdldFBsYWNlEAIYBCAA,4.4,488
베트남,다낭,카페,Highlands Coffee,16.0734647,108.2139832,ChIJM1OVpdoZQjERct4DjcPXTLg,https://maps.google.com/?cid=13280226636093185650&g_mp=CiVnb29nbGUubWFwcy5wbGFjZXMudjEuUGxhY2VzLkdldFBsYWNlEAIYBCAA,4.2,488
대한민국,서울,박물관/미술관,Seoul Urban Life Museum,37.619671,127.0767099,ChIJ9zoO9QK7fDURijfFmk_Wi-A,https://maps.google.com/?cid=16180261723646015370&g_mp=CiVnb29nbGUubWFwcy5wbGFjZXMudjEuUGxhY2VzLkdldFBsYWNlEAIYBCAA,4.4,487
이탈리아,피렌체,역사,Monument to the Indian Prince,43.7904356,11.1978915,ChIJpxRv-CJXKhMRCO_RVsmnL8c,https://maps.google.com/?cid=14352875020639923976&g_mp=CiVnb29nbGUubWFwcy5wbGFjZXMudjEuUGxhY2VzLkdldFBsYWNlEAIYBCAA,4.2,485
대한민국,서울,카페,Holly's Coffee,37.5608719,126.9933221,ChIJ-ZBUzPyifDUR5Tu2jMLPBYA,https://maps.google.com/?cid=9225007846229687269&g_mp=CiVnb29nbGUubWFwcy5wbGFjZXMudjEuUGxhY2VzLkdldFBsYWNlEAIYBCAA,4,484
베트남,호치민,맛집,Măng's Mania Vegetarian Restaurant,10.7753458,106.7029181,ChIJrXVBvEcvdTERFLAnrDfwv4g,https://maps.google.com/?cid=9853858631612084244&g_mp=CiVnb29nbGUubWFwcy5wbGFjZXMudjEuUGxhY2VzLkdldFBsYWNlEAIYBCAA,4.7,483
네덜란드,암스테르담,명소,Kinderboerderij De Pijp,52.3493048,4.8928965,ChIJF_WZaosJxkcRVag2U7-Cv34,https://maps.google.com/?cid=9133162327577110613&g_mp=CiVnb29nbGUubWFwcy5wbGFjZXMudjEuUGxhY2VzLkdldFBsYWNlEAIYBCAA,4.6,482
대한민국,서울,박물관/미술관,Whanki Museum,37.5940944,126.966096,ChIJzTkiObKifDUR2Kz3y3OTmcc,https://maps.google.com/?cid=14382689010536918232&g_mp=CiVnb29nbGUubWFwcy5wbGFjZXMudjEuUGxhY2VzLkdldFBsYWNlEAIYBCAA,4.4,482
베트남,호치민,맛집,Phố Nhật Quán,10.7643861,106.7064295,ChIJDfARyeYvdTERBsNzwv332Ig,https://maps.google.com/?cid=9860904053388854022&g_mp=CiVnb29nbGUubWFwcy5wbGFjZXMudjEuUGxhY2VzLkdldFBsYWNlEAIYBCAA,4.8,481
체코,프라하,맛집,Bistro Moje Místo,50.0717685,14.4676442,ChIJOWvLuhqTC0cRGM2zFcuEoC4,https://maps.google.com/?cid=3359831329795722520&g_mp=CiVnb29nbGUubWFwcy5wbGFjZXMudjEuUGxhY2VzLkdldFBsYWNlEAIYBCAA,4.7,482
네덜란드,암스테르담,맛집,A Tavola,52.3702139,4.912312,ChIJfT1HmaMJxkcRqgsC63JhgPg,https://maps.google.com/?cid=17906419264622037930&g_mp=CiVnb29nbGUubWFwcy5wbGFjZXMudjEuUGxhY2VzLkdldFBsYWNlEAIYBCAA,4.6,480
체코,프라하,맛집,Hospůdka U Kladiva,50.0809236,14.4877598,ChIJkyj3FxWTC0cRIOfOBfugVNg,https://maps.google.com/?cid=15588261210230810400&g_mp=CiVnb29nbGUubWFwcy5wbGFjZXMudjEuUGxhY2VzLkdldFBsYWNlEAIYBCAA,4.4,480
네덜란드,암스테르담,카페,Bagels & Beans,52.375288,4.8623738,ChIJVzbyMXHixUcR8Iu0SVrV-jE,https://maps.google.com/?cid=3601425435796474864&g_mp=CiVnb29nbGUubWFwcy5wbGFjZXMudjEuUGxhY2VzLkdldFBsYWNlEAIYBCAA,4,479
스페인,마드리드,맛집,Malvón | Empanadas Madrid,40.4129338,-3.7076875,ChIJX0Fv4yIpQg0RPKd10tWxlVU,https://maps.google.com/?cid=6167030796670838588&g_mp=CiVnb29nbGUubWFwcy5wbGFjZXMudjEuUGxhY2VzLkdldFBsYWNlEAIYBCAA,4.9,476
대한민국,부산,박물관/미술관,United Nations Peace Memorial Hall,35.1248837,129.0932515,ChIJqb8xE13saDURDrD4HFmm3Do,https://maps.google.com/?cid=4241447850744524814&g_mp=CiVnb29nbGUubWFwcy5wbGFjZXMudjEuUGxhY2VzLkdldFBsYWNlEAIYBCAA,4.6,475
이탈리아,로마,역사,Arch of Janus,41.8893754,12.4827852,ChIJsx8xvEpgLxMRe6Bx01HUl4U,https://maps.google.com/?cid=9626396176432603259&g_mp=CiVnb29nbGUubWFwcy5wbGFjZXMudjEuUGxhY2VzLkdldFBsYWNlEAIYBCAA,4.6,474
스페인,마드리드,명소,Casa de las Siete Chimeneas,40.4201915,-3.6964745,ChIJbzS6N4QoQg0R8qUJ8IM5Mrw,https://maps.google.com/?cid=13560964666796647922&g_mp=CiVnb29nbGUubWFwcy5wbGFjZXMudjEuUGxhY2VzLkdldFBsYWNlEAIYBCAA,4.3,474
이탈리아,피렌체,맛집,Ottobit Art Lab,43.7234579,11.0009609,ChIJwV6UqEldKhMRGAT7nZxC39w,https://maps.google.com/?cid=15915512848583427096&g_mp=CiVnb29nbGUubWFwcy5wbGFjZXMudjEuUGxhY2VzLkdldFBsYWNlEAIYBCAA,4.5,472
호주,시드니,명소,Government House,-33.8596434,151.2148495,ChIJ97Fq_8qvEmsRd2Oj4GoX_zM,https://maps.google.com/?cid=3746739162798318455&g_mp=CiVnb29nbGUubWFwcy5wbGFjZXMudjEuUGxhY2VzLkdldFBsYWNlEAIYBCAA,4.6,471
일본,도쿄,맛집,Yasukuni Yachiyo Shokudo,35.6946978,139.7452586,ChIJo-sAt2mMGGARLRqsIDjM3mw,https://maps.google.com/?cid=7844932142364367405&g_mp=CiVnb29nbGUubWFwcy5wbGFjZXMudjEuUGxhY2VzLkdldFBsYWNlEAIYBCAA,4,471
영국,런던,맛집,Cheshire Cheese,51.5124666,-0.1130663,ChIJTTF-9LQEdkgRWGrPQTEYB2w,https://maps.google.com/?cid=7784217080769768024&g_mp=CiVnb29nbGUubWFwcy5wbGFjZXMudjEuUGxhY2VzLkdldFBsYWNlEAIYBCAA,4.5,469
이탈리아,베네치아,맛집,L'archivio,45.4372707,12.3272777,ChIJoapdvcWxfkcRYB83-PdD1X4,https://maps.google.com/?cid=9139285751118634848&g_mp=CiVnb29nbGUubWFwcy5wbGFjZXMudjEuUGxhY2VzLkdldFBsYWNlEAIYBCAA,4.7,468
이탈리아,로마,맛집,Ristorante del passeggero pizzeria bar,42.444785,12.751267,ChIJD9aMBskBLxMR7sdKLy8GxiE,https://maps.google.com/?cid=2433639448366991342&g_mp=CiVnb29nbGUubWFwcy5wbGFjZXMudjEuUGxhY2VzLkdldFBsYWNlEAIYBCAA,4.3,466
베트남,호치민,카페,Highlands Coffee,10.7905132,106.7192555,ChIJL_97qKopdTERJM7uagGkGMY,https://maps.google.com/?cid=14274339344946744868&g_mp=CiVnb29nbGUubWFwcy5wbGFjZXMudjEuUGxhY2VzLkdldFBsYWNlEAIYBCAA,4.3,465
영국,런던,맛집,The Crown,51.5168499,-0.1263958,ChIJZUY-INAbdkgR5t8i9697Ipo,https://maps.google.com/?cid=11106575626744815590&g_mp=CiVnb29nbGUubWFwcy5wbGFjZXMudjEuUGxhY2VzLkdldFBsYWNlEAIYBCAA,4.1,464
영국,런던,명소,Royal Courts of Justice,51.5136609,-0.1132125,ChIJheMywLQEdkgRbEEwYwdUwxc,https://maps.google.com/?cid=1712304674036531564&g_mp=CiVnb29nbGUubWFwcy5wbGFjZXMudjEuUGxhY2VzLkdldFBsYWNlEAIYBCAA,4.5,464
이탈리아,베네치아,맛집,Al Canton sas,45.4343062,12.31683,ChIJG7quL7axfkcRWjFe81YYFRw,https://maps.google.com/?cid=2023550369302196570&g_mp=CiVnb29nbGUubWFwcy5wbGFjZXMudjEuUGxhY2VzLkdldFBsYWNlEAIYBCAA,4.6,460
호주,퍼스,맛집,The Original Jewel of The Park,-31.9687732,115.9025185,ChIJubciOoK7MioRaNb7OPDv0rw,https://maps.google.com/?cid=13606201239266907752&g_mp=CiVnb29nbGUubWFwcy5wbGFjZXMudjEuUGxhY2VzLkdldFBsYWNlEAIYBCAA,4,460
대한민국,부산,맛집,Waterstone Seafood Diner,35.1535491,129.1245357,ChIJ5d4Z5jLtaDUR4CCmSrNvf-8,https://maps.google.com/?cid=17257635112949260512&g_mp=CiVnb29nbGUubWFwcy5wbGFjZXMudjEuUGxhY2VzLkdldFBsYWNlEAIYBCAA,4.1,459
대한민국,서울,카페,수잔나의 앞치마,37.5632737,126.9995798,ChIJi4Cg96ujfDURNphdSYJUi-o,https://maps.google.com/?cid=16900694945191270454&g_mp=CiVnb29nbGUubWFwcy5wbGFjZXMudjEuUGxhY2VzLkdldFBsYWNlEAIYBCAA,4.5,456
대한민국,서울,박물관/미술관,Seoul Hall Of Urbanism & Architecture,37.5668661,126.9766639,ChIJk0SQdXqjfDUR4jKyAE_IXs8,https://maps.google.com/?cid=14942600855301534434&g_mp=CiVnb29nbGUubWFwcy5wbGFjZXMudjEuUGxhY2VzLkdldFBsYWNlEAIYBCAA,4.1,456
독일,베를린,맛집,Asia Gondel,52.5116977,13.4169788,ChIJdVpNKCVOqEcRLR3IS765GZk,https://maps.google.com/?cid=11032052989187071277&g_mp=CiVnb29nbGUubWFwcy5wbGFjZXMudjEuUGxhY2VzLkdldFBsYWNlEAIYBCAA,4,456
이탈리아,베네치아,명소,Tiger Experience,45.3444281,12.0473162,ChIJzSTH_tLGfkcR2xh_atjQ8p8,https://maps.google.com/?cid=11525504024312748251&g_mp=CiVnb29nbGUubWFwcy5wbGFjZXMudjEuUGxhY2VzLkdldFBsYWNlEAIYBCAA,4.6,453
베트남,다낭,카페,Chè Liên,16.0550244,108.2223487,ChIJhezKTn4ZQjER5PwGUpgKh6g,https://maps.google.com/?cid=12143686569555328228&g_mp=CiVnb29nbGUubWFwcy5wbGFjZXMudjEuUGxhY2VzLkdldFBsYWNlEAIYBCAA,4,450
베트남,호치민,맛집,Sabor Restaurant & Bar,10.767587,106.697385,ChIJtdXIZGwvdTERgXojPulu1Vo,https://maps.google.com/?cid=6545259581501831809&g_mp=CiVnb29nbGUubWFwcy5wbGFjZXMudjEuUGxhY2VzLkdldFBsYWNlEAIYBCAA,4.7,449
독일,베를린,카페,AKKURAT Café,52.5048497,13.394206,ChIJoaO7QRRRqEcRtBLLz6p4PS0,https://maps.google.com/?cid=3259894380312072884&g_mp=CiVnb29nbGUubWFwcy5wbGFjZXMudjEuUGxhY2VzLkdldFBsYWNlEAIYBCAA,4.5,448
대한민국,부산,해변,Songdo Beach,35.0754546,129.016761,ChIJ07EMAkXoaDURr8d2uGJp5pk,https://maps.google.com/?cid=11089667005168928687&g_mp=CiVnb29nbGUubWFwcy5wbGFjZXMudjEuUGxhY2VzLkdldFBsYWNlEAIYBCAA,4.4,447
이탈리아,로마,역사,Flaminio Obelisk,41.9107546,12.4763435,ChIJ4QMy5PhgLxMR4xXXSbgmxF8,https://maps.google.com/?cid=6900683101993113059&g_mp=CiVnb29nbGUubWFwcy5wbGFjZXMudjEuUGxhY2VzLkdldFBsYWNlEAIYBCAA,4.8,445
대한민국,서울,박물관/미술관,Seoul Science Exhibition,37.4692976,126.9590754,ChIJny760h6gfDURfzIL5GNzkJY,https://maps.google.com/?cid=10849298375200420479&g_mp=CiVnb29nbGUubWFwcy5wbGFjZXMudjEuUGxhY2VzLkdldFBsYWNlEAIYBCAA,4.2,444
대한민국,제주도,카페,Cutie Pie Cafe,33.4778705,126.3688144,ChIJ6z4QWLb2DDUR2WQk3KjdSVc,https://maps.google.com/?cid=6289802071917225177&g_mp=CiVnb29nbGUubWFwcy5wbGFjZXMudjEuUGxhY2VzLkdldFBsYWNlEAIYBCAA,4.2,444
오스트리아,빈,맛집,Cafe 3/4 Takt,48.2160401,16.387364,ChIJgaKx-wgHbUcR7TZ166Wbt78,https://maps.google.com/?cid=13814681518904522477&g_mp=CiVnb29nbGUubWFwcy5wbGFjZXMudjEuUGxhY2VzLkdldFBsYWNlEAIYBCAA,4.2,439
체코,프라하,맛집,The Madhouse Prague,50.0810226,14.4193031,ChIJJ8P5__GUC0cRJygqriBRm90,https://maps.google.com/?cid=15968446104575027239&g_mp=CiVnb29nbGUubWFwcy5wbGFjZXMudjEuUGxhY2VzLkdldFBsYWNlEAIYBCAA,4.7,438
대한민국,서울,맛집,Tabom,37.5332902,126.9944909,ChIJix2RHUqifDURYaIPBH7Y_Q4,https://maps.google.com/?cid=1080257521384399457&g_mp=CiVnb29nbGUubWFwcy5wbGFjZXMudjEuUGxhY2VzLkdldFBsYWNlEAIYBCAA,4.3,436
프랑스,파리,맛집,Hot Pot Noodle Pantheon,48.8483111,2.3484025,ChIJrWPNboBx5kcRBmGDVoKO-PE,https://maps.google.com/?cid=17435842647813218566&g_mp=CiVnb29nbGUubWFwcy5wbGFjZXMudjEuUGxhY2VzLkdldFBsYWNlEAIYBCAA,4.7,435
네덜란드,암스테르담,맛집,Alberto Pozzetto,52.3548093,4.8935685,ChIJ8-1lR40JxkcRBPF8pL1m8qc,https://maps.google.com/?cid=12101848113392447748&g_mp=CiVnb29nbGUubWFwcy5wbGFjZXMudjEuUGxhY2VzLkdldFBsYWNlEAIYBCAA,4.7,434
영국,런던,카페,2 Love,51.4961049,-0.1207882,ChIJW79xrMEEdkgRBC6zyg5WLP0,https://maps.google.com/?cid=18243050812101307908&g_mp=CiVnb29nbGUubWFwcy5wbGFjZXMudjEuUGxhY2VzLkdldFBsYWNlEAIYBCAA,4.8,434
태국,방콕,맛집,MHEESUK HOTPOT BUFFET,13.770406,100.4840408,ChIJDRMapriZ4jARYZHHKnQVPq0,https://maps.google.com/?cid=12483438805795705185&g_mp=CiVnb29nbGUubWFwcy5wbGFjZXMudjEuUGxhY2VzLkdldFBsYWNlEAIYBCAA,4.8,433
네덜란드,암스테르담,맛집,Restaurant Bougainville,52.372456,4.893293,ChIJn8V5MccJxkcRHVZpXXoRPps,https://maps.google.com/?cid=11186397741685757469&g_mp=CiVnb29nbGUubWFwcy5wbGFjZXMudjEuUGxhY2VzLkdldFBsYWNlEAIYBCAA,4.8,432
호주,멜버른,명소,Polly Woodside,-37.8244767,144.9535691,ChIJYWjE5FNd1moR5tOnPN4CmGo,https://maps.google.com/?cid=7680892318004007910&g_mp=CiVnb29nbGUubWFwcy5wbGFjZXMudjEuUGxhY2VzLkdldFBsYWNlEAIYBCAA,4.3,432
체코,프라하,맛집,Jídelna U plynárny,50.057069,14.475665,ChIJh8dvk5iTC0cREVtmn_j3Y5A,https://maps.google.com/?cid=10404432211354213137&g_mp=CiVnb29nbGUubWFwcy5wbGFjZXMudjEuUGxhY2VzLkdldFBsYWNlEAIYBCAA,4.6,431
대한민국,서울,박물관/미술관,Ewha Womans University Museum,37.5604374,126.9445321,ChIJswf2NYWYfDURHOAgh_PWTHg,https://maps.google.com/?cid=8668539724213837852&g_mp=CiVnb29nbGUubWFwcy5wbGFjZXMudjEuUGxhY2VzLkdldFBsYWNlEAIYBCAA,4.5,430
스페인,마드리드,맛집,La Tortilla Castiza,40.4067745,-3.7072787,ChIJS6uqFJQnQg0RA4nDkyBXUFM,https://maps.google.com/?cid=6003394100714506499&g_mp=CiVnb29nbGUubWFwcy5wbGFjZXMudjEuUGxhY2VzLkdldFBsYWNlEAIYBCAA,4.8,428
대한민국,서울,박물관/미술관,Seoul Education Museum,37.5797571,126.9832494,ChIJee9lXMSifDURBL5QJCkmzb8,https://maps.google.com/?cid=13820744789614706180&g_mp=CiVnb29nbGUubWFwcy5wbGFjZXMudjEuUGxhY2VzLkdldFBsYWNlEAIYBCAA,4.3,428
호주,시드니,카페,101 KISSA,-33.8874596,151.1989703,ChIJu6ThMLexEmsRbQymZxzrQ-Y,https://maps.google.com/?cid=16592363959393586285&g_mp=CiVnb29nbGUubWFwcy5wbGFjZXMudjEuUGxhY2VzLkdldFBsYWNlEAIYBCAA,4.6,428
대한민국,부산,카페,A TWOSOME PLACE Seomyeon Jungang,35.1543239,129.0619358,ChIJ90_nSWXraDURHsb_q7xIOeg,https://maps.google.com/?cid=16733485865648506398&g_mp=CiVnb29nbGUubWFwcy5wbGFjZXMudjEuUGxhY2VzLkdldFBsYWNlEAIYBCAA,4,427
대한민국,부산,맛집,신사꽂게당 해운대점 Haeundae Marinated Crab – Korean Gejang Restaurant | 海雲台ケジャン専門店｜韓国カニ料理,35.1597081,129.1595155,ChIJ8_GPyHeNaDURha_9MZpINOY,https://maps.google.com/?cid=16587963154613251973&g_mp=CiVnb29nbGUubWFwcy5wbGFjZXMudjEuUGxhY2VzLkdldFBsYWNlEAIYBCAA,4.9,428
태국,방콕,맛집,Leela Orchid Hotel,13.7514297,100.5374884,ChIJpdMh6eae4jARF0xdT32nn94,https://maps.google.com/?cid=16041724554361261079&g_mp=CiVnb29nbGUubWFwcy5wbGFjZXMudjEuUGxhY2VzLkdldFBsYWNlEAIYBCAA,4.5,425
베트남,다낭,맛집,CinCin Pizzeria - Sourdough & Wood-Fired Pizza DaNang,16.0732099,108.2372763,ChIJ3yon4YIZQjERJFlDXyD7_H8,https://maps.google.com/?cid=9222522253403707684&g_mp=CiVnb29nbGUubWFwcy5wbGFjZXMudjEuUGxhY2VzLkdldFBsYWNlEAIYBCAA,4.9,423
호주,시드니,맛집,Bastardo,-33.8863329,151.2094045,ChIJ4eHP21ivEmsRryRrWvaKdIE,https://maps.google.com/?cid=9328233518874698927&g_mp=CiVnb29nbGUubWFwcy5wbGFjZXMudjEuUGxhY2VzLkdldFBsYWNlEAIYBCAA,4.6,423
프랑스,파리,명소,Le Monde de l’Observation,48.8577039,2.3502725,ChIJQSPc2B1u5kcRQtRJctKYP_c,https://maps.google.com/?cid=17816126680528966722&g_mp=CiVnb29nbGUubWFwcy5wbGFjZXMudjEuUGxhY2VzLkdldFBsYWNlEAIYBCAA,4.2,422
베트남,호치민,맛집,Zeroism Vegan - Café & Sourdough Bakery,10.8038578,106.7284153,ChIJ_TFMM9UndTER-Wd_TaHe7Tc,https://maps.google.com/?cid=4030122025937758201&g_mp=CiVnb29nbGUubWFwcy5wbGFjZXMudjEuUGxhY2VzLkdldFBsYWNlEAIYBCAA,4.6,421
호주,퍼스,맛집,Phat Brew Club,-31.944271,115.8449979,ChIJLaajyTilMioRUHMkhoDenD8,https://maps.google.com/?cid=4583783164344038224&g_mp=CiVnb29nbGUubWFwcy5wbGFjZXMudjEuUGxhY2VzLkdldFBsYWNlEAIYBCAA,4.4,422
스위스,인터라켄,맛집,Stallbeizli Heubode,46.6179938,8.0130528,ChIJ9aAn27Wej0cRW0WURgrB3CI,https://maps.google.com/?cid=2512094942043850075&g_mp=CiVnb29nbGUubWFwcy5wbGFjZXMudjEuUGxhY2VzLkdldFBsYWNlEAIYBCAA,4.8,418
일본,오사카,카페,Boulangerie Kawa Honmachi,34.6826936,135.5016437,ChIJcVMEeB7nAGARw9o6eM-d34A,https://maps.google.com/?cid=9286314471062166211&g_mp=CiVnb29nbGUubWFwcy5wbGFjZXMudjEuUGxhY2VzLkdldFBsYWNlEAIYBCAA,4.1,417
대한민국,부산,박물관/미술관,Daeseong-dong Tombs Museum,35.2364885,128.8730756,ChIJPxGeYG3HaDURxCUiseF1zq8,https://maps.google.com/?cid=12668192414039680452&g_mp=CiVnb29nbGUubWFwcy5wbGFjZXMudjEuUGxhY2VzLkdldFBsYWNlEAIYBCAA,4.4,415
대한민국,부산,맛집,CLAM Gwangalli,35.1523296,129.1172956,ChIJK-B0uSjtaDURQOiuP-iR03E,https://maps.google.com/?cid=8202059773058672704&g_mp=CiVnb29nbGUubWFwcy5wbGFjZXMudjEuUGxhY2VzLkdldFBsYWNlEAIYBCAA,4.1,414
호주,퍼스,맛집,Cargill Cafe,-31.9743047,115.8898062,ChIJMWv-OXK7MioRx-omNsNKOMk,https://maps.google.com/?cid=14499421202606910151&g_mp=CiVnb29nbGUubWFwcy5wbGFjZXMudjEuUGxhY2VzLkdldFBsYWNlEAIYBCAA,4.7,412
프랑스,파리,카페,The French Bastards,48.8575538,2.352529,ChIJ13L6satv5kcRFSyYHKDJx2Y,https://maps.google.com/?cid=7406109801745755157&g_mp=CiVnb29nbGUubWFwcy5wbGFjZXMudjEuUGxhY2VzLkdldFBsYWNlEAIYBCAA,4.4,412
이탈리아,베네치아,역사,Church of Saint Peter Martyr,45.4549511,12.3526378,ChIJQ8EJYAKufkcR52NVwqgqz4E,https://maps.google.com/?cid=9353741855375057895&g_mp=CiVnb29nbGUubWFwcy5wbGFjZXMudjEuUGxhY2VzLkdldFBsYWNlEAIYBCAA,4.5,411
독일,베를린,명소,Children's Farm on the Görlitz e.V.,52.4957254,13.4378477,ChIJWe1kQUtOqEcRkmC-Hh2hv-4,https://maps.google.com/?cid=17203646248020500626&g_mp=CiVnb29nbGUubWFwcy5wbGFjZXMudjEuUGxhY2VzLkdldFBsYWNlEAIYBCAA,4.4,411
호주,시드니,카페,Billi's Cafe & Restaurant,-33.8443607,151.2046219,ChIJ-S3iKvSuEmsRCW2u-9YaM8Q,https://maps.google.com/?cid=14137673165893954825&g_mp=CiVnb29nbGUubWFwcy5wbGFjZXMudjEuUGxhY2VzLkdldFBsYWNlEAIYBCAA,4.1,411
영국,런던,맛집,BAPJO 밥조,51.5003743,-0.1108458,ChIJfZ842nMFdkgRBfolNpjxj3M,https://maps.google.com/?cid=8327139872077117957&g_mp=CiVnb29nbGUubWFwcy5wbGFjZXMudjEuUGxhY2VzLkdldFBsYWNlEAIYBCAA,4.7,410
호주,멜버른,맛집,102 Uniq,-37.8061418,144.9832473,ChIJB6mAR0dD1moRZl5SKFstpjg,https://maps.google.com/?cid=4081999981799693926&g_mp=CiVnb29nbGUubWFwcy5wbGFjZXMudjEuUGxhY2VzLkdldFBsYWNlEAIYBCAA,4.8,408
스페인,바르셀로나,카페,Starbucks,41.392935,2.165396,ChIJY2cIJe2ipBIRK_Uk3kLnfyM,https://maps.google.com/?cid=2558017387750552875&g_mp=CiVnb29nbGUubWFwcy5wbGFjZXMudjEuUGxhY2VzLkdldFBsYWNlEAIYBCAA,4.2,408
독일,뮌헨,맛집,Restaurant Atelier Gourmet,48.1272687,11.5925786,ChIJEZt-OnnfnUcR8lu5gxJva6Y,https://maps.google.com/?cid=11991800558114135026&g_mp=CiVnb29nbGUubWFwcy5wbGFjZXMudjEuUGxhY2VzLkdldFBsYWNlEAIYBCAA,4.7,406
대한민국,서울,박물관/미술관,Park Chung-hee Presidential Library and Museum,37.5751581,126.8862131,ChIJaWBZpGuZfDUR2zLWT5-fqZE,https://maps.google.com/?cid=10496095913151705819&g_mp=CiVnb29nbGUubWFwcy5wbGFjZXMudjEuUGxhY2VzLkdldFBsYWNlEAIYBCAA,4.5,404
호주,퍼스,맛집,Pizza Riviera,-31.9559918,115.9080054,ChIJ72n0g6W7MioR5UfwYRAQadU,https://maps.google.com/?cid=15377840065181927397&g_mp=CiVnb29nbGUubWFwcy5wbGFjZXMudjEuUGxhY2VzLkdldFBsYWNlEAIYBCAA,4.5,404
네덜란드,암스테르담,맛집,Akitsu,52.372252,4.875266,ChIJRdXgpd4JxkcR_0joPy89tPY,https://maps.google.com/?cid=17776900902283135231&g_mp=CiVnb29nbGUubWFwcy5wbGFjZXMudjEuUGxhY2VzLkdldFBsYWNlEAIYBCAA,4.4,404
베트남,호치민,맛집,Quán Chay Tịnh Tâm,10.801411,106.6450394,ChIJ1QJaAIQpdTERwn_VjPH6ppI,https://maps.google.com/?cid=10567409491028312002&g_mp=CiVnb29nbGUubWFwcy5wbGFjZXMudjEuUGxhY2VzLkdldFBsYWNlEAIYBCAA,4.5,403
독일,뮌헨,맛집,Arte in Tavola,48.1507773,11.5736658,ChIJ5bYEWel1nkcRA6OZvTgdaPc,https://maps.google.com/?cid=17827531254482445059&g_mp=CiVnb29nbGUubWFwcy5wbGFjZXMudjEuUGxhY2VzLkdldFBsYWNlEAIYBCAA,4.3,403
대한민국,서울,박물관/미술관,Bukchon Oriental Culture Museum,37.5838383,126.9835518,ChIJSzi3dc-ifDURWuLoM6yt-_Y,https://maps.google.com/?cid=17797009307601527386&g_mp=CiVnb29nbGUubWFwcy5wbGFjZXMudjEuUGxhY2VzLkdldFBsYWNlEAIYBCAA,4.5,402
대한민국,제주도,박물관/미술관,Arario Museum Tapdong Cinema,33.5174219,126.5234393,ChIJT1X80FfjDDUR221xHfn5tZo,https://maps.google.com/?cid=11148091300961676763&g_mp=CiVnb29nbGUubWFwcy5wbGFjZXMudjEuUGxhY2VzLkdldFBsYWNlEAIYBCAA,4.5,402
태국,방콕,명소,Chitralada Villa Royal Residence,13.7693694,100.520816,ChIJfx96zk-Z4jAReV15DDQTHmY,https://maps.google.com/?cid=7358339955438476665&g_mp=CiVnb29nbGUubWFwcy5wbGFjZXMudjEuUGxhY2VzLkdldFBsYWNlEAIYBCAA,4.4,402
태국,방콕,맛집,Chong Kee Mu Satay,13.7370327,100.5146872,ChIJVYDPEyeZ4jAR2iUNTiPaGV8,https://maps.google.com/?cid=6852748153189115354&g_mp=CiVnb29nbGUubWFwcy5wbGFjZXMudjEuUGxhY2VzLkdldFBsYWNlEAIYBCAA,4.3,402
네덜란드,암스테르담,맛집,Restaurant Vermeer,52.376537,4.900446,ChIJQ_tKzrkJxkcRYKxi_rC_ghg,https://maps.google.com/?cid=1766184770785684576&g_mp=CiVnb29nbGUubWFwcy5wbGFjZXMudjEuUGxhY2VzLkdldFBsYWNlEAIYBCAA,4.6,401
대한민국,서울,박물관/미술관,Seoul Yangnyeongsi Herb Medicine Museum,37.5805691,127.0376319,ChIJK0u1nqm8fDURplByelFA6O0,https://maps.google.com/?cid=17143022700276633766&g_mp=CiVnb29nbGUubWFwcy5wbGFjZXMudjEuUGxhY2VzLkdldFBsYWNlEAIYBCAA,4.4,400
태국,방콕,맛집,Above Riva,13.7442007,100.491941,ChIJ34lV5wiZ4jAR3HOmXoyBHa4,https://maps.google.com/?cid=12546326576807441372&g_mp=CiVnb29nbGUubWFwcy5wbGFjZXMudjEuUGxhY2VzLkdldFBsYWNlEAIYBCAA,4.4,400
스페인,마드리드,카페,AMAZONIA AÇAÍ,40.4110857,-3.6553547,ChIJQ5cGXwAlQg0R8zYUDaVqhMU,https://maps.google.com/?cid=14232617979519186675&g_mp=CiVnb29nbGUubWFwcy5wbGFjZXMudjEuUGxhY2VzLkdldFBsYWNlEAIYBCAA,4.5,406
베트남,다낭,맛집,Cửa hàng Ăn uống Mậu Dịch 1986,16.0716765,108.2138646,ChIJp70YIDYYQjERt9C3dAHDqwQ,https://maps.google.com/?cid=336577008189821111&g_mp=CiVnb29nbGUubWFwcy5wbGFjZXMudjEuUGxhY2VzLkdldFBsYWNlEAIYBCAA,4.3,398
이탈리아,베네치아,역사,Basilica di San Pietro di Castello,45.4347041,12.3595072,ChIJ894NSjqufkcRVXWk7OJYsXs,https://maps.google.com/?cid=8913002869198976341&g_mp=CiVnb29nbGUubWFwcy5wbGFjZXMudjEuUGxhY2VzLkdldFBsYWNlEAIYBCAA,4.5,397
호주,멜버른,카페,#1000 Bread,-37.8108898,144.9641372,ChIJFVyxFTND1moRhALge7TlIBs,https://maps.google.com/?cid=1954814801613947524&g_mp=CiVnb29nbGUubWFwcy5wbGFjZXMudjEuUGxhY2VzLkdldFBsYWNlEAIYBCAA,4,397
이탈리아,베네치아,맛집,Ristorazione Donazzon Achille,45.4727432,12.2526768,ChIJkZn84qm2fkcRNks5M_EESI8,https://maps.google.com/?cid=10324507579739884342&g_mp=CiVnb29nbGUubWFwcy5wbGFjZXMudjEuUGxhY2VzLkdldFBsYWNlEAIYBCAA,4.4,396
스페인,마드리드,맛집,La Caleta,40.4378576,-3.7136342,ChIJcREUWUMoQg0RBNwZ7xq_tLs,https://maps.google.com/?cid=13525645703301946372&g_mp=CiVnb29nbGUubWFwcy5wbGFjZXMudjEuUGxhY2VzLkdldFBsYWNlEAIYBCAA,4.2,396
일본,오사카,명소,Dotonbori Bridge,34.669039,135.5003487,ChIJ3Wg46QjnAGARToVVxwBUimY,https://maps.google.com/?cid=7388810500975723854&g_mp=CiVnb29nbGUubWFwcy5wbGFjZXMudjEuUGxhY2VzLkdldFBsYWNlEAIYBCAA,4.6,394
체코,프라하,맛집,EMOI - Pravá Vietnamská Restaurace - Praha Vinice,50.0774083,14.4870749,ChIJ218ozlyTC0cRa0ToIr2YPoY,https://maps.google.com/?cid=9673336987740292203&g_mp=CiVnb29nbGUubWFwcy5wbGFjZXMudjEuUGxhY2VzLkdldFBsYWNlEAIYBCAA,4.6,393
체코,프라하,카페,Kafe Atrium,50.0819719,14.4530417,ChIJlaj_PpGVC0cRiOMSK95JP2U,https://maps.google.com/?cid=7295631139917718408&g_mp=CiVnb29nbGUubWFwcy5wbGFjZXMudjEuUGxhY2VzLkdldFBsYWNlEAIYBCAA,4.8,392
호주,퍼스,맛집,Mama's & Papa's Japanese Cafe,-31.9409239,115.8111551,ChIJzSVAjHOlMioRIQ7T07tNv0k,https://maps.google.com/?cid=5314051554428522017&g_mp=CiVnb29nbGUubWFwcy5wbGFjZXMudjEuUGxhY2VzLkdldFBsYWNlEAIYBCAA,4.6,390
이탈리아,베네치아,명소,Scuola Grande dei Carmini,45.4336557,12.3224079,ChIJ18gNTsmxfkcR6kOXLB8VecU,https://maps.google.com/?cid=14229427721290073066&g_mp=CiVnb29nbGUubWFwcy5wbGFjZXMudjEuUGxhY2VzLkdldFBsYWNlEAIYBCAA,4.5,388
대한민국,제주,맛집,Sky on 5 Dining,33.3076717,126.317648,ChIJs5WHtctdDDURHUbSEVUzboQ,https://maps.google.com/?cid=9542621100908889629&g_mp=CiVnb29nbGUubWFwcy5wbGFjZXMudjEuUGxhY2VzLkdldFBsYWNlEAIYBCAA,4.2,388
호주,퍼스,카페,Globe Coffee House Patisserie & Restaurant,-31.9805779,115.863097,ChIJdUiOsEi7MioRy82LlJvR8YE,https://maps.google.com/?cid=9363495566422298059&g_mp=CiVnb29nbGUubWFwcy5wbGFjZXMudjEuUGxhY2VzLkdldFBsYWNlEAIYBCAA,4.1,388
일본,오사카,맛집,AB-Kitchen,34.6844133,135.508797,ChIJAWYiCiHnAGARuU8jJPoRy8o,https://maps.google.com/?cid=14612793181979496377&g_mp=CiVnb29nbGUubWFwcy5wbGFjZXMudjEuUGxhY2VzLkdldFBsYWNlEAIYBCAA,4,388
이탈리아,로마,맛집,Angolo Dell'Aurora,41.9070191,12.48795,ChIJURoucqphLxMRZ3FsHKVaR_I,https://maps.google.com/?cid=17458022145717989735&g_mp=CiVnb29nbGUubWFwcy5wbGFjZXMudjEuUGxhY2VzLkdldFBsYWNlEAIYBCAA,4.1,387
대한민국,서울,카페,Gyeol by BEAN BROTHERS,37.571964,126.9834466,ChIJI6FKRTGjfDURniM2Z92eWjM,https://maps.google.com/?cid=3700444717594846110&g_mp=CiVnb29nbGUubWFwcy5wbGFjZXMudjEuUGxhY2VzLkdldFBsYWNlEAIYBCAA,4.5,386
대한민국,서울,맛집,Mallijae Bistro,37.5555695,126.9678207,ChIJd7SD4sCjfDURJYN9yPhiUXA,https://maps.google.com/?cid=8093358826016572197&g_mp=CiVnb29nbGUubWFwcy5wbGFjZXMudjEuUGxhY2VzLkdldFBsYWNlEAIYBCAA,4.2,386
이탈리아,로마,카페,Espresso 32,41.8944787,12.5089992,ChIJ0bbqmBlhLxMRST6YHDU2gnU,https://maps.google.com/?cid=8467389851150859849&g_mp=CiVnb29nbGUubWFwcy5wbGFjZXMudjEuUGxhY2VzLkdldFBsYWNlEAIYBCAA,4.8,386
대한민국,서울,박물관/미술관,House of Baek Inje,37.580642,126.9840665,ChIJMfzyA8WifDURw_aHDyLw0z8,https://maps.google.com/?cid=4599283673555531459&g_mp=CiVnb29nbGUubWFwcy5wbGFjZXMudjEuUGxhY2VzLkdldFBsYWNlEAIYBCAA,4.7,385
프랑스,파리,맛집,BAFFO,48.860147,2.3562522,ChIJyTq6TQNu5kcR54c0callVg0,https://maps.google.com/?cid=961067348913326055&g_mp=CiVnb29nbGUubWFwcy5wbGFjZXMudjEuUGxhY2VzLkdldFBsYWNlEAIYBCAA,4.6,385
스페인,바르셀로나,맛집,Le Bouchon,41.3825882,2.1789431,ChIJaZqwBfmipBIRpLHj4lebOK8,https://maps.google.com/?cid=12626012357104218532&g_mp=CiVnb29nbGUubWFwcy5wbGFjZXMudjEuUGxhY2VzLkdldFBsYWNlEAIYBCAA,4.3,384
오스트리아,빈,자연/힐링,New Danube,48.2165791,16.4293995,ChIJ--nvUdEGbUcRYP0hbERNIt8,https://maps.google.com/?cid=16078498575933373792&g_mp=CiVnb29nbGUubWFwcy5wbGFjZXMudjEuUGxhY2VzLkdldFBsYWNlEAIYBCAA,4.6,383
프랑스,파리,공원/정원,Square des arènes de Lutèce,48.8447942,2.3533306,ChIJB9uU7O9x5kcRV3wHaE_-tJc,https://maps.google.com/?cid=10931641812536228951&g_mp=CiVnb29nbGUubWFwcy5wbGFjZXMudjEuUGxhY2VzLkdldFBsYWNlEAIYBCAA,4.4,382
독일,뮌헨,맛집,AIVI Eatery - Sushi Restaurant,48.1336247,11.5812739,ChIJP9wUDP7fnUcRCrWLIovKhEQ,https://maps.google.com/?cid=4937293790433752330&g_mp=CiVnb29nbGUubWFwcy5wbGFjZXMudjEuUGxhY2VzLkdldFBsYWNlEAIYBCAA,4.7,381
스페인,마드리드,자연/힐링,Manzanares,40.4876664,-3.7553923,ChIJkQIfuXyHQQ0ReOjwTvuf5o4,https://maps.google.com/?cid=10297093499739236472&g_mp=CiVnb29nbGUubWFwcy5wbGFjZXMudjEuUGxhY2VzLkdldFBsYWNlEAIYBCAA,4.3,381
스위스,인터라켄,맛집,Hotel Rothorn,46.7352778,7.7141667,ChIJ1wM8AOqxj0cRsfsm-b743rk,https://maps.google.com/?cid=13393415840953990065&g_mp=CiVnb29nbGUubWFwcy5wbGFjZXMudjEuUGxhY2VzLkdldFBsYWNlEAIYBCAA,4,381
독일,뮌헨,맛집,Late Nights ehemals ROCKBOX BAR - München,48.136203,11.5795314,ChIJJUPFGOx1nkcRgrgzckPSFAo,https://maps.google.com/?cid=726436627034126466&g_mp=CiVnb29nbGUubWFwcy5wbGFjZXMudjEuUGxhY2VzLkdldFBsYWNlEAIYBCAA,4.3,380
호주,시드니,맛집,Angry Tony's Pizza Darlington,-33.8884462,151.196434,ChIJF67dp9exEmsRr-CAHOkNT5Y,https://maps.google.com/?cid=10830890923706081455&g_mp=CiVnb29nbGUubWFwcy5wbGFjZXMudjEuUGxhY2VzLkdldFBsYWNlEAIYBCAA,4.2,379
호주,시드니,맛집,Norcino,-33.8698933,151.1907725,ChIJ9XEilYavEmsRKNXB9SifoCk,https://maps.google.com/?cid=2999572350099379496&g_mp=CiVnb29nbGUubWFwcy5wbGFjZXMudjEuUGxhY2VzLkdldFBsYWNlEAIYBCAA,4.6,377
네덜란드,암스테르담,맛집,Vinkeles,52.3692786,4.884023,ChIJg8bf-sIJxkcR9mc7li6y48E,https://maps.google.com/?cid=13971206382192125942&g_mp=CiVnb29nbGUubWFwcy5wbGFjZXMudjEuUGxhY2VzLkdldFBsYWNlEAIYBCAA,4.6,377
호주,시드니,맛집,Arthur's Pizza Glebe,-33.8772771,151.1848616,ChIJi2-Wu5avEmsRvGAFPMd_Tis,https://maps.google.com/?cid=3120572085496537276&g_mp=CiVnb29nbGUubWFwcy5wbGFjZXMudjEuUGxhY2VzLkdldFBsYWNlEAIYBCAA,4.4,377
프랑스,파리,맛집,L'INAPERÇU,48.8632313,2.3544069,ChIJoWPcwe1v5kcRQTjQWdtbRv8,https://maps.google.com/?cid=18394490725704153153&g_mp=CiVnb29nbGUubWFwcy5wbGFjZXMudjEuUGxhY2VzLkdldFBsYWNlEAIYBCAA,4.6,377
네덜란드,암스테르담,카페,Samen - Lunch and Juices,52.3826,4.8553111,ChIJeasz7GTixUcRdu3iQ6xUxrM,https://maps.google.com/?cid=12954134477027863926&g_mp=CiVnb29nbGUubWFwcy5wbGFjZXMudjEuUGxhY2VzLkdldFBsYWNlEAIYBCAA,4.7,375
네덜란드,암스테르담,맛집,Agabi Santa Maria,52.3666224,4.9021167,ChIJxVQU970JxkcRyLNhlo1sBwU,https://maps.google.com/?cid=362377650395788232&g_mp=CiVnb29nbGUubWFwcy5wbGFjZXMudjEuUGxhY2VzLkdldFBsYWNlEAIYBCAA,4.2,374
독일,뮌헨,명소,Hotel Leopold,48.1677633,11.5857918,ChIJyWNelMl1nkcRJxldfohOdOE,https://maps.google.com/?cid=16245696103974770983&g_mp=CiVnb29nbGUubWFwcy5wbGFjZXMudjEuUGxhY2VzLkdldFBsYWNlEAIYBCAA,4.4,373
네덜란드,암스테르담,맛집,'t Tuinfeest B.V.,52.373216,4.9012956,ChIJ6WiwabkJxkcRF-QPjewIJ2g,https://maps.google.com/?cid=7504977116108153879&g_mp=CiVnb29nbGUubWFwcy5wbGFjZXMudjEuUGxhY2VzLkdldFBsYWNlEAIYBCAA,4.3,372
체코,프라하,명소,Skalka - Metro A - výtah,50.0684405,14.5071412,ChIJOelqdlGTC0cRVaJUDKeNk5c,https://maps.google.com/?cid=10922229269909512789&g_mp=CiVnb29nbGUubWFwcy5wbGFjZXMudjEuUGxhY2VzLkdldFBsYWNlEAIYBCAA,4.1,371
이탈리아,로마,카페,BAR AL CAFFE ROMANO,41.8962441,12.5047853,ChIJG7AxzqJhLxMRTzG2EUUkj-w,https://maps.google.com/?cid=17045882993689112911&g_mp=CiVnb29nbGUubWFwcy5wbGFjZXMudjEuUGxhY2VzLkdldFBsYWNlEAIYBCAA,4.5,370
독일,베를린,카페,Baffels Café and More,52.5320086,13.3892245,ChIJFcnld-5RqEcRU_-dCuYpteI,https://maps.google.com/?cid=16336009291353685843&g_mp=CiVnb29nbGUubWFwcy5wbGFjZXMudjEuUGxhY2VzLkdldFBsYWNlEAIYBCAA,4.8,369
베트남,다낭,맛집,4:30 PM Beer,16.0553565,108.2437559,ChIJRafxFDgXQjERXmadwFsE7AA,https://maps.google.com/?cid=66432886623790686&g_mp=CiVnb29nbGUubWFwcy5wbGFjZXMudjEuUGxhY2VzLkdldFBsYWNlEAIYBCAA,4.7,369
대한민국,부산,맛집,Vegenarang,35.1567466,129.1342693,ChIJT81C6c-SaDURtoMl6Ub3ITs,https://maps.google.com/?cid=4260958606400521142&g_mp=CiVnb29nbGUubWFwcy5wbGFjZXMudjEuUGxhY2VzLkdldFBsYWNlEAIYBCAA,4.5,369
독일,뮌헨,맛집,Milchhäusl,48.14973,11.58533,ChIJnTnV9391nkcRNSHGidio_gM,https://maps.google.com/?cid=287853074176155957&g_mp=CiVnb29nbGUubWFwcy5wbGFjZXMudjEuUGxhY2VzLkdldFBsYWNlEAIYBCAA,4.5,369
대한민국,서울,카페,밤부 베이커리브류잉 합정점,37.5505802,126.9109228,ChIJw57-3imZfDURXCMWJ2p9pLE,https://maps.google.com/?cid=12800493935769559900&g_mp=CiVnb29nbGUubWFwcy5wbGFjZXMudjEuUGxhY2VzLkdldFBsYWNlEAIYBCAA,4.1,367
호주,퍼스,카페,Dejaxo Artisan Bakery and Cafe,-31.9250898,115.8377772,ChIJhSTPT1qlMioR9DEYIa7hyPw,https://maps.google.com/?cid=18215056830895763956&g_mp=CiVnb29nbGUubWFwcy5wbGFjZXMudjEuUGxhY2VzLkdldFBsYWNlEAIYBCAA,4.3,366
체코,프라하,카페,Rest Cafe,50.082745,14.4267664,ChIJk6WqqEuVC0cR6gXmnRU0oWA,https://maps.google.com/?cid=6962903766339552746&g_mp=CiVnb29nbGUubWFwcy5wbGFjZXMudjEuUGxhY2VzLkdldFBsYWNlEAIYBCAA,4.8,366
스페인,바르셀로나,맛집,L'Ànima del Vi,41.3843023,2.1800432,ChIJ38Pgx_6ipBIRq92idUp9nns,https://maps.google.com/?cid=8907694871740079531&g_mp=CiVnb29nbGUubWFwcy5wbGFjZXMudjEuUGxhY2VzLkdldFBsYWNlEAIYBCAA,4.6,365
대한민국,서울,박물관/미술관,유관순열사기념관,36.7596383,127.3074615,ChIJxe4F63DVZDURZuJqMEY34AY,https://maps.google.com/?cid=495456733610304102&g_mp=CiVnb29nbGUubWFwcy5wbGFjZXMudjEuUGxhY2VzLkdldFBsYWNlEAIYBCAA,4.7,363
대한민국,제주,맛집,Las Tortas,33.4991414,126.531148,ChIJB4JAlTn0DDURYhjJB57UMOM,https://maps.google.com/?cid=16370818420692293730&g_mp=CiVnb29nbGUubWFwcy5wbGFjZXMudjEuUGxhY2VzLkdldFBsYWNlEAIYBCAA,4.7,362
대한민국,서울,맛집,Sinseo Galbi,37.5624756,126.9859828,ChIJtbe9xqWjfDURxrvA6rOft78,https://maps.google.com/?cid=13814685977068747718&g_mp=CiVnb29nbGUubWFwcy5wbGFjZXMudjEuUGxhY2VzLkdldFBsYWNlEAIYBCAA,4.7,361
독일,뮌헨,맛집,Restaurant Museum,48.1433134,11.5899159,ChIJq2Z34I91nkcRXNboSp3J7fA,https://maps.google.com/?cid=17360753815986951772&g_mp=CiVnb29nbGUubWFwcy5wbGFjZXMudjEuUGxhY2VzLkdldFBsYWNlEAIYBCAA,4.7,360
대한민국,서울,맛집,Neungdong Minari Seongsu,37.542748,127.0539607,ChIJxft0BAClfDURKXff2Q8CBWU,https://maps.google.com/?cid=7279226639817340713&g_mp=CiVnb29nbGUubWFwcy5wbGFjZXMudjEuUGxhY2VzLkdldFBsYWNlEAIYBCAA,4.5,360
독일,베를린,카페,Café Zera,52.5044515,13.4106377,ChIJ-VVBfy5OqEcRiZKFushzA5I,https://maps.google.com/?cid=10521380460427580041&g_mp=CiVnb29nbGUubWFwcy5wbGFjZXMudjEuUGxhY2VzLkdldFBsYWNlEAIYBCAA,4.1,358
호주,멜버른,자연/힐링,Yarra River,-37.7550316,145.5215238,ChIJz6Y1cVdC1moRTRmfdqHTjYA,https://maps.google.com/?cid=9263292699004311885&g_mp=CiVnb29nbGUubWFwcy5wbGFjZXMudjEuUGxhY2VzLkdldFBsYWNlEAIYBCAA,4.5,357
베트남,다낭,자연/힐링,Công viên 29/3,16.0625186,108.2045143,ChIJYy3rrs4ZQjER3g_-SEo5WPU,https://maps.google.com/?cid=17678943328457854942&g_mp=CiVnb29nbGUubWFwcy5wbGFjZXMudjEuUGxhY2VzLkdldFBsYWNlEAIYBCAA,4.4,356
태국,방콕,맛집,J's Restaurant Thatien,13.7463106,100.4910884,ChIJFQcXP6iZ4jARdMwDvoHLbkk,https://maps.google.com/?cid=5291390370306051188&g_mp=CiVnb29nbGUubWFwcy5wbGFjZXMudjEuUGxhY2VzLkdldFBsYWNlEAIYBCAA,4.7,355
스페인,마드리드,역사,Monumento a Velázquez,40.413733,-3.6926856,ChIJxYrPUp0oQg0RO1ol2YbD6O8,https://maps.google.com/?cid=17287282153597786683&g_mp=CiVnb29nbGUubWFwcy5wbGFjZXMudjEuUGxhY2VzLkdldFBsYWNlEAIYBCAA,4.7,352
독일,베를린,맛집,Anna Koschke,52.5252941,13.3982577,ChIJN7Iv--ZRqEcR-WPmYoEhzKI,https://maps.google.com/?cid=11730787968987063289&g_mp=CiVnb29nbGUubWFwcy5wbGFjZXMudjEuUGxhY2VzLkdldFBsYWNlEAIYBCAA,4.6,353
대한민국,제주도,해변,이호테우해변,33.4979571,126.4531502,ChIJR4ms24v6DDURR__8pKQad3w,https://maps.google.com/?cid=8968666477376634695&g_mp=CiVnb29nbGUubWFwcy5wbGFjZXMudjEuUGxhY2VzLkdldFBsYWNlEAIYBCAA,4.1,353
독일,뮌헨,맛집,kokumi,48.1413889,11.5838889,ChIJeT91h451nkcReB8T5CydyBY,https://maps.google.com/?cid=1641734880307126136&g_mp=CiVnb29nbGUubWFwcy5wbGFjZXMudjEuUGxhY2VzLkdldFBsYWNlEAIYBCAA,4.5,352
이탈리아,로마,명소,Baths of Trajan,41.8921157,12.4969213,ChIJi2EkHWhhLxMRDNLuK3hmlMc,https://maps.google.com/?cid=14381232176420016652&g_mp=CiVnb29nbGUubWFwcy5wbGFjZXMudjEuUGxhY2VzLkdldFBsYWNlEAIYBCAA,4.3,352
베트남,호치민,맛집,Warning Zone 173,10.78478,106.695116,ChIJsQu0PFQvdTERnG2t5pMeyFc,https://maps.google.com/?cid=6325339297221012892&g_mp=CiVnb29nbGUubWFwcy5wbGFjZXMudjEuUGxhY2VzLkdldFBsYWNlEAIYBCAA,4.2,353
호주,퍼스,맛집,Flipside Burgers,-31.9406471,115.8153382,ChIJmUfZZ3KlMioR3v_1poTJHfY,https://maps.google.com/?cid=17734552479228887006&g_mp=CiVnb29nbGUubWFwcy5wbGFjZXMudjEuUGxhY2VzLkdldFBsYWNlEAIYBCAA,4.6,350
대한민국,서울,박물관/미술관,Sungkok Art Museum,37.5731157,126.9697643,ChIJHWFkXJGifDUR5ylQlsEqdCw,https://maps.google.com/?cid=3203232245906156007&g_mp=CiVnb29nbGUubWFwcy5wbGFjZXMudjEuUGxhY2VzLkdldFBsYWNlEAIYBCAA,4.3,350
독일,뮌헨,맛집,AVIN,48.1262268,11.5680605,ChIJlZ1dVmHfnUcRkFWcDMj0d-o,https://maps.google.com/?cid=16895241667145913744&g_mp=CiVnb29nbGUubWFwcy5wbGFjZXMudjEuUGxhY2VzLkdldFBsYWNlEAIYBCAA,4.8,348
태국,방콕,박물관/미술관,Baan Chao Phraya Art Gallery,13.7633824,100.4949354,ChIJ8evyP3KZ4jAR1QgVpP_W5KA,https://maps.google.com/?cid=11593627734216345813&g_mp=CiVnb29nbGUubWFwcy5wbGFjZXMudjEuUGxhY2VzLkdldFBsYWNlEAIYBCAA,4.7,348
독일,뮌헨,맛집,Conti Restaurant,48.143059,11.5700697,ChIJr2nZg_F1nkcR3bRIKEuN8Ic,https://maps.google.com/?cid=9795484543468745949&g_mp=CiVnb29nbGUubWFwcy5wbGFjZXMudjEuUGxhY2VzLkdldFBsYWNlEAIYBCAA,4.5,348
태국,방콕,맛집,Ao Roasted Pork,13.7428802,100.5063569,ChIJrRdLlhiZ4jARtyMLUAdf1rU,https://maps.google.com/?cid=13102764650893353911&g_mp=CiVnb29nbGUubWFwcy5wbGFjZXMudjEuUGxhY2VzLkdldFBsYWNlEAIYBCAA,4.1,348
체코,프라하,맛집,Pivnice U Jeníčka,50.0521143,14.5285207,ChIJ46EZBV6SC0cRN8f9mskQdtE,https://maps.google.com/?cid=15093269659253589815&g_mp=CiVnb29nbGUubWFwcy5wbGFjZXMudjEuUGxhY2VzLkdldFBsYWNlEAIYBCAA,4.6,348
대한민국,서울,카페,Le Pul,37.5661946,126.9721747,ChIJk09BTYyifDURnlPH6DShNYk,https://maps.google.com/?cid=9886985805577540510&g_mp=CiVnb29nbGUubWFwcy5wbGFjZXMudjEuUGxhY2VzLkdldFBsYWNlEAIYBCAA,4,347
호주,멜버른,자연/힐링,Dights Falls,-37.7970165,145.0011326,ChIJ6W78oQhD1moREsJpTtb1TH0,https://maps.google.com/?cid=9028861653758362130&g_mp=CiVnb29nbGUubWFwcy5wbGFjZXMudjEuUGxhY2VzLkdldFBsYWNlEAIYBCAA,4.6,346
독일,뮌헨,카페,Billy's Café & Kiosk,48.1516564,11.58113,ChIJSxCf1ZR1nkcRXXLckJcIkng,https://maps.google.com/?cid=8688016078214558301&g_mp=CiVnb29nbGUubWFwcy5wbGFjZXMudjEuUGxhY2VzLkdldFBsYWNlEAIYBCAA,4.7,345
대한민국,부산,명소,송정해수욕장,35.1786125,129.1997133,ChIJAeJVSEyMaDURJSl7wzo7GTI,https://maps.google.com/?cid=3609981699887933733&g_mp=CiVnb29nbGUubWFwcy5wbGFjZXMudjEuUGxhY2VzLkdldFBsYWNlEAIYBCAA,4.4,345
대한민국,서울,명소,Cheonggyecheon Stream,37.5691836,126.9786561,ChIJQ4CS5KCjfDURUDHszLSrxCM,https://maps.google.com/?cid=2577373679783260496&g_mp=CiVnb29nbGUubWFwcy5wbGFjZXMudjEuUGxhY2VzLkdldFBsYWNlEAIYBCAA,4.8,344
오스트리아,빈,카페,Schönbergers Caffe Bar,48.1943296,16.3669977,ChIJvbj7p4EHbUcRbAt-p9rRv-I,https://maps.google.com/?cid=16339008710166580076&g_mp=CiVnb29nbGUubWFwcy5wbGFjZXMudjEuUGxhY2VzLkdldFBsYWNlEAIYBCAA,4.8,343
이탈리아,베네치아,맛집,Pizza e Delizie Greche,45.4855684,12.2563766,ChIJXTmSYQ60fkcRYrSuCt9H2kg,https://maps.google.com/?cid=5249587338936235106&g_mp=CiVnb29nbGUubWFwcy5wbGFjZXMudjEuUGxhY2VzLkdldFBsYWNlEAIYBCAA,4.5,343
대한민국,부산,박물관/미술관,GoEun Museum of Photography,35.1631644,129.1410513,ChIJURhwVLqSaDURh3lFeO1_tw0,https://maps.google.com/?cid=988399301132908935&g_mp=CiVnb29nbGUubWFwcy5wbGFjZXMudjEuUGxhY2VzLkdldFBsYWNlEAIYBCAA,4.4,343
대한민국,부산,박물관/미술관,Jeonggwan Museum,35.3269928,129.1823403,ChIJad0X4uSEaDUReRMHM-YmrGo,https://maps.google.com/?cid=7686561434155029369&g_mp=CiVnb29nbGUubWFwcy5wbGFjZXMudjEuUGxhY2VzLkdldFBsYWNlEAIYBCAA,4.4,343
베트남,호치민,명소,Japanese Corner,10.7803249,106.7046115,ChIJ74LQMDMvdTERxPNlSOX6g5M,https://maps.google.com/?cid=10629615408193598404&g_mp=CiVnb29nbGUubWFwcy5wbGFjZXMudjEuUGxhY2VzLkdldFBsYWNlEAIYBCAA,4.1,343
독일,뮌헨,카페,Cafe Mio,48.1422026,11.604983,ChIJI6akjHd1nkcRKGcTAJnd47I,https://maps.google.com/?cid=12890390207665497896&g_mp=CiVnb29nbGUubWFwcy5wbGFjZXMudjEuUGxhY2VzLkdldFBsYWNlEAIYBCAA,4.7,342
스페인,바르셀로나,명소,The Kiss of Death,41.3962285,2.2042038,ChIJzU27S2ujpBIRjObCVkwrhsk,https://maps.google.com/?cid=14521341655375865484&g_mp=CiVnb29nbGUubWFwcy5wbGFjZXMudjEuUGxhY2VzLkdldFBsYWNlEAIYBCAA,4.7,342
호주,시드니,맛집,3 Seasons Thai Fusion Cuisine,-33.8742999,151.2232877,ChIJ-3AZcw2uEmsRjvlUccxsNhQ,https://maps.google.com/?cid=1456471154831456654&g_mp=CiVnb29nbGUubWFwcy5wbGFjZXMudjEuUGxhY2VzLkdldFBsYWNlEAIYBCAA,4.5,342
베트남,호치민,자연/힐링,Saigon River,11.1422839,106.5079321,ChIJ7XUJ3rJVCzERek8yfCwKV6o,https://maps.google.com/?cid=12274290495600086906&g_mp=CiVnb29nbGUubWFwcy5wbGFjZXMudjEuUGxhY2VzLkdldFBsYWNlEAIYBCAA,4.4,342
스페인,바르셀로나,역사,Monument a Rafael Casanova,41.3908958,2.1774933,ChIJVcRo0uSipBIRRTsdSNRdg50,https://maps.google.com/?cid=11350018652228107077&g_mp=CiVnb29nbGUubWFwcy5wbGFjZXMudjEuUGxhY2VzLkdldFBsYWNlEAIYBCAA,4.3,342
스페인,바르셀로나,카페,Moimo | Açaí & Smoothies,41.3885125,2.1620747,ChIJk1IxCOSjpBIREgNuSxIa12Q,https://maps.google.com/?cid=7266305189662819090&g_mp=CiVnb29nbGUubWFwcy5wbGFjZXMudjEuUGxhY2VzLkdldFBsYWNlEAIYBCAA,4.9,341
네덜란드,암스테르담,명소,Felix Meritis,52.3700098,4.8841545,ChIJHQLdHMMJxkcRceQlvgtGfLM,https://maps.google.com/?cid=12933289246149960817&g_mp=CiVnb29nbGUubWFwcy5wbGFjZXMudjEuUGxhY2VzLkdldFBsYWNlEAIYBCAA,4.7,338
이탈리아,베네치아,명소,Biblioteca Nazionale Marciana,45.4333988,12.3394764,ChIJqzrhotexfkcRbwOwtWzSsfo,https://maps.google.com/?cid=18064450944706282351&g_mp=CiVnb29nbGUubWFwcy5wbGFjZXMudjEuUGxhY2VzLkdldFBsYWNlEAIYBCAA,4.1,338
대한민국,제주,맛집,Boreumsup,33.269276,126.4469548,ChIJzxTD_39RDDURasGkrFps2nI,https://maps.google.com/?cid=8276046401946042730&g_mp=CiVnb29nbGUubWFwcy5wbGFjZXMudjEuUGxhY2VzLkdldFBsYWNlEAIYBCAA,4.7,337
베트남,호치민,카페,Starbucks Waterbus Bach Dang,10.7750711,106.7071365,ChIJQ8sjIwovdTERiGnhLeu6POQ,https://maps.google.com/?cid=16446225458500037000&g_mp=CiVnb29nbGUubWFwcy5wbGFjZXMudjEuUGxhY2VzLkdldFBsYWNlEAIYBCAA,4.5,337
독일,뮌헨,맛집,KLIMENTI'S Restaurant,48.1320594,11.5915861,ChIJiZZl7UTfnUcRl-G4CPd3Fnc,https://maps.google.com/?cid=8581178042888020375&g_mp=CiVnb29nbGUubWFwcy5wbGFjZXMudjEuUGxhY2VzLkdldFBsYWNlEAIYBCAA,4.8,336
이탈리아,베네치아,카페,Bakery Pastry Todesco,45.5183366,12.1524471,ChIJUaNn7V7KfkcRAaFAYPpOkdU,https://maps.google.com/?cid=15389168238965334273&g_mp=CiVnb29nbGUubWFwcy5wbGFjZXMudjEuUGxhY2VzLkdldFBsYWNlEAIYBCAA,4.6,336
이탈리아,로마,맛집,Cesarina,41.9095832,12.493291,ChIJl1huAQdhLxMRs26Xqqn_s7M,https://maps.google.com/?cid=12948974457796914867&g_mp=CiVnb29nbGUubWFwcy5wbGFjZXMudjEuUGxhY2VzLkdldFBsYWNlEAIYBCAA,4.3,337
호주,퍼스,카페,Hoopla,-31.9882452,115.8799475,ChIJu7dpy2a7MioRwbXzcJzFKLE,https://maps.google.com/?cid=12765670419482260929&g_mp=CiVnb29nbGUubWFwcy5wbGFjZXMudjEuUGxhY2VzLkdldFBsYWNlEAIYBCAA,4.5,333
대한민국,서울,역사,Daeseongmun Gate,37.6331943,126.9771292,ChIJxT-GHqG9fDURKdvkRxQ6rbY,https://maps.google.com/?cid=13163241144653765417&g_mp=CiVnb29nbGUubWFwcy5wbGFjZXMudjEuUGxhY2VzLkdldFBsYWNlEAIYBCAA,4.5,332
독일,뮌헨,명소,Monkee Island,48.174299,11.247038,ChIJddK-bgeAnkcRuEV0VD5wAYo,https://maps.google.com/?cid=9944352865217955256&g_mp=CiVnb29nbGUubWFwcy5wbGFjZXMudjEuUGxhY2VzLkdldFBsYWNlEAIYBCAA,4.4,331
베트남,다낭,카페,Art coffee,16.0566189,108.2446582,ChIJmR9QaeAXQjERlUbCobTpe34,https://maps.google.com/?cid=9114135232931579541&g_mp=CiVnb29nbGUubWFwcy5wbGFjZXMudjEuUGxhY2VzLkdldFBsYWNlEAIYBCAA,4.9,330
스위스,인터라켄,맛집,Rox Music Bar,46.689691,7.6748974,ChIJGzl7mtatj0cR2mL0i7BMkOQ,https://maps.google.com/?cid=16469748158439908058&g_mp=CiVnb29nbGUubWFwcy5wbGFjZXMudjEuUGxhY2VzLkdldFBsYWNlEAIYBCAA,4.7,330
호주,퍼스,카페,The Baking Corner,-31.9739934,115.8968251,ChIJZV0GNwi7MioRRtXgZx9glQE,https://maps.google.com/?cid=114103053570856262&g_mp=CiVnb29nbGUubWFwcy5wbGFjZXMudjEuUGxhY2VzLkdldFBsYWNlEAIYBCAA,4.5,331
독일,베를린,자연/힐링,Orankesee,52.5487687,13.4820693,ChIJOcaOy8xNqEcRoAipsCLkVYg,https://maps.google.com/?cid=9824008999822493856&g_mp=CiVnb29nbGUubWFwcy5wbGFjZXMudjEuUGxhY2VzLkdldFBsYWNlEAIYBCAA,4.4,330
이탈리아,로마,자연/힐링,Laghi Trigoria,41.748315,12.4827161,ChIJ00BAgP-MJRMRzQUjzladFVk,https://maps.google.com/?cid=6419209840037660109&g_mp=CiVnb29nbGUubWFwcy5wbGFjZXMudjEuUGxhY2VzLkdldFBsYWNlEAIYBCAA,4.3,331
일본,오사카,명소,Umeda Always,34.700516,135.506328,ChIJ6ywhCOrmAGARZ_ZZu5h_2a0,https://maps.google.com/?cid=12527184132462736999&g_mp=CiVnb29nbGUubWFwcy5wbGFjZXMudjEuUGxhY2VzLkdldFBsYWNlEAIYBCAA,4.1,330
일본,도쿄,자연/힐링,Sumida River,35.7084279,139.7967265,ChIJmVcx1dCLGGARpjQjq3LDEk8,https://maps.google.com/?cid=5697831375841997990&g_mp=CiVnb29nbGUubWFwcy5wbGFjZXMudjEuUGxhY2VzLkdldFBsYWNlEAIYBCAA,4.6,327
호주,시드니,맛집,Divino Osteria,-33.8728478,151.2269659,ChIJD5GquMqvEmsRtpr3zdVYe_E,https://maps.google.com/?cid=17400599260582877878&g_mp=CiVnb29nbGUubWFwcy5wbGFjZXMudjEuUGxhY2VzLkdldFBsYWNlEAIYBCAA,4.8,325
베트남,호치민,카페,Highlands Coffee,10.8137557,106.6629834,ChIJ619tqXMpdTERIREQN687wTk,https://maps.google.com/?cid=4161673154396164385&g_mp=CiVnb29nbGUubWFwcy5wbGFjZXMudjEuUGxhY2VzLkdldFBsYWNlEAIYBCAA,4.1,325
스페인,마드리드,카페,Cero Coffee Roasters: tostadores de café,40.4269147,-3.6737892,ChIJExvsXbooQg0RawOo58ZOU4U,https://maps.google.com/?cid=9607109046308438891&g_mp=CiVnb29nbGUubWFwcy5wbGFjZXMudjEuUGxhY2VzLkdldFBsYWNlEAIYBCAA,4.9,323
대한민국,부산,공원/정원,UN Sculpture Park,35.129672,129.0974464,ChIJDThgyVjsaDUR5k6EUWqr5Ag,https://maps.google.com/?cid=640825520115961574&g_mp=CiVnb29nbGUubWFwcy5wbGFjZXMudjEuUGxhY2VzLkdldFBsYWNlEAIYBCAA,4.3,323
호주,퍼스,맛집,Bar Vino,-31.9225054,115.8787464,ChIJ4x9pgXy7MioRxLtkbKT12XI,https://maps.google.com/?cid=8275915876811979716&g_mp=CiVnb29nbGUubWFwcy5wbGFjZXMudjEuUGxhY2VzLkdldFBsYWNlEAIYBCAA,4.6,322
이탈리아,베네치아,카페,Pasticceria Ceccato,45.4912692,12.1532929,ChIJyfbmTxrKfkcRGepKS1mih7g,https://maps.google.com/?cid=13296774929233668633&g_mp=CiVnb29nbGUubWFwcy5wbGFjZXMudjEuUGxhY2VzLkdldFBsYWNlEAIYBCAA,4.6,322
네덜란드,암스테르담,카페,Anook Bakehouse,52.351248,4.891265,ChIJZzH1VlAJxkcR5CMEPagzjbw,https://maps.google.com/?cid=13586572448517858276&g_mp=CiVnb29nbGUubWFwcy5wbGFjZXMudjEuUGxhY2VzLkdldFBsYWNlEAIYBCAA,4.6,323
네덜란드,암스테르담,맛집,Bistro de la Mer,52.3641318,4.8983039,ChIJFX-OmpQJxkcRcF18TZlXxsw,https://maps.google.com/?cid=14755577545067617648&g_mp=CiVnb29nbGUubWFwcy5wbGFjZXMudjEuUGxhY2VzLkdldFBsYWNlEAIYBCAA,4.4,323
대한민국,서울,맛집,Myeongdong Grandmother Noodles,37.5646272,126.984551,ChIJW56T2u-ifDURQIOx2ZTpObQ,https://maps.google.com/?cid=12986667826016256832&g_mp=CiVnb29nbGUubWFwcy5wbGFjZXMudjEuUGxhY2VzLkdldFBsYWNlEAIYBCAA,4.2,322
태국,방콕,맛집,Ku Bar,13.7588503,100.5036731,ChIJ1bEkLGuZ4jARyyJQM90XSn4,https://maps.google.com/?cid=9100112235871609547&g_mp=CiVnb29nbGUubWFwcy5wbGFjZXMudjEuUGxhY2VzLkdldFBsYWNlEAIYBCAA,4.6,321
이탈리아,피렌체,맛집,RISTORANTE bar caffetteria Boccaccio,43.5491398,11.0450513,ChIJGQ_D4mg_KhMR9v2k-EvzCZw,https://maps.google.com/?cid=11243785452326813174&g_mp=CiVnb29nbGUubWFwcy5wbGFjZXMudjEuUGxhY2VzLkdldFBsYWNlEAIYBCAA,4.5,320
대한민국,서울,박물관/미술관,Jeon Tae-il Memorial Hall,37.5684366,126.9893082,ChIJiZDV5XKjfDUR_mBztxSSlOQ,https://maps.google.com/?cid=16470950354875539710&g_mp=CiVnb29nbGUubWFwcy5wbGFjZXMudjEuUGxhY2VzLkdldFBsYWNlEAIYBCAA,4.6,319
호주,멜버른,맛집,Il Duca,-37.8162867,144.985711,ChIJt4ctMupC1moR7Opig3NrfSg,https://maps.google.com/?cid=2917606277475658476&g_mp=CiVnb29nbGUubWFwcy5wbGFjZXMudjEuUGxhY2VzLkdldFBsYWNlEAIYBCAA,4.4,319
대한민국,제주도,자연/힐링,한담해안산책로,33.4591293,126.3103796,ChIJPQ1vxIL1DDURX0yQAqdkQuw,https://maps.google.com/?cid=17024280209879223391&g_mp=CiVnb29nbGUubWFwcy5wbGFjZXMudjEuUGxhY2VzLkdldFBsYWNlEAIYBCAA,4.6,317
대한민국,서울,맛집,Saeseoul,37.5728113,126.9898352,ChIJ1x9w99CjfDURbbBhFKdp_8Y,https://maps.google.com/?cid=14339295904893349997&g_mp=CiVnb29nbGUubWFwcy5wbGFjZXMudjEuUGxhY2VzLkdldFBsYWNlEAIYBCAA,4.9,316
네덜란드,암스테르담,맛집,Bora Bora,52.3702492,4.8892485,ChIJv9_WPoQJxkcRE1GiXK-jIaE,https://maps.google.com/?cid=11610741287906595091&g_mp=CiVnb29nbGUubWFwcy5wbGFjZXMudjEuUGxhY2VzLkdldFBsYWNlEAIYBCAA,4.6,316
베트남,호치민,맛집,Cơm Tấm Tú Mập,10.7932861,106.6444681,ChIJrzWr3EwpdTERY20o88yp2kE,https://maps.google.com/?cid=4745291855106174307&g_mp=CiVnb29nbGUubWFwcy5wbGFjZXMudjEuUGxhY2VzLkdldFBsYWNlEAIYBCAA,4.1,316
스페인,바르셀로나,명소,Palau del Baró de Quadras,41.3967565,2.1613672,ChIJVSN6bpSipBIRHXvpOckk1i4,https://maps.google.com/?cid=3374925417439394589&g_mp=CiVnb29nbGUubWFwcy5wbGFjZXMudjEuUGxhY2VzLkdldFBsYWNlEAIYBCAA,4.4,315
이탈리아,로마,맛집,Accademia del Gusto 1990,41.8974952,12.5109451,ChIJYwyloJlhLxMR_SlqPPgKG7I,https://maps.google.com/?cid=12833863624404118013&g_mp=CiVnb29nbGUubWFwcy5wbGFjZXMudjEuUGxhY2VzLkdldFBsYWNlEAIYBCAA,4.5,315
이탈리아,베네치아,맛집,Pizzeria dai Fioi,45.3873366,12.3503319,ChIJDeyBD5GvfkcRx-BskUCW-G4,https://maps.google.com/?cid=7996306342458220743&g_mp=CiVnb29nbGUubWFwcy5wbGFjZXMudjEuUGxhY2VzLkdldFBsYWNlEAIYBCAA,4.2,312
베트남,다낭,카페,GỐM Garden Coffee,16.0614144,108.2414175,ChIJaRJ9qjoXQjERG8VlYMCb3PE,https://maps.google.com/?cid=17427975908570285339&g_mp=CiVnb29nbGUubWFwcy5wbGFjZXMudjEuUGxhY2VzLkdldFBsYWNlEAIYBCAA,4.7,310
호주,멜버른,맛집,Lanna Thai,-37.7992979,144.9541044,ChIJKbx-Pi5d1moRC5HyXzxUfv0,https://maps.google.com/?cid=18266129756945813771&g_mp=CiVnb29nbGUubWFwcy5wbGFjZXMudjEuUGxhY2VzLkdldFBsYWNlEAIYBCAA,4.3,308
대한민국,부산,카페,Starbucks,35.1746165,129.1269679,ChIJM-26asKSaDURuNSCafkF1do,https://maps.google.com/?cid=15768516239082837176&g_mp=CiVnb29nbGUubWFwcy5wbGFjZXMudjEuUGxhY2VzLkdldFBsYWNlEAIYBCAA,4.1,308
오스트리아,빈,맛집,Vilveta Bar,48.2037447,16.3716292,ChIJF7Ao5QYHbUcRahGR3OzjI3g,https://maps.google.com/?cid=8657013515188506986&g_mp=CiVnb29nbGUubWFwcy5wbGFjZXMudjEuUGxhY2VzLkdldFBsYWNlEAIYBCAA,4.9,306
베트남,다낭,카페,Oh Yeah Cafe & More,16.0530952,108.2459528,ChIJXTdeHyoXQjERatqrMG7Pfks,https://maps.google.com/?cid=5440013472080058986&g_mp=CiVnb29nbGUubWFwcy5wbGFjZXMudjEuUGxhY2VzLkdldFBsYWNlEAIYBCAA,4.8,308
이탈리아,로마,명소,Tempio di Minerva Medica,41.8938914,12.5118972,ChIJcax3OJdhLxMRhFVN6ry1VQw,https://maps.google.com/?cid=888816324464956804&g_mp=CiVnb29nbGUubWFwcy5wbGFjZXMudjEuUGxhY2VzLkdldFBsYWNlEAIYBCAA,4.2,307
태국,방콕,역사,Parutsakawan Palace,13.7680252,100.5106665,ChIJP_lnL2iZ4jARW00e-2law60,https://maps.google.com/?cid=12520950800251243867&g_mp=CiVnb29nbGUubWFwcy5wbGFjZXMudjEuUGxhY2VzLkdldFBsYWNlEAIYBCAA,4.6,306
베트남,호치민,카페,Bông Trà Bàu Cát,10.7929327,106.6416165,ChIJQcF9TgkpdTERx7Xfx6eyPJU,https://maps.google.com/?cid=10753666443936511431&g_mp=CiVnb29nbGUubWFwcy5wbGFjZXMudjEuUGxhY2VzLkdldFBsYWNlEAIYBCAA,4.5,306
베트남,다낭,자연/힐링,Hàn River,16.066535,108.2271888,ChIJ1dP1Nz0YQjERTK_HIGWjPKo,https://maps.google.com/?cid=12266859139787370316&g_mp=CiVnb29nbGUubWFwcy5wbGFjZXMudjEuUGxhY2VzLkdldFBsYWNlEAIYBCAA,4.6,305
대한민국,서울,박물관/미술관,Seoul Sewerage Science Museum,37.5579563,127.057839,ChIJl25zALekfDURlsqtPObfSr0,https://maps.google.com/?cid=13639960601398463126&g_mp=CiVnb29nbGUubWFwcy5wbGFjZXMudjEuUGxhY2VzLkdldFBsYWNlEAIYBCAA,4.3,305
오스트리아,빈,카페,Das Schöneberg,48.192033,16.3924916,ChIJj3JMdzkHbUcR53nFvhmz-OY,https://maps.google.com/?cid=16643249346103835111&g_mp=CiVnb29nbGUubWFwcy5wbGFjZXMudjEuUGxhY2VzLkdldFBsYWNlEAIYBCAA,4.9,304
대한민국,제주도,박물관/미술관,PODO MUSEUM,33.3192514,126.3858732,ChIJHajF-lJbDDURUj74Diaf25w,https://maps.google.com/?cid=11302802675625115218&g_mp=CiVnb29nbGUubWFwcy5wbGFjZXMudjEuUGxhY2VzLkdldFBsYWNlEAIYBCAA,4.5,305
독일,뮌헨,맛집,Graf Arco Stub'n,48.1340762,11.5839166,ChIJyz3sK4h1nkcReiq9aQNnRb8,https://maps.google.com/?cid=13782535498993838714&g_mp=CiVnb29nbGUubWFwcy5wbGFjZXMudjEuUGxhY2VzLkdldFBsYWNlEAIYBCAA,4.5,304
스페인,바르셀로나,맛집,Restaurant Kasbah,41.3744866,2.1681451,ChIJAbBZQFyipBIR_zFKw1yxh-U,https://maps.google.com/?cid=16539383168512963071&g_mp=CiVnb29nbGUubWFwcy5wbGFjZXMudjEuUGxhY2VzLkdldFBsYWNlEAIYBCAA,4.5,303
대한민국,부산,맛집,EU Pizza & Pasta Seomyeon Head Store,35.1536582,129.0608959,ChIJVVAiUHPraDURhusV8dq1tCU,https://maps.google.com/?cid=2716996427163495302&g_mp=CiVnb29nbGUubWFwcy5wbGFjZXMudjEuUGxhY2VzLkdldFBsYWNlEAIYBCAA,4.4,303
대한민국,부산,카페,스타벅스 동의대역점,35.1549817,129.0361924,ChIJ_ShyZgfraDUR30Rk-O8YroE,https://maps.google.com/?cid=9344433695783929055&g_mp=CiVnb29nbGUubWFwcy5wbGFjZXMudjEuUGxhY2VzLkdldFBsYWNlEAIYBCAA,4.2,303
태국,방콕,명소,Wonder World Extreme Park,13.81976,100.6781678,ChIJIfomjghjHTERbFLj9t81nK8,https://maps.google.com/?cid=12654048289040323180&g_mp=CiVnb29nbGUubWFwcy5wbGFjZXMudjEuUGxhY2VzLkdldFBsYWNlEAIYBCAA,4.1,302
독일,뮌헨,맛집,blatt salate,48.1389904,11.5746269,ChIJX09BuvR1nkcRwNsqksSy664,https://maps.google.com/?cid=12604364539462081472&g_mp=CiVnb29nbGUubWFwcy5wbGFjZXMudjEuUGxhY2VzLkdldFBsYWNlEAIYBCAA,4,302
호주,퍼스,카페,Espressoul Coffee & Kitchen,-32.0320549,115.9021511,ChIJq_XdTFC9MioRzu-7MYRyyfw,https://maps.google.com/?cid=18215216079972331470&g_mp=CiVnb29nbGUubWFwcy5wbGFjZXMudjEuUGxhY2VzLkdldFBsYWNlEAIYBCAA,4.5,301
독일,뮌헨,명소,Bavarian State Chancellery,48.142366,11.582782,ChIJXXuK2o11nkcRNHlx0Vr15KM,https://maps.google.com/?cid=11809833893282019636&g_mp=CiVnb29nbGUubWFwcy5wbGFjZXMudjEuUGxhY2VzLkdldFBsYWNlEAIYBCAA,4.3,301
프랑스,파리,광장,Square Frédérick Lemaître,48.8689078,2.3671945,ChIJccaVzwlu5kcRbSEsEBhe618,https://maps.google.com/?cid=6911721510573711725&g_mp=CiVnb29nbGUubWFwcy5wbGFjZXMudjEuUGxhY2VzLkdldFBsYWNlEAIYBCAA,4.2,301
대한민국,제주,맛집,Warda restaurant,33.5110433,126.5231167,ChIJrRc-m4LjDDURgGLY3LPdjE0,https://maps.google.com/?cid=5588085002233995904&g_mp=CiVnb29nbGUubWFwcy5wbGFjZXMudjEuUGxhY2VzLkdldFBsYWNlEAIYBCAA,4.7,300
이탈리아,베네치아,맛집,L'infinito,45.4922661,12.1633947,ChIJG9UaLhnLfkcRSWImrw4qy_w,https://maps.google.com/?cid=18215699360386540105&g_mp=CiVnb29nbGUubWFwcy5wbGFjZXMudjEuUGxhY2VzLkdldFBsYWNlEAIYBCAA,4.2,299
독일,뮌헨,맛집,Cafe Leonardo's Mediterrane Küche,48.1317345,11.5987978,ChIJM9yFmvHfnUcRbPTAjGAyWQA,https://maps.google.com/?cid=25106663186953324&g_mp=CiVnb29nbGUubWFwcy5wbGFjZXMudjEuUGxhY2VzLkdldFBsYWNlEAIYBCAA,4.9,298
대한민국,서울,카페,Cafe Unplugged,37.5554289,126.929198,ChIJLQfFx8GYfDURrqu0gnSQG9I,https://maps.google.com/?cid=15139853402419538862&g_mp=CiVnb29nbGUubWFwcy5wbGFjZXMudjEuUGxhY2VzLkdldFBsYWNlEAIYBCAA,4.7,298
태국,방콕,명소,Dusit Maha Prasat Throne Hall,13.7501107,100.4905262,ChIJ__8vLA-Z4jARQinQa7LGTsc,https://maps.google.com/?cid=14361634731346372930&g_mp=CiVnb29nbGUubWFwcy5wbGFjZXMudjEuUGxhY2VzLkdldFBsYWNlEAIYBCAA,4.9,296
독일,베를린,맛집,Bierlinie Biershop,52.540856,13.416993,ChIJsxPmHABOqEcRX9sWPanoTHM,https://maps.google.com/?cid=8308271226163747679&g_mp=CiVnb29nbGUubWFwcy5wbGFjZXMudjEuUGxhY2VzLkdldFBsYWNlEAIYBCAA,4.6,297
대한민국,제주,맛집,Tangerine,33.236249,126.5085866,ChIJ85cjeHpRDDURdI3hPr3rNAo,https://maps.google.com/?cid=735471837204548980&g_mp=CiVnb29nbGUubWFwcy5wbGFjZXMudjEuUGxhY2VzLkdldFBsYWNlEAIYBCAA,4.4,296
스페인,바르셀로나,명소,Casa Bruno Cuadros,41.3814066,2.173351,ChIJ2RFv6PeipBIRCON0bXMIuLg,https://maps.google.com/?cid=13310397990544139016&g_mp=CiVnb29nbGUubWFwcy5wbGFjZXMudjEuUGxhY2VzLkdldFBsYWNlEAIYBCAA,4.5,295
호주,시드니,맛집,Emad's Restaurant,-33.890066,151.208849,ChIJ296t7N-xEmsRDHaRxUsXU2A,https://maps.google.com/?cid=6940917064912696844&g_mp=CiVnb29nbGUubWFwcy5wbGFjZXMudjEuUGxhY2VzLkdldFBsYWNlEAIYBCAA,4.5,294
호주,퍼스,맛집,Amani Bar,-31.93611,115.841523,ChIJBSO8Z0ilMioRKY-8xTHHA58,https://maps.google.com/?cid=11458220893545467689&g_mp=CiVnb29nbGUubWFwcy5wbGFjZXMudjEuUGxhY2VzLkdldFBsYWNlEAIYBCAA,4.5,294
대한민국,부산,카페,Casa Busano Gwangan,35.1505915,129.1158755,ChIJ2UyBizXtaDUR3SG5WpsgI2M,https://maps.google.com/?cid=7143589285553840605&g_mp=CiVnb29nbGUubWFwcy5wbGFjZXMudjEuUGxhY2VzLkdldFBsYWNlEAIYBCAA,4.4,294
오스트리아,빈,박물관/미술관,Wien Museum Johann Strauß Apartment,48.2159818,16.3874187,ChIJR_ho_AgHbUcRGPndgHPSYoQ,https://maps.google.com/?cid=9539418354249234712&g_mp=CiVnb29nbGUubWFwcy5wbGFjZXMudjEuUGxhY2VzLkdldFBsYWNlEAIYBCAA,4.4,294
오스트리아,빈,자연/힐링,Donaukanal,48.2008219,16.4077153,ChIJJR15IVAHbUcRC064a73nx3Q,https://maps.google.com/?cid=8414949229507137035&g_mp=CiVnb29nbGUubWFwcy5wbGFjZXMudjEuUGxhY2VzLkdldFBsYWNlEAIYBCAA,4.4,294
호주,시드니,맛집,Jackies Cafe,-33.8836232,151.2226873,ChIJ064bSAWuEmsRav2N-oAgS7o,https://maps.google.com/?cid=13423858852639407466&g_mp=CiVnb29nbGUubWFwcy5wbGFjZXMudjEuUGxhY2VzLkdldFBsYWNlEAIYBCAA,4,294
일본,도쿄,카페,Kiazuma Coffee,35.7211463,139.7145911,ChIJHY-OJGuNGGARc0TJF8Mx9aY,https://maps.google.com/?cid=12030576693577598067&g_mp=CiVnb29nbGUubWFwcy5wbGFjZXMudjEuUGxhY2VzLkdldFBsYWNlEAIYBCAA,4.2,293
이탈리아,베네치아,자연/힐링,Bacchiglione,45.307403,11.9353381,ChIJqVvVI9jbfkcRyaNgBsdAaGw,https://maps.google.com/?cid=7811564777223791561&g_mp=CiVnb29nbGUubWFwcy5wbGFjZXMudjEuUGxhY2VzLkdldFBsYWNlEAIYBCAA,4.2,292
일본,도쿄,맛집,Akasaka Rikyu,35.6730888,139.7357883,ChIJn1_2uYCLGGARZ3c753sFF50,https://maps.google.com/?cid=11319522218137581415&g_mp=CiVnb29nbGUubWFwcy5wbGFjZXMudjEuUGxhY2VzLkdldFBsYWNlEAIYBCAA,4.2,291
베트남,다낭,맛집,Nơm Bistro Danang,16.0479826,108.2275232,ChIJ_fMpa9sZQjERgsderP6_Zm4,https://maps.google.com/?cid=7955256892331050882&g_mp=CiVnb29nbGUubWFwcy5wbGFjZXMudjEuUGxhY2VzLkdldFBsYWNlEAIYBCAA,4.1,290
대한민국,부산,해변,다대포해수욕장,35.0469015,128.9662387,ChIJZUXzyBTdaDURUAj2VDcL9p4,https://maps.google.com/?cid=11454355034539952208&g_mp=CiVnb29nbGUubWFwcy5wbGFjZXMudjEuUGxhY2VzLkdldFBsYWNlEAIYBCAA,4.5,289
대한민국,서울,명소,Dongdaemun Underground Shopping Center,37.5707932,127.0092025,ChIJjahyayujfDURPwBXh3G7qjI,https://maps.google.com/?cid=3650936544213532735&g_mp=CiVnb29nbGUubWFwcy5wbGFjZXMudjEuUGxhY2VzLkdldFBsYWNlEAIYBCAA,4,289
대한민국,서울,맛집,Busan Seagull,37.5619798,126.9783585,ChIJx3n1gfOifDURZEay6aNydJQ,https://maps.google.com/?cid=10697301063237781092&g_mp=CiVnb29nbGUubWFwcy5wbGFjZXMudjEuUGxhY2VzLkdldFBsYWNlEAIYBCAA,4.4,288
이탈리아,로마,명소,Gardens of Sallust (Horti Sallustiani),41.9080716,12.4968386,ChIJS94dQghhLxMRn124CM5cpys,https://maps.google.com/?cid=3145584904720899487&g_mp=CiVnb29nbGUubWFwcy5wbGFjZXMudjEuUGxhY2VzLkdldFBsYWNlEAIYBCAA,4.6,287
체코,프라하,명소,Gutovka sport centre,50.0713509,14.4912522,ChIJJ5RVxw-TC0cRm5eP3w1NQhY,https://maps.google.com/?cid=1603929139277961115&g_mp=CiVnb29nbGUubWFwcy5wbGFjZXMudjEuUGxhY2VzLkdldFBsYWNlEAIYBCAA,4.4,287
오스트리아,빈,맛집,Cantina Friulana,48.2079737,16.3562583,ChIJB2B5A5QHbUcRlTPkay-i61A,https://maps.google.com/?cid=5830932467118519189&g_mp=CiVnb29nbGUubWFwcy5wbGFjZXMudjEuUGxhY2VzLkdldFBsYWNlEAIYBCAA,4.5,286
베트남,다낭,맛집,Bún Mắm Bà Đông,16.0573962,108.2182213,ChIJyeVQackZQjER9wUZ_45wYgw,https://maps.google.com/?cid=892399435640276471&g_mp=CiVnb29nbGUubWFwcy5wbGFjZXMudjEuUGxhY2VzLkdldFBsYWNlEAIYBCAA,4,286
일본,오사카,맛집,Gyutan Charcoal grilled YOSHIJI Honmachi branch,34.6859192,135.504679,ChIJqW9NJuDmAGARrgfxGkzevfA,https://maps.google.com/?cid=17347265758151903150&g_mp=CiVnb29nbGUubWFwcy5wbGFjZXMudjEuUGxhY2VzLkdldFBsYWNlEAIYBCAA,4.2,285
이탈리아,로마,맛집,Al Cavallino Bianco Ristorante,41.882963,12.5123703,ChIJC5-Yor1hLxMRiqVme-U7xMY,https://maps.google.com/?cid=14322638571748894090&g_mp=CiVnb29nbGUubWFwcy5wbGFjZXMudjEuUGxhY2VzLkdldFBsYWNlEAIYBCAA,4,285
베트남,다낭,카페,Xích XA,16.0726994,108.2200698,ChIJ9ZMMTpcZQjERdM449dv04BU,https://maps.google.com/?cid=1576529095128829556&g_mp=CiVnb29nbGUubWFwcy5wbGFjZXMudjEuUGxhY2VzLkdldFBsYWNlEAIYBCAA,4.8,284
베트남,호치민,역사,Battle Monument An Phu Dong,10.8611938,106.6924683,ChIJldBilTsodTERLPrVVO1pHPE,https://maps.google.com/?cid=17373877930540005932&g_mp=CiVnb29nbGUubWFwcy5wbGFjZXMudjEuUGxhY2VzLkdldFBsYWNlEAIYBCAA,4.7,285
대한민국,부산,맛집,난로회담,35.369875,129.2448184,ChIJWemXbwaBaDUReE2uUzq2voM,https://maps.google.com/?cid=9493225426171874680&g_mp=CiVnb29nbGUubWFwcy5wbGFjZXMudjEuUGxhY2VzLkdldFBsYWNlEAIYBCAA,4.5,284
네덜란드,암스테르담,맛집,Sichuan Food,52.3665565,4.8905662,ChIJe_4XeuoJxkcRVtg_klFdtww,https://maps.google.com/?cid=916303654120577110&g_mp=CiVnb29nbGUubWFwcy5wbGFjZXMudjEuUGxhY2VzLkdldFBsYWNlEAIYBCAA,4.4,283
호주,퍼스,자연/힐링,Galup,-31.9294849,115.8270364,ChIJ7y_pi2elMioRQEEfhbXwBCo,https://maps.google.com/?cid=3027809511912980800&g_mp=CiVnb29nbGUubWFwcy5wbGFjZXMudjEuUGxhY2VzLkdldFBsYWNlEAIYBCAA,4.7,281
대한민국,서울,맛집,아키라백 Akira Back,37.5707173,126.9755853,ChIJ79aa6-OjfDUR3jrTJtN-SIo,https://maps.google.com/?cid=9964353620911799006&g_mp=CiVnb29nbGUubWFwcy5wbGFjZXMudjEuUGxhY2VzLkdldFBsYWNlEAIYBCAA,4.4,281
호주,시드니,카페,cafe d'Yvoire,-33.8581323,151.1860568,ChIJLfD6o7SvEmsRErLMgwK0-Rg,https://maps.google.com/?cid=1799667449005388306&g_mp=CiVnb29nbGUubWFwcy5wbGFjZXMudjEuUGxhY2VzLkdldFBsYWNlEAIYBCAA,4.7,280
일본,오사카,맛집,Le Pont De Ciel,34.6921556,135.5023114,ChIJT5BbLd_mAGARRXNK4edQb5I,https://maps.google.com/?cid=10551741408799781701&g_mp=CiVnb29nbGUubWFwcy5wbGFjZXMudjEuUGxhY2VzLkdldFBsYWNlEAIYBCAA,4.5,280
일본,도쿄,명소,Kanda Old Book Center,35.6956671,139.7573615,ChIJf3qh_BOMGGARXUZCaibT2-E,https://maps.google.com/?cid=16274833840378365533&g_mp=CiVnb29nbGUubWFwcy5wbGFjZXMudjEuUGxhY2VzLkdldFBsYWNlEAIYBCAA,4.1,280
대한민국,부산,역사,UN Memorial Cemetery in Korea,35.127812,129.0957126,ChIJ1WBtuBHsaDURHweTBgdwaKU,https://maps.google.com/?cid=11918899589313398559&g_mp=CiVnb29nbGUubWFwcy5wbGFjZXMudjEuUGxhY2VzLkdldFBsYWNlEAIYBCAA,4.7,279
독일,뮌헨,자연/힐링,Eisbach,48.1594618,11.6059903,ChIJXXoUeqh1nkcR1QrLtjmarCU,https://maps.google.com/?cid=2714714248068139733&g_mp=CiVnb29nbGUubWFwcy5wbGFjZXMudjEuUGxhY2VzLkdldFBsYWNlEAIYBCAA,4.7,279
대한민국,제주도,카페,카이로스 카페,33.449186,126.4006263,ChIJBasvMRz3DDURAp565XBY0PI,https://maps.google.com/?cid=17496581794243976706&g_mp=CiVnb29nbGUubWFwcy5wbGFjZXMudjEuUGxhY2VzLkdldFBsYWNlEAIYBCAA,4.1,279
일본,오사카,명소,Mido-Suji,34.6719433,135.5003423,ChIJO-41hh3nAGARZJrWr99y4fQ,https://maps.google.com/?cid=17645511120067664484&g_mp=CiVnb29nbGUubWFwcy5wbGFjZXMudjEuUGxhY2VzLkdldFBsYWNlEAIYBCAA,4.5,278
태국,방콕,맛집,ก๋วยเตี๋ยวเรือแม่พลอย (Mae Ploy Boat Noodles),13.74188,100.5197731,ChIJqYOlwC2Z4jARp7d-oIChUqQ,https://maps.google.com/?cid=11840703944131000231&g_mp=CiVnb29nbGUubWFwcy5wbGFjZXMudjEuUGxhY2VzLkdldFBsYWNlEAIYBCAA,4.9,277
독일,베를린,자연/힐링,Weißer See,52.5546885,13.4631908,ChIJJw3ywMZNqEcReP8HdoJsNiQ,https://maps.google.com/?cid=2609392341689565048&g_mp=CiVnb29nbGUubWFwcy5wbGFjZXMudjEuUGxhY2VzLkdldFBsYWNlEAIYBCAA,4.3,277
호주,퍼스,맛집,Testun Bar,-31.9282343,115.877923,ChIJ6ZxLX3m7MioRa_TTLojKyqg,https://maps.google.com/?cid=12162756429917451371&g_mp=CiVnb29nbGUubWFwcy5wbGFjZXMudjEuUGxhY2VzLkdldFBsYWNlEAIYBCAA,4.6,275
스위스,인터라켄,맛집,Aeschi Pizza,46.6591441,7.6957552,ChIJYcNJzsCuj0cRYQXF_9bkbc0,https://maps.google.com/?cid=14802739162301924705&g_mp=CiVnb29nbGUubWFwcy5wbGFjZXMudjEuUGxhY2VzLkdldFBsYWNlEAIYBCAA,4.6,275
스위스,인터라켄,맛집,Axalp Stübli,46.718924,8.0383402,ChIJbfMr7RaXj0cRG5NM5HLzlgc,https://maps.google.com/?cid=546892079554138907&g_mp=CiVnb29nbGUubWFwcy5wbGFjZXMudjEuUGxhY2VzLkdldFBsYWNlEAIYBCAA,4.2,275
호주,퍼스,카페,Deli's Continental,-31.9225754,115.8842633,ChIJ7wPh2vC7MioR5wmiuLTdL2c,https://maps.google.com/?cid=7435405278073457127&g_mp=CiVnb29nbGUubWFwcy5wbGFjZXMudjEuUGxhY2VzLkdldFBsYWNlEAIYBCAA,4.6,274
호주,퍼스,맛집,Darren's Small Bar,-31.9570972,115.8967603,ChIJK1UZ6Ae7MioR37gi21fUtjk,https://maps.google.com/?cid=4158744779726960863&g_mp=CiVnb29nbGUubWFwcy5wbGFjZXMudjEuUGxhY2VzLkdldFBsYWNlEAIYBCAA,4.5,274
오스트리아,빈,맛집,Ali Grillhouse,48.2018365,16.3673389,ChIJP-UDcQAHbUcRRAWtIu43sxA,https://maps.google.com/?cid=1203367021361562948&g_mp=CiVnb29nbGUubWFwcy5wbGFjZXMudjEuUGxhY2VzLkdldFBsYWNlEAIYBCAA,4.5,274
스페인,바르셀로나,카페,El Noa Noa,41.3836754,2.1586136,ChIJ9c45mhajpBIRVW5OrbqKODw,https://maps.google.com/?cid=4339370775347621461&g_mp=CiVnb29nbGUubWFwcy5wbGFjZXMudjEuUGxhY2VzLkdldFBsYWNlEAIYBCAA,4,274
일본,오사카,맛집,Baccaiun,34.6885158,135.4982712,ChIJDV8G6-TmAGAR8Fo2iQO9bVs,https://maps.google.com/?cid=6588129652797496048&g_mp=CiVnb29nbGUubWFwcy5wbGFjZXMudjEuUGxhY2VzLkdldFBsYWNlEAIYBCAA,4.2,272
이탈리아,로마,카페,Caffetteria Massimo,41.9012152,12.4979014,ChIJN5Orqx5hLxMRXVGhT7eFx9M,https://maps.google.com/?cid=15260312884729696605&g_mp=CiVnb29nbGUubWFwcy5wbGFjZXMudjEuUGxhY2VzLkdldFBsYWNlEAIYBCAA,4.3,271
오스트리아,빈,맛집,Acapulco,48.2189334,16.3655712,ChIJGyNTs7sHbUcRZU6Y15fTNgo,https://maps.google.com/?cid=736008238232260197&g_mp=CiVnb29nbGUubWFwcy5wbGFjZXMudjEuUGxhY2VzLkdldFBsYWNlEAIYBCAA,4.3,270
일본,도쿄,카페,atticroom YASUKUNI GAIEN,35.6948157,139.7453427,ChIJ-X2wMcCNGGARnE4LQ3wIAD0,https://maps.google.com/?cid=4395522566107385500&g_mp=CiVnb29nbGUubWFwcy5wbGFjZXMudjEuUGxhY2VzLkdldFBsYWNlEAIYBCAA,4.1,270
대한민국,제주도,카페,Cafe Seonheul,33.4854986,126.6992952,ChIJRYay434bDTURpAysAVvvn30,https://maps.google.com/?cid=9052216950187101348&g_mp=CiVnb29nbGUubWFwcy5wbGFjZXMudjEuUGxhY2VzLkdldFBsYWNlEAIYBCAA,4.6,269
호주,시드니,맛집,Anchor Cafe & Restaurant,-33.8438469,151.2103477,ChIJzz5rVIuuEmsRniVTFTYrHDE,https://maps.google.com/?cid=3538750918492366238&g_mp=CiVnb29nbGUubWFwcy5wbGFjZXMudjEuUGxhY2VzLkdldFBsYWNlEAIYBCAA,4.5,269
네덜란드,암스테르담,맛집,Akhnaton,52.3760859,4.8941352,ChIJsYQ8x8cJxkcRBYK0Uw4UZ_4,https://maps.google.com/?cid=18331642860001329669&g_mp=CiVnb29nbGUubWFwcy5wbGFjZXMudjEuUGxhY2VzLkdldFBsYWNlEAIYBCAA,4.3,269
베트남,호치민,맛집,La Fontaine French Bistrot,10.8151737,106.72738,ChIJ5Ue13YQndTER7qiX3WGzXOo,https://maps.google.com/?cid=16887569935643420910&g_mp=CiVnb29nbGUubWFwcy5wbGFjZXMudjEuUGxhY2VzLkdldFBsYWNlEAIYBCAA,4.7,268
호주,시드니,카페,Bruce Tea and Coffee,-33.8765083,151.1889479,ChIJH_n24iyuEmsR1PBb43J2MNs,https://maps.google.com/?cid=15794254129001132244&g_mp=CiVnb29nbGUubWFwcy5wbGFjZXMudjEuUGxhY2VzLkdldFBsYWNlEAIYBCAA,4.7,268
태국,방콕,카페,The Combine Cafe and Art Gallery,13.7654646,100.4719335,ChIJWzWJNZeZ4jARBdw0q6muUzM,https://maps.google.com/?cid=3698491762746383365&g_mp=CiVnb29nbGUubWFwcy5wbGFjZXMudjEuUGxhY2VzLkdldFBsYWNlEAIYBCAA,4.4,266
독일,베를린,맛집,Bar 3,52.5269645,13.4146543,ChIJ26ghOBxOqEcRSHEcHSdMJk4,https://maps.google.com/?cid=5631272114949222728&g_mp=CiVnb29nbGUubWFwcy5wbGFjZXMudjEuUGxhY2VzLkdldFBsYWNlEAIYBCAA,4,266
네덜란드,암스테르담,맛집,&Japonism,52.3606379,4.8679113,ChIJw-WEqb8JxkcR60EFsz30wRA,https://maps.google.com/?cid=1207514720945652203&g_mp=CiVnb29nbGUubWFwcy5wbGFjZXMudjEuUGxhY2VzLkdldFBsYWNlEAIYBCAA,4.4,264
호주,퍼스,공원/정원,Masons Landing Park,-32.0251591,115.9373759,ChIJg4nyAdO9MioRYIHxGLbwBA8,https://maps.google.com/?cid=1082254475368956256&g_mp=CiVnb29nbGUubWFwcy5wbGFjZXMudjEuUGxhY2VzLkdldFBsYWNlEAIYBCAA,4.3,264
체코,프라하,맛집,FOOD FOOD - Langoš,50.063709,14.4426133,ChIJw2FzPzyTC0cRnsHsPqCO2D4,https://maps.google.com/?cid=4528526244222648734&g_mp=CiVnb29nbGUubWFwcy5wbGFjZXMudjEuUGxhY2VzLkdldFBsYWNlEAIYBCAA,4.8,263
대한민국,제주,맛집,Heuksorang,33.4909315,126.5451156,ChIJITxWN7n8DDURgptHgqEu4Sc,https://maps.google.com/?cid=2873629308449430402&g_mp=CiVnb29nbGUubWFwcy5wbGFjZXMudjEuUGxhY2VzLkdldFBsYWNlEAIYBCAA,4,263
대한민국,부산,박물관/미술관,김해목재문화박물관,35.1798289,128.8076793,ChIJTSzDpDjHaDURuuIGT_GOiTg,https://maps.google.com/?cid=4073944504997438138&g_mp=CiVnb29nbGUubWFwcy5wbGFjZXMudjEuUGxhY2VzLkdldFBsYWNlEAIYBCAA,4.4,262
네덜란드,암스테르담,카페,Brasserie Zuiderbad,52.3586947,4.8861315,ChIJKSEgGUwJxkcR41PKIHiQHzo,https://maps.google.com/?cid=4188225024098456547&g_mp=CiVnb29nbGUubWFwcy5wbGFjZXMudjEuUGxhY2VzLkdldFBsYWNlEAIYBCAA,4.6,259
프랑스,파리,맛집,La Crèmerie,48.8516984,2.3377896,ChIJewHLrFB75kcRbGkTKtQL3ZU,https://maps.google.com/?cid=10798800487371204972&g_mp=CiVnb29nbGUubWFwcy5wbGFjZXMudjEuUGxhY2VzLkdldFBsYWNlEAIYBCAA,4.4,259
호주,퍼스,자연/힐링,Swan River,-31.8962877,115.9575018,ChIJ1-N9Ktm1MioR0tqm-YMxElY,https://maps.google.com/?cid=6202074079741532882&g_mp=CiVnb29nbGUubWFwcy5wbGFjZXMudjEuUGxhY2VzLkdldFBsYWNlEAIYBCAA,4.6,258
호주,시드니,맛집,Big Mama's,-33.888779,151.237494,ChIJ3XpfWPytEmsRIhUVrqMa_iM,https://maps.google.com/?cid=2593539725714593058&g_mp=CiVnb29nbGUubWFwcy5wbGFjZXMudjEuUGxhY2VzLkdldFBsYWNlEAIYBCAA,4.4,257
스위스,인터라켄,카페,Bäckerei & Konditorei Felder - Tea Room,46.6824462,7.6655445,ChIJHwRx0sCuj0cRv0L-m2mCAqA,https://maps.google.com/?cid=11529921386122199743&g_mp=CiVnb29nbGUubWFwcy5wbGFjZXMudjEuUGxhY2VzLkdldFBsYWNlEAIYBCAA,4.4,256
네덜란드,암스테르담,카페,Coffee & Juices.,52.3750085,4.8725291,ChIJcxvc_NgJxkcRvNyatqarqhM,https://maps.google.com/?cid=1417133765277965500&g_mp=CiVnb29nbGUubWFwcy5wbGFjZXMudjEuUGxhY2VzLkdldFBsYWNlEAIYBCAA,4.4,255
일본,오사카,맛집,Igaki,34.6889468,135.5171053,ChIJU-mh9CjnAGARu3gfqqLixNg,https://maps.google.com/?cid=15619858595894491323&g_mp=CiVnb29nbGUubWFwcy5wbGFjZXMudjEuUGxhY2VzLkdldFBsYWNlEAIYBCAA,4.3,255
대한민국,제주도,박물관/미술관,Joanne teddy bear,33.2400784,126.4346193,ChIJL96nu6daDDURhd-zgFnzjkg,https://maps.google.com/?cid=5228383783160635269&g_mp=CiVnb29nbGUubWFwcy5wbGFjZXMudjEuUGxhY2VzLkdldFBsYWNlEAIYBCAA,4.1,254
독일,뮌헨,카페,Le Petit Jardin,48.1349597,11.60867,ChIJ5cSRh8x1nkcRPn2KmkWMM6I,https://maps.google.com/?cid=11687839688529968446&g_mp=CiVnb29nbGUubWFwcy5wbGFjZXMudjEuUGxhY2VzLkdldFBsYWNlEAIYBCAA,4.8,253
프랑스,파리,명소,Born Bad Record Shop,48.8552407,2.3719566,ChIJXcvbrgBy5kcRcRmwYTZHMxs,https://maps.google.com/?cid=1959988561729034609&g_mp=CiVnb29nbGUubWFwcy5wbGFjZXMudjEuUGxhY2VzLkdldFBsYWNlEAIYBCAA,4.7,253
베트남,호치민,맛집,Phở Nguyên,10.798259,106.6622138,ChIJrzHguyspdTERuGBOiwyDNwY,https://maps.google.com/?cid=447970777846669496&g_mp=CiVnb29nbGUubWFwcy5wbGFjZXMudjEuUGxhY2VzLkdldFBsYWNlEAIYBCAA,4.2,253
일본,도쿄,맛집,CoCo Ichibanya,35.6981882,139.7071241,ChIJD673bDKNGGARciJ3e4GweYg,https://maps.google.com/?cid=9834085331508863602&g_mp=CiVnb29nbGUubWFwcy5wbGFjZXMudjEuUGxhY2VzLkdldFBsYWNlEAIYBCAA,4.2,254
스위스,인터라켄,맛집,Restaurant Allmendhubel,46.5639553,7.8889876,ChIJSTVxz22gj0cRMfPzg8pmkqQ,https://maps.google.com/?cid=11858653788803167025&g_mp=CiVnb29nbGUubWFwcy5wbGFjZXMudjEuUGxhY2VzLkdldFBsYWNlEAIYBCAA,4.5,252
대한민국,서울,맛집,Tavern 38,37.5197069,127.0188767,ChIJexy98w6hfDURfXkpD16RLf0,https://maps.google.com/?cid=18243397498715076989&g_mp=CiVnb29nbGUubWFwcy5wbGFjZXMudjEuUGxhY2VzLkdldFBsYWNlEAIYBCAA,4.1,251
체코,프라하,카페,Coffee imrvére,50.0820073,14.459168,ChIJO0aMkWGTC0cRpbovvNSLJt8,https://maps.google.com/?cid=16079693265379506853&g_mp=CiVnb29nbGUubWFwcy5wbGFjZXMudjEuUGxhY2VzLkdldFBsYWNlEAIYBCAA,4.6,249
호주,멜버른,맛집,Bar HumBug,-37.8153864,144.9549631,ChIJ2R8gvU5d1moR6PSdDuscKoo,https://maps.google.com/?cid=9955801722144027880&g_mp=CiVnb29nbGUubWFwcy5wbGFjZXMudjEuUGxhY2VzLkdldFBsYWNlEAIYBCAA,4.3,249
태국,방콕,맛집,Ruam Tai,13.7556531,100.4803247,ChIJf2LHn6OZ4jARphleQIe75Bg,https://maps.google.com/?cid=1793764741175187878&g_mp=CiVnb29nbGUubWFwcy5wbGFjZXMudjEuUGxhY2VzLkdldFBsYWNlEAIYBCAA,4.2,249
독일,베를린,명소,Kinderbauernhof Am Mauerplatz e.V.,52.5048141,13.4206132,ChIJyTbYDTFOqEcRTm3fUwihWqY,https://maps.google.com/?cid=11987070415338958158&g_mp=CiVnb29nbGUubWFwcy5wbGFjZXMudjEuUGxhY2VzLkdldFBsYWNlEAIYBCAA,4.2,248
호주,퍼스,맛집,Una Més,-31.919884,115.8557854,ChIJuUsnitW7MioRza1HQRwRuvY,https://maps.google.com/?cid=17778541292050427341&g_mp=CiVnb29nbGUubWFwcy5wbGFjZXMudjEuUGxhY2VzLkdldFBsYWNlEAIYBCAA,4.9,246
베트남,다낭,맛집,Bún Chả Cá Bà Lữ,16.0665921,108.2111437,ChIJJ3rLCgAZQjERIG6NADlRX2U,https://maps.google.com/?cid=7304646425882488352&g_mp=CiVnb29nbGUubWFwcy5wbGFjZXMudjEuUGxhY2VzLkdldFBsYWNlEAIYBCAA,4.4,247
네덜란드,암스테르담,맛집,Amstel Restaurant,52.3603221,4.9050039,ChIJ2z9uuZAJxkcR39yTZJnDGwg,https://maps.google.com/?cid=584275640259435743&g_mp=CiVnb29nbGUubWFwcy5wbGFjZXMudjEuUGxhY2VzLkdldFBsYWNlEAIYBCAA,4.4,245
일본,도쿄,맛집,BELLA NOTTE Ōkubo Branch,35.7013765,139.6955888,ChIJfdQc6KeNGGARIWiKrp8bxC0,https://maps.google.com/?cid=3297791199784101921&g_mp=CiVnb29nbGUubWFwcy5wbGFjZXMudjEuUGxhY2VzLkdldFBsYWNlEAIYBCAA,4.1,245
영국,런던,카페,Wesley's Cafe,51.4997868,-0.1299518,ChIJbdo8RtsEdkgRI_WG36WgV_s,https://maps.google.com/?cid=18111121060773950755&g_mp=CiVnb29nbGUubWFwcy5wbGFjZXMudjEuUGxhY2VzLkdldFBsYWNlEAIYBCAA,4.1,245
호주,퍼스,맛집,Casa Perth,-31.92361,115.84087,ChIJOWkj8yGlMioRw2weIZWgXHo,https://maps.google.com/?cid=8817098732850801859&g_mp=CiVnb29nbGUubWFwcy5wbGFjZXMudjEuUGxhY2VzLkdldFBsYWNlEAIYBCAA,4.6,244
네덜란드,암스테르담,자연/힐링,Gaasperplas,52.3058653,4.994065,ChIJNwlWvV0MxkcRW5cfLBoYztg,https://maps.google.com/?cid=15622450658083313499&g_mp=CiVnb29nbGUubWFwcy5wbGFjZXMudjEuUGxhY2VzLkdldFBsYWNlEAIYBCAA,4.6,244
대한민국,서울,맛집,Shuchiku,37.5201648,126.9402965,ChIJm3V0fu2ifDURyzIfFGsbgBk,https://maps.google.com/?cid=1837498794680201931&g_mp=CiVnb29nbGUubWFwcy5wbGFjZXMudjEuUGxhY2VzLkdldFBsYWNlEAIYBCAA,4.5,244
호주,시드니,카페,Anotherplace,-33.8728797,151.222494,ChIJ9eyK3_qvEmsRtVSQLUpYenM,https://maps.google.com/?cid=8321060337135670453&g_mp=CiVnb29nbGUubWFwcy5wbGFjZXMudjEuUGxhY2VzLkdldFBsYWNlEAIYBCAA,4.5,243
호주,멜버른,카페,Broad Bean Organic Grocer,-37.8224381,144.9667666,ChIJkbVpi7FC1moRn4Q9YgNdtiY,https://maps.google.com/?cid=2789519288317084831&g_mp=CiVnb29nbGUubWFwcy5wbGFjZXMudjEuUGxhY2VzLkdldFBsYWNlEAIYBCAA,4.4,243
베트남,호치민,맛집,Fang Hub,10.7777225,106.6888326,ChIJ-Y8iJpNvdTERjHKaYO7oW-A,https://maps.google.com/?cid=16166771397897122444&g_mp=CiVnb29nbGUubWFwcy5wbGFjZXMudjEuUGxhY2VzLkdldFBsYWNlEAIYBCAA,4.3,243
스페인,바르셀로나,카페,Forn Sarret,41.3947777,2.1708841,ChIJQXNzwe6ipBIRIHXraUl_Brg,https://maps.google.com/?cid=13260426106125382944&g_mp=CiVnb29nbGUubWFwcy5wbGFjZXMudjEuUGxhY2VzLkdldFBsYWNlEAIYBCAA,4.4,242
호주,멜버른,맛집,14 Bridge,-37.817748,144.990631,ChIJCQvjJOxC1moRoUIVLK5Ybiw,https://maps.google.com/?cid=3201593890194145953&g_mp=CiVnb29nbGUubWFwcy5wbGFjZXMudjEuUGxhY2VzLkdldFBsYWNlEAIYBCAA,4.5,239
영국,런던,자연/힐링,The Serpentine,51.5053635,-0.1662832,ChIJlVkfb0gFdkgRpqIbSkkFdkg,https://maps.google.com/?cid=5221366630316745382&g_mp=CiVnb29nbGUubWFwcy5wbGFjZXMudjEuUGxhY2VzLkdldFBsYWNlEAIYBCAA,4.7,238
대한민국,제주도,맛집,Blue Saigon,33.4571368,126.407921,ChIJa9bzE9v3DDURA3aT7oxutFk,https://maps.google.com/?cid=6463912916760622595&g_mp=CiVnb29nbGUubWFwcy5wbGFjZXMudjEuUGxhY2VzLkdldFBsYWNlEAIYBCAA,4.3,238
네덜란드,암스테르담,카페,"Bakkerij ""Mediterrane""",52.3842123,4.8846359,ChIJlTtS9M0JxkcRZb1mquBF7aI,https://maps.google.com/?cid=11740116634858601829&g_mp=CiVnb29nbGUubWFwcy5wbGFjZXMudjEuUGxhY2VzLkdldFBsYWNlEAIYBCAA,4.7,238
베트남,다낭,맛집,Nhà hàng Nhật Miyoshi,16.0692429,108.2364332,ChIJp-Vp2IoZQjERyDC8giFJHj4,https://maps.google.com/?cid=4476095487928971464&g_mp=CiVnb29nbGUubWFwcy5wbGFjZXMudjEuUGxhY2VzLkdldFBsYWNlEAIYBCAA,4.6,237
독일,베를린,카페,Cafe Holzmarktperle,52.5114293,13.4268157,ChIJkbLpz-ZPqEcR0E6a8xAuvhs,https://maps.google.com/?cid=1999085934940409552&g_mp=CiVnb29nbGUubWFwcy5wbGFjZXMudjEuUGxhY2VzLkdldFBsYWNlEAIYBCAA,4.7,236
대한민국,부산,카페,파스쿠찌 - 창원상남점,35.2208277,128.6855321,ChIJn4MqA1bNaDURCVwm_OY5dAk,https://maps.google.com/?cid=681233107875421193&g_mp=CiVnb29nbGUubWFwcy5wbGFjZXMudjEuUGxhY2VzLkdldFBsYWNlEAIYBCAA,4.5,236
영국,런던,명소,Clarence House,51.5041392,-0.1385467,ChIJP4cHLtgEdkgRAuAfCAOrb2s,https://maps.google.com/?cid=7741594313982730242&g_mp=CiVnb29nbGUubWFwcy5wbGFjZXMudjEuUGxhY2VzLkdldFBsYWNlEAIYBCAA,4.5,237
태국,방콕,맛집,Baan Sakulthong,13.7392284,100.4930712,ChIJQyhjAAOZ4jARoufFUPSl2vg,https://maps.google.com/?cid=17931827335074801570&g_mp=CiVnb29nbGUubWFwcy5wbGFjZXMudjEuUGxhY2VzLkdldFBsYWNlEAIYBCAA,4.5,234
네덜란드,암스테르담,명소,Haarlemmermeerstation,52.349279,4.856764,ChIJu1LaNQLixUcR1IHytzcFE-k,https://maps.google.com/?cid=16794773172262175188&g_mp=CiVnb29nbGUubWFwcy5wbGFjZXMudjEuUGxhY2VzLkdldFBsYWNlEAIYBCAA,4.3,234
대한민국,서울,박물관/미술관,Agricultural Museum,37.566407,126.9681206,ChIJlXhL746ifDUR-Eh_--49m4E,https://maps.google.com/?cid=9339126348913789176&g_mp=CiVnb29nbGUubWFwcy5wbGFjZXMudjEuUGxhY2VzLkdldFBsYWNlEAIYBCAA,4.3,232
스위스,인터라켄,명소,Chessiloch Flühli,46.8704528,8.0384283,ChIJDwV24cHqj0cRBO4FTbKGX98,https://maps.google.com/?cid=16095731693599976964&g_mp=CiVnb29nbGUubWFwcy5wbGFjZXMudjEuUGxhY2VzLkdldFBsYWNlEAIYBCAA,4.7,231
일본,오사카,맛집,Ark Hostel,34.6908852,135.4954602,ChIJL8MlcvDmAGARpkNmPIbp-OI,https://maps.google.com/?cid=16355078809544180646&g_mp=CiVnb29nbGUubWFwcy5wbGFjZXMudjEuUGxhY2VzLkdldFBsYWNlEAIYBCAA,4.2,231
오스트리아,빈,맛집,Asia House,48.2169893,16.3777715,ChIJvYJniaYHbUcR2f_ZeE_DldY,https://maps.google.com/?cid=15462479641743851481&g_mp=CiVnb29nbGUubWFwcy5wbGFjZXMudjEuUGxhY2VzLkdldFBsYWNlEAIYBCAA,4.1,232
네덜란드,암스테르담,카페,Anne&Max Amsterdam Oostenburg,52.3689535,4.9220075,ChIJO2LdoMIJxkcROndljaXYKGg,https://maps.google.com/?cid=7505486984566372154&g_mp=CiVnb29nbGUubWFwcy5wbGFjZXMudjEuUGxhY2VzLkdldFBsYWNlEAIYBCAA,4.2,230
대한민국,서울,박물관/미술관,POSCO Art Museum,37.5058333,127.0561111,ChIJW8eQ_xOkfDURX6ds2ok7oRU,https://maps.google.com/?cid=1558592409308014431&g_mp=CiVnb29nbGUubWFwcy5wbGFjZXMudjEuUGxhY2VzLkdldFBsYWNlEAIYBCAA,4.1,230
호주,시드니,맛집,Fish on Fire,-33.8799376,151.1872109,ChIJVcwMNiuuEmsRmx5-06FCPnA,https://maps.google.com/?cid=8087975243609415323&g_mp=CiVnb29nbGUubWFwcy5wbGFjZXMudjEuUGxhY2VzLkdldFBsYWNlEAIYBCAA,4,230
독일,베를린,카페,Café Blaumond,52.5329579,13.4225418,ChIJ88maXwROqEcRU_IJ34Oku-M,https://maps.google.com/?cid=16409890553544176211&g_mp=CiVnb29nbGUubWFwcy5wbGFjZXMudjEuUGxhY2VzLkdldFBsYWNlEAIYBCAA,4.6,228
대한민국,서울,맛집,Jihwaja Seoul,37.5870767,126.9693932,ChIJOR_CoAGjfDUR2V_mqY0oxF8,https://maps.google.com/?cid=6900685117944389593&g_mp=CiVnb29nbGUubWFwcy5wbGFjZXMudjEuUGxhY2VzLkdldFBsYWNlEAIYBCAA,4.5,228
호주,퍼스,맛집,Il Locale Pizzeria Subiaco,-31.9469541,115.8253828,ChIJiyrwsVKlMioR3-cy8tYOwMk,https://maps.google.com/?cid=14537635913501173727&g_mp=CiVnb29nbGUubWFwcy5wbGFjZXMudjEuUGxhY2VzLkdldFBsYWNlEAIYBCAA,4.3,228
대한민국,부산,자연/힐링,애기소폭포,35.2441016,129.0275609,ChIJgWp9HbOVaDUR8z_emymCZ_U,https://maps.google.com/?cid=17683245577113845747&g_mp=CiVnb29nbGUubWFwcy5wbGFjZXMudjEuUGxhY2VzLkdldFBsYWNlEAIYBCAA,4.2,228
오스트리아,빈,맛집,Green Door Bistro,48.2058878,16.3658001,ChIJyV281hgHbUcRO5cvI264S3o,https://maps.google.com/?cid=8812339879056742203&g_mp=CiVnb29nbGUubWFwcy5wbGFjZXMudjEuUGxhY2VzLkdldFBsYWNlEAIYBCAA,4.9,227
영국,런던,카페,Acai Berry,51.5143457,-0.1344708,ChIJm3Q_ubQFdkgRqSpNn2zJJyc,https://maps.google.com/?cid=2821445159937190569&g_mp=CiVnb29nbGUubWFwcy5wbGFjZXMudjEuUGxhY2VzLkdldFBsYWNlEAIYBCAA,4.4,227
영국,런던,카페,Black Sheep Coffee,51.5097383,-0.1235589,ChIJ27m4DRYFdkgRHCMcHvOagLw,https://maps.google.com/?cid=13583026845122306844&g_mp=CiVnb29nbGUubWFwcy5wbGFjZXMudjEuUGxhY2VzLkdldFBsYWNlEAIYBCAA,4.4,226
일본,오사카,맛집,Ama-Lur,34.6958003,135.4942244,ChIJJYuBsfPmAGAR3au4Rksy1zA,https://maps.google.com/?cid=3519336932703775709&g_mp=CiVnb29nbGUubWFwcy5wbGFjZXMudjEuUGxhY2VzLkdldFBsYWNlEAIYBCAA,4.2,226
대한민국,부산,카페,Cafe Haute,35.1527605,129.1176018,ChIJoWLN50btaDURV53ZWVVwUg0,https://maps.google.com/?cid=959953182465301847&g_mp=CiVnb29nbGUubWFwcy5wbGFjZXMudjEuUGxhY2VzLkdldFBsYWNlEAIYBCAA,4.3,225
이탈리아,베네치아,맛집,Trattoria Pilla,45.4692981,12.2559337,ChIJaxvIGXi3fkcRUTUsJcL9PKU,https://maps.google.com/?cid=11906670525149885777&g_mp=CiVnb29nbGUubWFwcy5wbGFjZXMudjEuUGxhY2VzLkdldFBsYWNlEAIYBCAA,4.2,225
독일,베를린,카페,Altberliner Bäckerei,52.5218624,13.4325496,ChIJXc02RxROqEcRnavlaBTkBAY,https://maps.google.com/?cid=433722240444771229&g_mp=CiVnb29nbGUubWFwcy5wbGFjZXMudjEuUGxhY2VzLkdldFBsYWNlEAIYBCAA,4.6,224
대한민국,서울,자연/힐링,Hongjecheon Stream,37.5796559,126.9348609,ChIJ7ePlBmeYfDURRY4-X3iFZGI,https://maps.google.com/?cid=7089938465428508229&g_mp=CiVnb29nbGUubWFwcy5wbGFjZXMudjEuUGxhY2VzLkdldFBsYWNlEAIYBCAA,4.4,224
독일,뮌헨,카페,Bakeries Ludwig Riedmair,48.1209535,11.5714035,ChIJK-CNnWnfnUcRrxCoNk7Y5Wc,https://maps.google.com/?cid=7486627786009350319&g_mp=CiVnb29nbGUubWFwcy5wbGFjZXMudjEuUGxhY2VzLkdldFBsYWNlEAIYBCAA,4.2,224
네덜란드,암스테르담,명소,Boerderij Westerpark,52.3873849,4.8653442,ChIJMfEkd37ixUcR9Vl-0U2yG9o,https://maps.google.com/?cid=15716351371936422389&g_mp=CiVnb29nbGUubWFwcy5wbGFjZXMudjEuUGxhY2VzLkdldFBsYWNlEAIYBCAA,4.2,223
대한민국,부산,박물관/미술관,영도 조내기 고구마 역사기념관,35.0853702,129.0583237,ChIJ48jccBHpaDURyjmaHOyc4Gk,https://maps.google.com/?cid=7629270306671704522&g_mp=CiVnb29nbGUubWFwcy5wbGFjZXMudjEuUGxhY2VzLkdldFBsYWNlEAIYBCAA,4.1,223
이탈리아,로마,역사,Temples of Apollo Sosiano & Bellona,41.8923363,12.4796279,ChIJEZN1v0tgLxMRBNoXWzypoPY,https://maps.google.com/?cid=17771390206295398916&g_mp=CiVnb29nbGUubWFwcy5wbGFjZXMudjEuUGxhY2VzLkdldFBsYWNlEAIYBCAA,4.7,223
대한민국,부산,박물관/미술관,LG디스커버리랩 부산,35.1708238,129.0496385,ChIJ3dFycD_raDURSZ81z3o_N2M,https://maps.google.com/?cid=7149252730168909641&g_mp=CiVnb29nbGUubWFwcy5wbGFjZXMudjEuUGxhY2VzLkdldFBsYWNlEAIYBCAA,4.6,222
이탈리아,베네치아,맛집,'80 Ristorante Snakbar,45.4617711,12.242133,ChIJ_yJSY7q2fkcRGo6nLXPNz5Q,https://maps.google.com/?cid=10723015132363329050&g_mp=CiVnb29nbGUubWFwcy5wbGFjZXMudjEuUGxhY2VzLkdldFBsYWNlEAIYBCAA,4.3,222
베트남,다낭,맛집,Shala Vegan House,16.0780661,108.2191089,ChIJJ8fH3O0ZQjERrCz7bw0S4-w,https://maps.google.com/?cid=17069506861586918572&g_mp=CiVnb29nbGUubWFwcy5wbGFjZXMudjEuUGxhY2VzLkdldFBsYWNlEAIYBCAA,4.8,221
이탈리아,로마,맛집,Terrazza Monti - Restaurant & Lounge Bar,41.8988674,12.4906575,ChIJ21a5BJlhLxMRhMrcaJYfQms,https://maps.google.com/?cid=7728774641386048132&g_mp=CiVnb29nbGUubWFwcy5wbGFjZXMudjEuUGxhY2VzLkdldFBsYWNlEAIYBCAA,4.3,222
대한민국,제주도,박물관/미술관,제주 4·3 평화기념관,33.4511351,126.6207171,ChIJKWVPqJACDTURwvTwzYDSsUs,https://maps.google.com/?cid=5454372074375148738&g_mp=CiVnb29nbGUubWFwcy5wbGFjZXMudjEuUGxhY2VzLkdldFBsYWNlEAIYBCAA,4.7,220
대한민국,서울,명소,Hwangudan (Wongudan) Altar,37.5650657,126.9796883,ChIJ557vF_KifDURleagAxlOXk8,https://maps.google.com/?cid=5719094446149133973&g_mp=CiVnb29nbGUubWFwcy5wbGFjZXMudjEuUGxhY2VzLkdldFBsYWNlEAIYBCAA,4.2,220
영국,런던,맛집,Corner Shop,51.5113685,-0.113956,ChIJS8KOSwAFdkgRtCKtf2Qa5_A,https://maps.google.com/?cid=17358872307663970996&g_mp=CiVnb29nbGUubWFwcy5wbGFjZXMudjEuUGxhY2VzLkdldFBsYWNlEAIYBCAA,4.3,219
호주,퍼스,맛집,Gogo's,-31.9721967,115.8525946,ChIJ5TUbdL27MioRvh3EoT8FeII,https://maps.google.com/?cid=9401269992990973374&g_mp=CiVnb29nbGUubWFwcy5wbGFjZXMudjEuUGxhY2VzLkdldFBsYWNlEAIYBCAA,4.2,219
네덜란드,암스테르담,카페,Café Westerdok,52.3893185,4.8912291,ChIJT83lXDMIxkcRn0zQ2KN1KC0,https://maps.google.com/?cid=3253980077352832159&g_mp=CiVnb29nbGUubWFwcy5wbGFjZXMudjEuUGxhY2VzLkdldFBsYWNlEAIYBCAA,4.7,217
대한민국,부산,박물관/미술관,Seokdang Museum,35.1048512,129.0195335,ChIJQRTvyaLpaDURHZnY3UF_kAA,https://maps.google.com/?cid=40672317517895965&g_mp=CiVnb29nbGUubWFwcy5wbGFjZXMudjEuUGxhY2VzLkdldFBsYWNlEAIYBCAA,4.5,216
스페인,마드리드,맛집,Aromas Gastrobar,40.4261674,-3.6817868,ChIJBQDQeb0oQg0RbK-8o5X73v4,https://maps.google.com/?cid=18365392950579212140&g_mp=CiVnb29nbGUubWFwcy5wbGFjZXMudjEuUGxhY2VzLkdldFBsYWNlEAIYBCAA,4.4,216
스페인,마드리드,명소,Convento de las Trinitarias Descalzas de San Ildefonso,40.4136921,-3.6975666,ChIJndmyHIIoQg0RUZrWMOdDj1I,https://maps.google.com/?cid=5949048293015591505&g_mp=CiVnb29nbGUubWFwcy5wbGFjZXMudjEuUGxhY2VzLkdldFBsYWNlEAIYBCAA,4.3,216
호주,퍼스,맛집,The Claisebrook Bar,-31.9525965,115.8762771,ChIJjRgAWMy7MioR73CYoKubGGU,https://maps.google.com/?cid=7284743558707835119&g_mp=CiVnb29nbGUubWFwcy5wbGFjZXMudjEuUGxhY2VzLkdldFBsYWNlEAIYBCAA,4.8,215
체코,프라하,카페,Kafe a palačinky,50.0905807,14.4701639,ChIJqbpc9FuTC0cRko0IeYAlh-Q,https://maps.google.com/?cid=16467171796220153234&g_mp=CiVnb29nbGUubWFwcy5wbGFjZXMudjEuUGxhY2VzLkdldFBsYWNlEAIYBCAA,4.7,215
대한민국,제주도,역사,Jeju Hangil (Anti-Japanese) Memorial Museum,33.5416465,126.6427429,ChIJkdq0y9AdDTURnE0UQw04n_s,https://maps.google.com/?cid=18131272254428040604&g_mp=CiVnb29nbGUubWFwcy5wbGFjZXMudjEuUGxhY2VzLkdldFBsYWNlEAIYBCAA,4.2,215
대한민국,서울,박물관/미술관,ARKO Art Center,37.5804159,127.0032361,ChIJA1wjHSyjfDUR3REucaWZ-jM,https://maps.google.com/?cid=3745474975959486941&g_mp=CiVnb29nbGUubWFwcy5wbGFjZXMudjEuUGxhY2VzLkdldFBsYWNlEAIYBCAA,4.4,214
호주,멜버른,맛집,Dumpling Chef Spencer Outlet,-37.8168566,144.9530004,ChIJA54eWHdd1moR5teqBvYRxD4,https://maps.google.com/?cid=4522759674158307302&g_mp=CiVnb29nbGUubWFwcy5wbGFjZXMudjEuUGxhY2VzLkdldFBsYWNlEAIYBCAA,4.4,214
독일,베를린,맛집,"Câfe 4YOU, Russische & internationale Spezialitäten",52.5118366,13.3884743,ChIJhZK4WMcjZUERyXV4csqTAmY,https://maps.google.com/?cid=7350600039535244745&g_mp=CiVnb29nbGUubWFwcy5wbGFjZXMudjEuUGxhY2VzLkdldFBsYWNlEAIYBCAA,4.4,214
스페인,마드리드,카페,Almibar,40.4310605,-3.6750112,ChIJbQJdTwApQg0RT28jgQ7wdqY,https://maps.google.com/?cid=11995038602634686287&g_mp=CiVnb29nbGUubWFwcy5wbGFjZXMudjEuUGxhY2VzLkdldFBsYWNlEAIYBCAA,4.5,213
스위스,인터라켄,맛집,Schlosspintli,46.6887921,7.6885,ChIJwcmBXXuuj0cRy9qhzWl8X3k,https://maps.google.com/?cid=8745845795240139467&g_mp=CiVnb29nbGUubWFwcy5wbGFjZXMudjEuUGxhY2VzLkdldFBsYWNlEAIYBCAA,4.1,213
스페인,바르셀로나,맛집,Canton,41.3727813,2.1731929,ChIJR-sf81qipBIR9w--Jv6n20g,https://maps.google.com/?cid=5249974500643966967&g_mp=CiVnb29nbGUubWFwcy5wbGFjZXMudjEuUGxhY2VzLkdldFBsYWNlEAIYBCAA,4,213
베트남,다낭,카페,"Phin Coffee, Cake & Fruit",16.070991,108.2349022,ChIJ0T0_X1kZQjER3O5av9I9aj4,https://maps.google.com/?cid=4497475153245695708&g_mp=CiVnb29nbGUubWFwcy5wbGFjZXMudjEuUGxhY2VzLkdldFBsYWNlEAIYBCAA,5,211
태국,방콕,맛집,Motu Bangkok,13.7481434,100.4966349,ChIJ1XcdNoSZ4jARdu7U8gTsmBY,https://maps.google.com/?cid=1628310771292499574&g_mp=CiVnb29nbGUubWFwcy5wbGFjZXMudjEuUGxhY2VzLkdldFBsYWNlEAIYBCAA,5,211
이탈리아,로마,카페,3P,41.9054708,12.4999402,ChIJHWxaQ6dhLxMRlLCi0q3bRdc,https://maps.google.com/?cid=15512046031157244052&g_mp=CiVnb29nbGUubWFwcy5wbGFjZXMudjEuUGxhY2VzLkdldFBsYWNlEAIYBCAA,4.7,211
대한민국,서울,역사,Heungnyemun Gate,37.5770134,126.9769281,ChIJVSAnF8CifDUReIONK0B2yVk,https://maps.google.com/?cid=6469832357675107192&g_mp=CiVnb29nbGUubWFwcy5wbGFjZXMudjEuUGxhY2VzLkdldFBsYWNlEAIYBCAA,4.6,210
독일,뮌헨,역사,Monument to the Oktoberfest bombing victims in 1980,48.1359323,11.5497123,ChIJV2vWP1XfnUcRD4DfzIiwIvA,https://maps.google.com/?cid=17303586819910107151&g_mp=CiVnb29nbGUubWFwcy5wbGFjZXMudjEuUGxhY2VzLkdldFBsYWNlEAIYBCAA,4.6,210
대한민국,부산,맛집,부산 이기대맛집 착한생오리,35.1237287,129.1141084,ChIJ0Q7TlartaDURV0Pio4UNuC4,https://maps.google.com/?cid=3366455589090771799&g_mp=CiVnb29nbGUubWFwcy5wbGFjZXMudjEuUGxhY2VzLkdldFBsYWNlEAIYBCAA,4.5,210
독일,베를린,맛집,Bamboo’s Hut Asiatische Küche & Sushi Bar,52.5264539,13.4236286,ChIJo4olbxpOqEcRGvs83yCpmMw,https://maps.google.com/?cid=14742719338846681882&g_mp=CiVnb29nbGUubWFwcy5wbGFjZXMudjEuUGxhY2VzLkdldFBsYWNlEAIYBCAA,4.2,210
대한민국,제주,맛집,약초삼계탕,33.2678255,126.5879429,ChIJw5bZir1UDDUReX_dbh9qv1g,https://maps.google.com/?cid=6394946679125933945&g_mp=CiVnb29nbGUubWFwcy5wbGFjZXMudjEuUGxhY2VzLkdldFBsYWNlEAIYBCAA,4.1,210
베트남,다낭,맛집,Hải Sản Kim Seafood,16.0621975,108.2314873,ChIJO_gU03QZQjERdvtWlsIeyOM,https://maps.google.com/?cid=16413402663046544246&g_mp=CiVnb29nbGUubWFwcy5wbGFjZXMudjEuUGxhY2VzLkdldFBsYWNlEAIYBCAA,4.7,209
대한민국,서울,박물관/미술관,Seoul K-Medi Center,37.5805121,127.0371533,ChIJwQ359Ki8fDURc8kMS_vmdIQ,https://maps.google.com/?cid=9544507477275232627&g_mp=CiVnb29nbGUubWFwcy5wbGFjZXMudjEuUGxhY2VzLkdldFBsYWNlEAIYBCAA,4.4,209
대한민국,부산,명소,Busan Harbor Bridge,35.1037587,129.0630537,ChIJaSA1UVbpaDURlhzxh3CA2d4,https://maps.google.com/?cid=16058007167171632278&g_mp=CiVnb29nbGUubWFwcy5wbGFjZXMudjEuUGxhY2VzLkdldFBsYWNlEAIYBCAA,4.6,208
베트남,호치민,카페,Trà Sữa R&B,10.8028098,106.7164727,ChIJ18aSQaQodTERVFS6Q9Sjfms,https://maps.google.com/?cid=7745808541188510804&g_mp=CiVnb29nbGUubWFwcy5wbGFjZXMudjEuUGxhY2VzLkdldFBsYWNlEAIYBCAA,4.3,208
일본,도쿄,맛집,FLATTORIA,35.712306,139.7064828,ChIJAXe_ADyNGGARqWshcWQSRng,https://maps.google.com/?cid=8666634755525143465&g_mp=CiVnb29nbGUubWFwcy5wbGFjZXMudjEuUGxhY2VzLkdldFBsYWNlEAIYBCAA,4.1,209
이탈리아,베네치아,명소,Chiesa di San Giovanni Crisostomo,45.4391497,12.3372449,ChIJo9dw7tuxfkcRmKyd9jKPIG4,https://maps.google.com/?cid=7935499992475479192&g_mp=CiVnb29nbGUubWFwcy5wbGFjZXMudjEuUGxhY2VzLkdldFBsYWNlEAIYBCAA,4.6,207
대한민국,서울,맛집,마우디 MAUDIE,37.5674998,126.930164,ChIJexHZ_vKYfDURR5jsGxilVF0,https://maps.google.com/?cid=6725181666537281607&g_mp=CiVnb29nbGUubWFwcy5wbGFjZXMudjEuUGxhY2VzLkdldFBsYWNlEAIYBCAA,4.4,207
호주,퍼스,맛집,Bentori Japanese,-31.972007,115.894427,ChIJW5Gut-m7MioRZI01cmgfjnk,https://maps.google.com/?cid=8758972858735365476&g_mp=CiVnb29nbGUubWFwcy5wbGFjZXMudjEuUGxhY2VzLkdldFBsYWNlEAIYBCAA,4.4,206
태국,방콕,명소,GDM The Golden Mount,13.7537055,100.506558,ChIJGS5n9BWZ4jARcZIP84dBOVY,https://maps.google.com/?cid=6213069213088584305&g_mp=CiVnb29nbGUubWFwcy5wbGFjZXMudjEuUGxhY2VzLkdldFBsYWNlEAIYBCAA,4.4,207
영국,런던,맛집,George IV,51.5147053,-0.1168703,ChIJ9w8NUrUEdkgRgd_35v8WHhM,https://maps.google.com/?cid=1377563824369426305&g_mp=CiVnb29nbGUubWFwcy5wbGFjZXMudjEuUGxhY2VzLkdldFBsYWNlEAIYBCAA,4.3,206
베트남,다낭,맛집,Nhà Hàng Chay Tathata - Vegan Restaurant Da Nang,16.0641573,108.2203671,ChIJh-5gDwAZQjERRolQFbJUXQ8,https://maps.google.com/?cid=1107134207241521478&g_mp=CiVnb29nbGUubWFwcy5wbGFjZXMudjEuUGxhY2VzLkdldFBsYWNlEAIYBCAA,4.9,205
대한민국,제주도,박물관/미술관,Alpine Museum,48.1352683,11.5890164,ChIJw3EBuId1nkcRVrlhpY34e90,https://maps.google.com/?cid=15959622991766206806&g_mp=CiVnb29nbGUubWFwcy5wbGFjZXMudjEuUGxhY2VzLkdldFBsYWNlEAIYBCAA,4,205
스위스,인터라켄,맛집,Pura Vida,46.6877273,7.6850301,ChIJxSfAE3yuj0cR-ivyTH6oB4M,https://maps.google.com/?cid=9441700404215819258&g_mp=CiVnb29nbGUubWFwcy5wbGFjZXMudjEuUGxhY2VzLkdldFBsYWNlEAIYBCAA,4.7,204
일본,오사카,명소,Dotonbori River,34.6699248,135.4900444,ChIJVSdHxgjnAGARaMp9O3mMqTQ,https://maps.google.com/?cid=3794718613353384552&g_mp=CiVnb29nbGUubWFwcy5wbGFjZXMudjEuUGxhY2VzLkdldFBsYWNlEAIYBCAA,4.6,204
태국,방콕,맛집,Nai Mee's Kitchen,13.752468,100.4836366,ChIJw9ApdKeZ4jARbpAJrXSHW4Y,https://maps.google.com/?cid=9681480759152054382&g_mp=CiVnb29nbGUubWFwcy5wbGFjZXMudjEuUGxhY2VzLkdldFBsYWNlEAIYBCAA,4.5,205
일본,도쿄,명소,tropical fish paupau aqua garden Shinjuku store,35.6931526,139.7060037,ChIJr-f6GTONGGARD89GlRiSGas,https://maps.google.com/?cid=12329046089184759567&g_mp=CiVnb29nbGUubWFwcy5wbGFjZXMudjEuUGxhY2VzLkdldFBsYWNlEAIYBCAA,4.3,204
베트남,호치민,맛집,CƠM TẤM CÂY KHẾ 3 | CƠM TẤM NGON GÒ VẤP,10.842734,106.6558956,ChIJpzwukqspdTER1am7c5YfNqM,https://maps.google.com/?cid=11760622207971862997&g_mp=CiVnb29nbGUubWFwcy5wbGFjZXMudjEuUGxhY2VzLkdldFBsYWNlEAIYBCAA,4.1,204
대한민국,제주도,해변,협재해변,33.3941325,126.239728,ChIJE0d64epgDDURXY9OaSzvzZQ,https://maps.google.com/?cid=10722489261863374685&g_mp=CiVnb29nbGUubWFwcy5wbGFjZXMudjEuUGxhY2VzLkdldFBsYWNlEAIYBCAA,4.7,203
프랑스,파리,역사,Chapelle Saint-Louis de la Salpêtrière,48.8390074,2.3641362,ChIJk9J7vfVx5kcRlU-tMHgzcY8,https://maps.google.com/?cid=10336099211097755541&g_mp=CiVnb29nbGUubWFwcy5wbGFjZXMudjEuUGxhY2VzLkdldFBsYWNlEAIYBCAA,4.5,203
대한민국,제주도,명소,Bong Bong Tangerine Farm,33.2817359,126.6297938,ChIJe4msNd6qDTURGY9d9Pvn-dQ,https://maps.google.com/?cid=15346552274564255513&g_mp=CiVnb29nbGUubWFwcy5wbGFjZXMudjEuUGxhY2VzLkdldFBsYWNlEAIYBCAA,4.3,202
일본,오사카,박물관/미술관,Glico Museum,34.718253,135.461308,ChIJkaWRw-zlAGARte_vXAUATZs,https://maps.google.com/?cid=11190600672119615413&g_mp=CiVnb29nbGUubWFwcy5wbGFjZXMudjEuUGxhY2VzLkdldFBsYWNlEAIYBCAA,4.3,203
일본,도쿄,맛집,SOBA CAFE IKEMORI,35.6691834,139.7357652,ChIJO7KCqD-LGGARZlQpN79YU9c,https://maps.google.com/?cid=15515842719508943974&g_mp=CiVnb29nbGUubWFwcy5wbGFjZXMudjEuUGxhY2VzLkdldFBsYWNlEAIYBCAA,4.6,202
대한민국,부산,공원/정원,수변어린이공원,35.155871,129.134398,ChIJqbFBbrWSaDURIsGytWv2p1Y,https://maps.google.com/?cid=6244230350842806562&g_mp=CiVnb29nbGUubWFwcy5wbGFjZXMudjEuUGxhY2VzLkdldFBsYWNlEAIYBCAA,4.5,202
대한민국,서울,박물관/미술관,Seoul Museum of Korean Folk Music,37.5770987,126.9897786,ChIJm5z3pNKjfDURc5oYCOwASzE,https://maps.google.com/?cid=3551933744859880051&g_mp=CiVnb29nbGUubWFwcy5wbGFjZXMudjEuUGxhY2VzLkdldFBsYWNlEAIYBCAA,4.6,201
영국,런던,역사,Allies (Churchill & Roosevelt),51.5104617,-0.1425691,ChIJv-B5qSsFdkgRIfREC0e6PaM,https://maps.google.com/?cid=11762762616056116257&g_mp=CiVnb29nbGUubWFwcy5wbGFjZXMudjEuUGxhY2VzLkdldFBsYWNlEAIYBCAA,4.6,200
호주,퍼스,맛집,The Red Chair,-31.950177,115.824472,ChIJZa0YHBelMioRXCG7eC-g2K4,https://maps.google.com/?cid=12598996083318399324&g_mp=CiVnb29nbGUubWFwcy5wbGFjZXMudjEuUGxhY2VzLkdldFBsYWNlEAIYBCAA,4.5,200
베트남,다낭,맛집,Bánh tráng thịt heo Trần Lê,16.0206886,108.1977924,ChIJdbLM3ykaQjERWCPKvZ3rpf4,https://maps.google.com/?cid=18349331319517487960&g_mp=CiVnb29nbGUubWFwcy5wbGFjZXMudjEuUGxhY2VzLkdldFBsYWNlEAIYBCAA,4.1,200
대한민국,부산,맛집,점순이네밥집,34.9432207,128.7171519,ChIJkxEZXvMraTURxbHfnsgY2mA,https://maps.google.com/?cid=6978917822501990853&g_mp=CiVnb29nbGUubWFwcy5wbGFjZXMudjEuUGxhY2VzLkdldFBsYWNlEAIYBCAA,4.3,199
영국,런던,역사,Agatha Christie memorial,51.5117984,-0.1273864,ChIJSYx-o80EdkgR15tyZmtnmJw,https://maps.google.com/?cid=11283882577354726359&g_mp=CiVnb29nbGUubWFwcy5wbGFjZXMudjEuUGxhY2VzLkdldFBsYWNlEAIYBCAA,4.6,198
호주,멜버른,카페,Quists Coffee,-37.8138608,144.9680947,ChIJ2fB53clC1moR716TrzZguvE,https://maps.google.com/?cid=17418340296798985967&g_mp=CiVnb29nbGUubWFwcy5wbGFjZXMudjEuUGxhY2VzLkdldFBsYWNlEAIYBCAA,4.7,197
스위스,인터라켄,맛집,Lucky Ming,46.685228,7.8497824,ChIJM3QTc5Gkj0cR07YoEcOEoBk,https://maps.google.com/?cid=1846621820563273427&g_mp=CiVnb29nbGUubWFwcy5wbGFjZXMudjEuUGxhY2VzLkdldFBsYWNlEAIYBCAA,4.2,197
호주,퍼스,맛집,Aurora food junction,-31.9167085,115.8324232,ChIJR0yEufWvMioRqZ-fa0duwJ4,https://maps.google.com/?cid=11439264306548416425&g_mp=CiVnb29nbGUubWFwcy5wbGFjZXMudjEuUGxhY2VzLkdldFBsYWNlEAIYBCAA,4,196
독일,뮌헨,카페,Boulangerie Cafe Bistro SAPHIR,48.1381422,11.6075425,ChIJXVJ-ZHl1nkcRQ6ruwD80PQ4,https://maps.google.com/?cid=1026033738534791747&g_mp=CiVnb29nbGUubWFwcy5wbGFjZXMudjEuUGxhY2VzLkdldFBsYWNlEAIYBCAA,4.9,195
오스트리아,빈,맛집,a Barraca (Portuguese Restaurant),48.2136649,16.3659703,ChIJ7QVMJ70HbUcRxPoGdG6sCN8,https://maps.google.com/?cid=16071284860664609476&g_mp=CiVnb29nbGUubWFwcy5wbGFjZXMudjEuUGxhY2VzLkdldFBsYWNlEAIYBCAA,4.3,195
호주,퍼스,맛집,Lady of Ro,-31.9546724,115.8238333,ChIJRy6WkBmlMioR0qIN01d1n7I,https://maps.google.com/?cid=12871135280111657682&g_mp=CiVnb29nbGUubWFwcy5wbGFjZXMudjEuUGxhY2VzLkdldFBsYWNlEAIYBCAA,4.4,194
베트남,다낭,맛집,Chinese Noodle Đệ Nhất Sủi Cảo Hoàn Mỹ,16.0484377,108.2408797,ChIJwzJFHpcXQjERLTQllxQe5ow,https://maps.google.com/?cid=10152835483737338925&g_mp=CiVnb29nbGUubWFwcy5wbGFjZXMudjEuUGxhY2VzLkdldFBsYWNlEAIYBCAA,4.4,193
오스트리아,빈,카페,MONTE OFELIO BAR Schottenbastei,48.2133206,16.3635945,ChIJ91gCCu0HbUcRTdHLWkzbmFY,https://maps.google.com/?cid=6239978404709126477&g_mp=CiVnb29nbGUubWFwcy5wbGFjZXMudjEuUGxhY2VzLkdldFBsYWNlEAIYBCAA,4.5,192
오스트리아,빈,명소,Haus Wittgenstein,48.2032465,16.3943196,ChIJZ64tG3YHbUcRY9Cy0nFo-xQ,https://maps.google.com/?cid=1511916937988460643&g_mp=CiVnb29nbGUubWFwcy5wbGFjZXMudjEuUGxhY2VzLkdldFBsYWNlEAIYBCAA,4.4,190
스페인,마드리드,맛집,La Barra de Jacinta,40.417357,-3.664491,ChIJqSn3fykpQg0Rh4fj3MtRcWE,https://maps.google.com/?cid=7021483230073423751&g_mp=CiVnb29nbGUubWFwcy5wbGFjZXMudjEuUGxhY2VzLkdldFBsYWNlEAIYBCAA,4.3,190
이탈리아,베네치아,명소,Equestrian statue of Bartolomeo Colleoni,45.4391891,12.3413774,ChIJPeB51dixfkcR8HCEytOH_2M,https://maps.google.com/?cid=7205627272521609456&g_mp=CiVnb29nbGUubWFwcy5wbGFjZXMudjEuUGxhY2VzLkdldFBsYWNlEAIYBCAA,4.5,189
독일,베를린,자연/힐링,Schäfersee,52.5647412,13.3610981,ChIJfQHzdcxTqEcRFE62Jv-PVio,https://maps.google.com/?cid=3050784123619003924&g_mp=CiVnb29nbGUubWFwcy5wbGFjZXMudjEuUGxhY2VzLkdldFBsYWNlEAIYBCAA,4.4,188
호주,퍼스,카페,Willing Coffee Mt Lawley,-31.9225054,115.8787464,ChIJa60fIwC7MioRvK70T3Tyw8k,https://maps.google.com/?cid=14538730603453656764&g_mp=CiVnb29nbGUubWFwcy5wbGFjZXMudjEuUGxhY2VzLkdldFBsYWNlEAIYBCAA,4.2,187
이탈리아,피렌체,명소,Circolo A.C.L.I.,43.7258895,11.2937029,ChIJ9X3hCgBTKhMRaaE1id_D3B4,https://maps.google.com/?cid=2223867680861299049&g_mp=CiVnb29nbGUubWFwcy5wbGFjZXMudjEuUGxhY2VzLkdldFBsYWNlEAIYBCAA,4.1,187
스페인,바르셀로나,명소,Rossymina taller de cuero,41.38431,2.18099,ChIJswS97P6ipBIRnbjoh0lInI0,https://maps.google.com/?cid=10204110336364689565&g_mp=CiVnb29nbGUubWFwcy5wbGFjZXMudjEuUGxhY2VzLkdldFBsYWNlEAIYBCAA,5,186
태국,방콕,맛집,26y coffee,13.7525206,100.5362291,ChIJ4wf5Dfqf4jARyrEKw-rR9SQ,https://maps.google.com/?cid=2663265560884326858&g_mp=CiVnb29nbGUubWFwcy5wbGFjZXMudjEuUGxhY2VzLkdldFBsYWNlEAIYBCAA,5,188
호주,퍼스,카페,The Clean Food Store,-31.956183,115.81475,ChIJkUBEEwWlMioRDnLss9R0O5E,https://maps.google.com/?cid=10465086616025985550&g_mp=CiVnb29nbGUubWFwcy5wbGFjZXMudjEuUGxhY2VzLkdldFBsYWNlEAIYBCAA,4.6,186
프랑스,파리,맛집,Mug of Companions,48.8549845,2.3538867,ChIJ-w2Mk-Jx5kcRAhNDLM45ymU,https://maps.google.com/?cid=7334738500794913538&g_mp=CiVnb29nbGUubWFwcy5wbGFjZXMudjEuUGxhY2VzLkdldFBsYWNlEAIYBCAA,4.6,186
스위스,인터라켄,역사,Tellenburg,46.5760858,7.652027,ChIJU3NsE_mpj0cRFTMsRIIClSU,https://maps.google.com/?cid=2708073509445972757&g_mp=CiVnb29nbGUubWFwcy5wbGFjZXMudjEuUGxhY2VzLkdldFBsYWNlEAIYBCAA,4.5,186
스위스,인터라켄,맛집,Gasthof Engelberg,46.62044,7.70722,ChIJA3YU3eGoj0cRLIG37VKveMM,https://maps.google.com/?cid=14085200605311631660&g_mp=CiVnb29nbGUubWFwcy5wbGFjZXMudjEuUGxhY2VzLkdldFBsYWNlEAIYBCAA,4.4,186
스페인,바르셀로나,카페,A27bakehouse,41.3811687,2.1685388,ChIJr9IZw7SjpBIR17K5TVj4T6c,https://maps.google.com/?cid=12056127785638933207&g_mp=CiVnb29nbGUubWFwcy5wbGFjZXMudjEuUGxhY2VzLkdldFBsYWNlEAIYBCAA,4.8,185
프랑스,파리,카페,%ARABICA Paris Le Marais — Japanese Coffee,48.8566723,2.3632035,ChIJQQATJRhv5kcR3lhRrBqaISs,https://maps.google.com/?cid=3107934657213192414&g_mp=CiVnb29nbGUubWFwcy5wbGFjZXMudjEuUGxhY2VzLkdldFBsYWNlEAIYBCAA,4.5,185
대한민국,제주도,맛집,교래 숲애칼국수,33.4299268,126.6738495,ChIJLWULtBIDDTUR37mj9EuR1Uw,https://maps.google.com/?cid=5536491072334838239&g_mp=CiVnb29nbGUubWFwcy5wbGFjZXMudjEuUGxhY2VzLkdldFBsYWNlEAIYBCAA,4.1,185
이탈리아,로마,맛집,Caffetteria Universitaria Bistrot | Sapienza,41.9032566,12.5080095,ChIJfUkEL7hhLxMRkyIpTg1FuDM,https://maps.google.com/?cid=3726804615097295507&g_mp=CiVnb29nbGUubWFwcy5wbGFjZXMudjEuUGxhY2VzLkdldFBsYWNlEAIYBCAA,4.6,184
스위스,인터라켄,맛집,Bäretatze Kafi & meh,46.6589726,7.695889,ChIJHwRx0sCuj0cRCRx16_Fb1aQ,https://maps.google.com/?cid=11877500686855117833&g_mp=CiVnb29nbGUubWFwcy5wbGFjZXMudjEuUGxhY2VzLkdldFBsYWNlEAIYBCAA,4.6,184
대한민국,서울,맛집,로뎀나무,37.5678858,126.9694494,ChIJpV-Wb46ifDUREmgcoNojn4s,https://maps.google.com/?cid=10060799514465036306&g_mp=CiVnb29nbGUubWFwcy5wbGFjZXMudjEuUGxhY2VzLkdldFBsYWNlEAIYBCAA,4.1,184
대한민국,제주,맛집,StoveOn Jeju,33.3579793,126.2715844,ChIJMae83BVdDDURk-WsBwmKSVg,https://maps.google.com/?cid=6361767720025646483&g_mp=CiVnb29nbGUubWFwcy5wbGFjZXMudjEuUGxhY2VzLkdldFBsYWNlEAIYBCAA,4.7,183
베트남,호치민,맛집,Big Bowl,10.8150103,106.6617857,ChIJp0jE4h0pdTER5AeFKmru-pk,https://maps.google.com/?cid=11095442771727943652&g_mp=CiVnb29nbGUubWFwcy5wbGFjZXMudjEuUGxhY2VzLkdldFBsYWNlEAIYBCAA,4.6,182
이탈리아,로마,카페,Al Sipario Bar,41.9039027,12.4874966,ChIJKa3LoqthLxMRZHEsTjEs4bU,https://maps.google.com/?cid=13105804980901409124&g_mp=CiVnb29nbGUubWFwcy5wbGFjZXMudjEuUGxhY2VzLkdldFBsYWNlEAIYBCAA,4.6,182
태국,방콕,역사,King Rama I Monument,13.7406559,100.4980575,ChIJc9DijRyZ4jARQa-8R7LgroI,https://maps.google.com/?cid=9416710927190634305&g_mp=CiVnb29nbGUubWFwcy5wbGFjZXMudjEuUGxhY2VzLkdldFBsYWNlEAIYBCAA,4.5,181
대한민국,제주도,해변,Mongdol Beach,33.4959884,126.4396858,ChIJCQg9wr77DDUR3bO05atdQws,https://maps.google.com/?cid=811595350731437021&g_mp=CiVnb29nbGUubWFwcy5wbGFjZXMudjEuUGxhY2VzLkdldFBsYWNlEAIYBCAA,4,181
일본,도쿄,맛집,Darjeeling Kasuga,35.7083233,139.7512348,ChIJpys-EkiMGGARmomYZEEgkRc,https://maps.google.com/?cid=1698173999728069018&g_mp=CiVnb29nbGUubWFwcy5wbGFjZXMudjEuUGxhY2VzLkdldFBsYWNlEAIYBCAA,4,180
영국,런던,카페,The Bagel Guys,51.5375965,-0.0586665,ChIJAwppkkgddkgRNEC7QwJVEKQ,https://maps.google.com/?cid=11822042490062192692&g_mp=CiVnb29nbGUubWFwcy5wbGFjZXMudjEuUGxhY2VzLkdldFBsYWNlEAIYBCAA,4.5,178
호주,퍼스,맛집,Mistelle Bistro,-31.9565192,115.8147973,ChIJKW1I-oilMioRNrJhaGfgGz0,https://maps.google.com/?cid=4403359795422278198&g_mp=CiVnb29nbGUubWFwcy5wbGFjZXMudjEuUGxhY2VzLkdldFBsYWNlEAIYBCAA,4.7,177
호주,퍼스,명소,Leighton Battery,-32.0176849,115.7566202,ChIJ80ZawQGkMioR9LFtdmy3qzc,https://maps.google.com/?cid=4011501569574810100&g_mp=CiVnb29nbGUubWFwcy5wbGFjZXMudjEuUGxhY2VzLkdldFBsYWNlEAIYBCAA,4.7,176
영국,런던,맛집,Old Mary's,51.5123789,-0.178404,ChIJe0-F91IFdkgRD1gopjgi9XY,https://maps.google.com/?cid=8571795092470781967&g_mp=CiVnb29nbGUubWFwcy5wbGFjZXMudjEuUGxhY2VzLkdldFBsYWNlEAIYBCAA,4.6,176
프랑스,파리,맛집,Au Vieux Paris,48.849876,2.364483,ChIJQ_ejw_hx5kcR4Y5Ei_ggu3o,https://maps.google.com/?cid=8843698545132605153&g_mp=CiVnb29nbGUubWFwcy5wbGFjZXMudjEuUGxhY2VzLkdldFBsYWNlEAIYBCAA,4.4,176
베트남,다낭,맛집,The Pizza Company,16.0667289,108.1871621,ChIJORSScI4ZQjER2wxcKVjTnFQ,https://maps.google.com/?cid=6096980371157290203&g_mp=CiVnb29nbGUubWFwcy5wbGFjZXMudjEuUGxhY2VzLkdldFBsYWNlEAIYBCAA,4.2,176
호주,시드니,명소,Man O'War Steps,-33.8580139,151.2158056,ChIJOR81eWauEmsR2aEqb4x4rRA,https://maps.google.com/?cid=1201749220133609945&g_mp=CiVnb29nbGUubWFwcy5wbGFjZXMudjEuUGxhY2VzLkdldFBsYWNlEAIYBCAA,4.4,174
이탈리아,로마,카페,Alimentari Antonaci,41.9028949,12.4871915,ChIJgWZdgathLxMRh6unI1wmXRs,https://maps.google.com/?cid=1971774389035182983&g_mp=CiVnb29nbGUubWFwcy5wbGFjZXMudjEuUGxhY2VzLkdldFBsYWNlEAIYBCAA,4.9,173
체코,프라하,카페,Crowd Cafe,50.0466034,14.4657153,ChIJdfZDQkiTC0cRbbptAuP4ogo,https://maps.google.com/?cid=766448540488415853&g_mp=CiVnb29nbGUubWFwcy5wbGFjZXMudjEuUGxhY2VzLkdldFBsYWNlEAIYBCAA,4.7,173
일본,도쿄,맛집,やきとん まことや,35.6888792,139.7219136,ChIJ66eMgPKMGGARmj7xH9VY19Q,https://maps.google.com/?cid=15336824728420695706&g_mp=CiVnb29nbGUubWFwcy5wbGFjZXMudjEuUGxhY2VzLkdldFBsYWNlEAIYBCAA,4,173
네덜란드,암스테르담,맛집,Afhaalcentrum Terang Boelan,52.3796661,4.8827358,ChIJdTfXOtAJxkcR74ZaXpy3vPs,https://maps.google.com/?cid=18139575281367287535&g_mp=CiVnb29nbGUubWFwcy5wbGFjZXMudjEuUGxhY2VzLkdldFBsYWNlEAIYBCAA,4.8,172
스위스,인터라켄,맛집,Rasthysi,46.6471404,8.0223561,ChIJn6fAimyZj0cRlZGJCcGHU4s,https://maps.google.com/?cid=10039517257497416085&g_mp=CiVnb29nbGUubWFwcy5wbGFjZXMudjEuUGxhY2VzLkdldFBsYWNlEAIYBCAA,4.8,172
스위스,인터라켄,맛집,Chaletbar,46.5865573,7.960853,ChIJzeR_sqCfj0cRHBd3Sk-NiUU,https://maps.google.com/?cid=5010691432117638940&g_mp=CiVnb29nbGUubWFwcy5wbGFjZXMudjEuUGxhY2VzLkdldFBsYWNlEAIYBCAA,4.8,172
일본,도쿄,맛집,Tsuzuku,35.6991589,139.7264214,ChIJx1leJfqMGGAR7GsXbdvc_J4,https://maps.google.com/?cid=11456274387109899244&g_mp=CiVnb29nbGUubWFwcy5wbGFjZXMudjEuUGxhY2VzLkdldFBsYWNlEAIYBCAA,4.6,172
베트남,다낭,맛집,Quán nhân - Cháo Vịt,16.0463208,108.2455588,ChIJT2L_Uq4XQjERMwFOZEbQGuw,https://maps.google.com/?cid=17013139543094591795&g_mp=CiVnb29nbGUubWFwcy5wbGFjZXMudjEuUGxhY2VzLkdldFBsYWNlEAIYBCAA,4.7,171
호주,시드니,카페,Bar Positano,-33.880064,151.2148339,ChIJ1fAOI6uvEmsRzsZPrIRGEO4,https://maps.google.com/?cid=17154288516294756046&g_mp=CiVnb29nbGUubWFwcy5wbGFjZXMudjEuUGxhY2VzLkdldFBsYWNlEAIYBCAA,4.6,171
호주,시드니,맛집,Chinese Noodle Restaurant TG7,-33.8809752,151.2036508,ChIJMd7fw-avEmsRtNXOCumW32M,https://maps.google.com/?cid=7196636657214215604&g_mp=CiVnb29nbGUubWFwcy5wbGFjZXMudjEuUGxhY2VzLkdldFBsYWNlEAIYBCAA,4.3,170
대한민국,서울,카페,ADD Coffee,37.5681061,126.9990013,ChIJD-6RJyCjfDURatvWK_bxIH8,https://maps.google.com/?cid=9160587681671338858&g_mp=CiVnb29nbGUubWFwcy5wbGFjZXMudjEuUGxhY2VzLkdldFBsYWNlEAIYBCAA,4.1,171
대한민국,서울,박물관/미술관,'Dosan' Ahn Chang-ho Memorial Hall & Commemorative Project Association,37.5239734,127.0356085,ChIJk5wXLomjfDURvi0-BWyGBww,https://maps.google.com/?cid=866809251794660798&g_mp=CiVnb29nbGUubWFwcy5wbGFjZXMudjEuUGxhY2VzLkdldFBsYWNlEAIYBCAA,4.5,170
스페인,바르셀로나,명소,Torre de les Aigües de la Catalana de Gas,41.383803,2.1925664,ChIJGRGnNQajpBIR9Cv1ws2kBUo,https://maps.google.com/?cid=5333850537336318964&g_mp=CiVnb29nbGUubWFwcy5wbGFjZXMudjEuUGxhY2VzLkdldFBsYWNlEAIYBCAA,4.4,170
대한민국,제주,카페,Starbucks,33.500557,126.5053855,ChIJGSGxh-P7DDURdm9QmZHGyq0,https://maps.google.com/?cid=12523040042501828470&g_mp=CiVnb29nbGUubWFwcy5wbGFjZXMudjEuUGxhY2VzLkdldFBsYWNlEAIYBCAA,4.3,170
일본,오사카,맛집,BLUE YARD,34.7018713,135.4933679,ChIJCYfTLADnAGARm0T9txjVd_I,https://maps.google.com/?cid=17471667581549888667&g_mp=CiVnb29nbGUubWFwcy5wbGFjZXMudjEuUGxhY2VzLkdldFBsYWNlEAIYBCAA,4.2,172
프랑스,파리,맛집,Le Reynou,48.8576138,2.3461686,ChIJa9squVdv5kcR3zgaSAJkSeQ,https://maps.google.com/?cid=16449789074909837535&g_mp=CiVnb29nbGUubWFwcy5wbGFjZXMudjEuUGxhY2VzLkdldFBsYWNlEAIYBCAA,4.1,170
체코,프라하,카페,Café Parkofka,50.0459278,14.4596627,ChIJ50W1UwCTC0cRZdsbquRYkoQ,https://maps.google.com/?cid=9552795498735983461&g_mp=CiVnb29nbGUubWFwcy5wbGFjZXMudjEuUGxhY2VzLkdldFBsYWNlEAIYBCAA,4.7,169
베트남,다낭,맛집,Ms. Ba Be's Sticky Rice,16.0653595,108.2090044,ChIJ3cA6gDYYQjERgTZMKEDKeAo,https://maps.google.com/?cid=754575314487359105&g_mp=CiVnb29nbGUubWFwcy5wbGFjZXMudjEuUGxhY2VzLkdldFBsYWNlEAIYBCAA,4.6,169
대한민국,제주,맛집,서귀포 코우,33.2561016,126.5065109,ChIJFV4AiBlRDDURKXzA0nVT8E4,https://maps.google.com/?cid=5688138094881045545&g_mp=CiVnb29nbGUubWFwcy5wbGFjZXMudjEuUGxhY2VzLkdldFBsYWNlEAIYBCAA,4.5,169
대한민국,부산,박물관/미술관,Park Taejoon Memorial Hall,35.3165417,129.2614979,ChIJkQ1DrD6HaDURqWW9TUqDhAQ,https://maps.google.com/?cid=325529428232594857&g_mp=CiVnb29nbGUubWFwcy5wbGFjZXMudjEuUGxhY2VzLkdldFBsYWNlEAIYBCAA,4.5,169
독일,베를린,역사,Monument to the International Brigades,52.5260319,13.4297267,ChIJ9yjrDxFOqEcR8pNy6YhWpIg,https://maps.google.com/?cid=9846089831370888178&g_mp=CiVnb29nbGUubWFwcy5wbGFjZXMudjEuUGxhY2VzLkdldFBsYWNlEAIYBCAA,4.4,168
오스트리아,빈,카페,Konditorei Blocher,48.2016613,16.354878,ChIJ25H9P44HbUcR782FfifumKU,https://maps.google.com/?cid=11932549066111962607&g_mp=CiVnb29nbGUubWFwcy5wbGFjZXMudjEuUGxhY2VzLkdldFBsYWNlEAIYBCAA,4.2,168
베트남,호치민,카페,Cà Phê Hoa Sứ,10.8393628,106.719614,ChIJVT79DnkodTERi71BmieYblw,https://maps.google.com/?cid=6660428194786688395&g_mp=CiVnb29nbGUubWFwcy5wbGFjZXMudjEuUGxhY2VzLkdldFBsYWNlEAIYBCAA,4,168
대한민국,부산,맛집,두레마을 식당,35.1114503,129.0133159,ChIJi105BJTpaDURpTMRLQxPi_I,https://maps.google.com/?cid=17477149692655645605&g_mp=CiVnb29nbGUubWFwcy5wbGFjZXMudjEuUGxhY2VzLkdldFBsYWNlEAIYBCAA,4.4,167
일본,도쿄,공원/정원,Cherry Blossoms Garden,35.6694283,139.6947382,ChIJhVonubOMGGAR9XBWxkMBVhU,https://maps.google.com/?cid=1537417713395593461&g_mp=CiVnb29nbGUubWFwcy5wbGFjZXMudjEuUGxhY2VzLkdldFBsYWNlEAIYBCAA,4.4,167
호주,시드니,명소,Coca-Cola billboard,-33.875275,151.2223806,ChIJPTuRdhKuEmsRcHzsaHXwIyU,https://maps.google.com/?cid=2676246990650375280&g_mp=CiVnb29nbGUubWFwcy5wbGFjZXMudjEuUGxhY2VzLkdldFBsYWNlEAIYBCAA,4.3,167
대한민국,제주,맛집,이승굴닭해장국,33.4462695,126.430836,ChIJcW2t5GP3DDURhcrJS7jlVgc,https://maps.google.com/?cid=528862585970870917&g_mp=CiVnb29nbGUubWFwcy5wbGFjZXMudjEuUGxhY2VzLkdldFBsYWNlEAIYBCAA,4,167
대한민국,제주도,명소,Lunafall,33.256807,126.321633,ChIJXe1wgz1DDDURU5AocHvrxDA,https://maps.google.com/?cid=3514192524651040851&g_mp=CiVnb29nbGUubWFwcy5wbGFjZXMudjEuUGxhY2VzLkdldFBsYWNlEAIYBCAA,4.5,166
일본,오사카,맛집,ALISA Indian Restaurent,34.6968193,135.4884008,ChIJ0b4IuYrmAGARCV7V4lvhXPc,https://maps.google.com/?cid=17824369209989488137&g_mp=CiVnb29nbGUubWFwcy5wbGFjZXMudjEuUGxhY2VzLkdldFBsYWNlEAIYBCAA,4.3,166
스위스,인터라켄,맛집,Brasserie 66,46.686129,7.681468,ChIJe4wpWH6uj0cRUVtBDkZq-Tc,https://maps.google.com/?cid=4033371790406409041&g_mp=CiVnb29nbGUubWFwcy5wbGFjZXMudjEuUGxhY2VzLkdldFBsYWNlEAIYBCAA,4.3,166
독일,베를린,카페,Bakery & Coffee,52.5060786,13.4059763,ChIJASb9RilOqEcRSIKtlHmb4os,https://maps.google.com/?cid=10079789862496338504&g_mp=CiVnb29nbGUubWFwcy5wbGFjZXMudjEuUGxhY2VzLkdldFBsYWNlEAIYBCAA,4.6,165
체코,프라하,맛집,Mungo Restaurant Strašnice,50.0714133,14.4849311,ChIJ1QiRGQiTC0cRAdxq8jVzeIY,https://maps.google.com/?cid=9689621273825172481&g_mp=CiVnb29nbGUubWFwcy5wbGFjZXMudjEuUGxhY2VzLkdldFBsYWNlEAIYBCAA,4.4,166
이탈리아,베네치아,명소,Ca Maria Adele,45.4303161,12.3342831,ChIJWWOxANSxfkcRGxzHtjsUvPs,https://maps.google.com/?cid=18139395645843643419&g_mp=CiVnb29nbGUubWFwcy5wbGFjZXMudjEuUGxhY2VzLkdldFBsYWNlEAIYBCAA,4.9,164
일본,오사카,맛집,Indian Restaurant Diwali,34.6946329,135.4896324,ChIJi_tmAfXmAGARJyv0ypQEwJY,https://maps.google.com/?cid=10862687338324306727&g_mp=CiVnb29nbGUubWFwcy5wbGFjZXMudjEuUGxhY2VzLkdldFBsYWNlEAIYBCAA,4.4,164
호주,멜버른,카페,Cafe Ecco & Ecco Catering,-37.8083399,144.9738179,ChIJr2bjuxdD1moRVFUz1jFoKAY,https://maps.google.com/?cid=443719126552368468&g_mp=CiVnb29nbGUubWFwcy5wbGFjZXMudjEuUGxhY2VzLkdldFBsYWNlEAIYBCAA,4.3,164
이탈리아,로마,카페,Pasticceria Berardo,41.8575757,12.4522077,ChIJJ4CegLmKJRMRAgMI8UATGZY,https://maps.google.com/?cid=10815697149749625602&g_mp=CiVnb29nbGUubWFwcy5wbGFjZXMudjEuUGxhY2VzLkdldFBsYWNlEAIYBCAA,4.6,162
일본,도쿄,맛집,la cantina cancemi オリーブオイルダイニング飯田橋,35.6977565,139.746307,ChIJI1W-PkKMGGARSpB6s8XZQKU,https://maps.google.com/?cid=11907756857910530122&g_mp=CiVnb29nbGUubWFwcy5wbGFjZXMudjEuUGxhY2VzLkdldFBsYWNlEAIYBCAA,4.1,162
호주,멜버른,카페,Mr. Tod Cafe,-37.8117108,144.9757089,ChIJvVx8L8RC1moRnAO6Zu6Ib-E,https://maps.google.com/?cid=16244352938455729052&g_mp=CiVnb29nbGUubWFwcy5wbGFjZXMudjEuUGxhY2VzLkdldFBsYWNlEAIYBCAA,4,162
태국,방콕,맛집,Ayutthaya Boat Noodle (Beef - Pork),13.744637,100.4861627,ChIJF4X5hniZ4jARHpSzZ4nEGPQ,https://maps.google.com/?cid=17589024439124857886&g_mp=CiVnb29nbGUubWFwcy5wbGFjZXMudjEuUGxhY2VzLkdldFBsYWNlEAIYBCAA,4.6,162
스페인,바르셀로나,카페,Bar Santa Martha Bcn Restaurnate coctelería,41.3969424,2.1690469,ChIJP3QThZ2jpBIRpiBzu-Rdtbc,https://maps.google.com/?cid=13237589916704252070&g_mp=CiVnb29nbGUubWFwcy5wbGFjZXMudjEuUGxhY2VzLkdldFBsYWNlEAIYBCAA,4.7,160
태국,방콕,역사,Grand Palace,13.7498956,100.4916067,ChIJnbq5Mp6Z4jARtwl7TH2TrXE,https://maps.google.com/?cid=8191365463620127159&g_mp=CiVnb29nbGUubWFwcy5wbGFjZXMudjEuUGxhY2VzLkdldFBsYWNlEAIYBCAA,4.6,160
베트남,다낭,카페,T.CAM COFFEE,16.0310603,108.2124295,ChIJwdf_HLIZQjERIZsDNN5jqJ4,https://maps.google.com/?cid=11432497460086545185&g_mp=CiVnb29nbGUubWFwcy5wbGFjZXMudjEuUGxhY2VzLkdldFBsYWNlEAIYBCAA,4.2,158
베트남,다낭,카페,Thanh Hà Coffee,16.0590198,108.2445302,ChIJhz9BuEYXQjERXL0wIZ5tnKA,https://maps.google.com/?cid=11573245668364434780&g_mp=CiVnb29nbGUubWFwcy5wbGFjZXMudjEuUGxhY2VzLkdldFBsYWNlEAIYBCAA,4.8,157
대한민국,서울,박물관/미술관,Museum of Japanese Colonial History in Korea,37.5457422,126.9668269,ChIJl97K4N-jfDUR_mfCvs-3GU8,https://maps.google.com/?cid=5699788906300598270&g_mp=CiVnb29nbGUubWFwcy5wbGFjZXMudjEuUGxhY2VzLkdldFBsYWNlEAIYBCAA,4.5,157
대한민국,부산,맛집,Bukgyeong Dumplings,35.1189777,129.0382578,ChIJzRoTDNfraDURIQe1lQsI4tw,https://maps.google.com/?cid=15916292878930085665&g_mp=CiVnb29nbGUubWFwcy5wbGFjZXMudjEuUGxhY2VzLkdldFBsYWNlEAIYBCAA,4.2,157
대한민국,제주도,명소,월정리 투명 카약,33.5637845,126.7787209,ChIJW95Vxx0YDTURMHYUqxgdq1c,https://maps.google.com/?cid=6317174894103918128&g_mp=CiVnb29nbGUubWFwcy5wbGFjZXMudjEuUGxhY2VzLkdldFBsYWNlEAIYBCAA,4,157
베트남,다낭,맛집,Hương Chè Thái - Chi Lăng,16.0695809,108.2176829,ChIJSzMcT-sZQjERr7Wb7NFlE6o,https://maps.google.com/?cid=12255250963297449391&g_mp=CiVnb29nbGUubWFwcy5wbGFjZXMudjEuUGxhY2VzLkdldFBsYWNlEAIYBCAA,4.3,155
베트남,다낭,카페,Bamboo Bob Coffee,16.0606048,108.2355463,ChIJKcLjHGgZQjERJUDeCGC01j4,https://maps.google.com/?cid=4528004799926255653&g_mp=CiVnb29nbGUubWFwcy5wbGFjZXMudjEuUGxhY2VzLkdldFBsYWNlEAIYBCAA,4.8,154
네덜란드,암스테르담,명소,Amsterdams Lieverdje,52.3687769,4.8890618,ChIJ7YbJj8EJxkcRxpLvNBzrjg0,https://maps.google.com/?cid=976976675565703878&g_mp=CiVnb29nbGUubWFwcy5wbGFjZXMudjEuUGxhY2VzLkdldFBsYWNlEAIYBCAA,4.6,154
독일,뮌헨,맛집,Barissimo – Italienische Bar & Pasta am Viktualienmarkt,48.1344908,11.5753931,ChIJ_yKD3KTfnUcRBTuiUDFPAf4,https://maps.google.com/?cid=18302997433835207429&g_mp=CiVnb29nbGUubWFwcy5wbGFjZXMudjEuUGxhY2VzLkdldFBsYWNlEAIYBCAA,4.7,153
대한민국,제주도,명소,Miniature Statue of Liberty,40.3582854,-76.9298054,ChIJwahoeOjFyIkR0ZWSDTwdYC0,https://maps.google.com/?cid=3269645473233933777&g_mp=CiVnb29nbGUubWFwcy5wbGFjZXMudjEuUGxhY2VzLkdldFBsYWNlEAIYBCAA,4.6,153
태국,방콕,역사,Pig Memorial,13.7498718,100.4962242,ChIJ1_9KLxCZ4jARNVFsNQSbq7k,https://maps.google.com/?cid=13378957560412655925&g_mp=CiVnb29nbGUubWFwcy5wbGFjZXMudjEuUGxhY2VzLkdldFBsYWNlEAIYBCAA,4.4,153
스위스,인터라켄,맛집,Pintli,46.6311718,7.7213046,ChIJpR0_ryepj0cRtVPvRT_jn-Y,https://maps.google.com/?cid=16618251010916176821&g_mp=CiVnb29nbGUubWFwcy5wbGFjZXMudjEuUGxhY2VzLkdldFBsYWNlEAIYBCAA,4.6,152
대한민국,부산,역사,부산진성 (자성대),35.1356745,129.0605264,ChIJcxHnUIXraDURNaKtagX4nYg,https://maps.google.com/?cid=9844297062650061365&g_mp=CiVnb29nbGUubWFwcy5wbGFjZXMudjEuUGxhY2VzLkdldFBsYWNlEAIYBCAA,4.2,152
이탈리아,베네치아,카페,La Panetteria,45.495416,12.1357276,ChIJ2a0hzjrKfkcRW4bLztD-3hQ,https://maps.google.com/?cid=1503919498364421723&g_mp=CiVnb29nbGUubWFwcy5wbGFjZXMudjEuUGxhY2VzLkdldFBsYWNlEAIYBCAA,4.4,151
베트남,호치민,카페,Laha Cafe bàu cát 2,10.7850266,106.6452566,ChIJec1KgqEvdTERSa8uYg3BEVs,https://maps.google.com/?cid=6562238395281485641&g_mp=CiVnb29nbGUubWFwcy5wbGFjZXMudjEuUGxhY2VzLkdldFBsYWNlEAIYBCAA,4.2,151
오스트리아,빈,카페,Kopi Kadé. Der Kaffeeladen,48.2217238,16.3934195,ChIJE2PtxHkHbUcRyJri_9QP2g8,https://maps.google.com/?cid=1142242862992366280&g_mp=CiVnb29nbGUubWFwcy5wbGFjZXMudjEuUGxhY2VzLkdldFBsYWNlEAIYBCAA,4.9,150
태국,방콕,맛집,Janrapee,13.7697154,100.5069401,ChIJWTPmFLae4jARoALc_ZiIl40,https://maps.google.com/?cid=10202773671506608800&g_mp=CiVnb29nbGUubWFwcy5wbGFjZXMudjEuUGxhY2VzLkdldFBsYWNlEAIYBCAA,4.4,150
네덜란드,암스테르담,카페,STACH Food,52.3525613,4.9027629,ChIJF0yaBY8JxkcRQKoE-5sNON8,https://maps.google.com/?cid=16084621032736205376&g_mp=CiVnb29nbGUubWFwcy5wbGFjZXMudjEuUGxhY2VzLkdldFBsYWNlEAIYBCAA,4,150
대한민국,부산,자연/힐링,장산 중봉,35.1871483,129.1491342,ChIJF9Xy332SaDURri631YYIgV8,https://maps.google.com/?cid=6881791080803020462&g_mp=CiVnb29nbGUubWFwcy5wbGFjZXMudjEuUGxhY2VzLkdldFBsYWNlEAIYBCAA,4.3,149
호주,퍼스,명소,Bon Scott Grave,-32.0510932,115.7798444,ChIJqfiZ6smjMioR3T4JpSuTa6Q,https://maps.google.com/?cid=11847725060389945053&g_mp=CiVnb29nbGUubWFwcy5wbGFjZXMudjEuUGxhY2VzLkdldFBsYWNlEAIYBCAA,4.7,148
체코,프라하,맛집,Resturace U Nádraží,50.0548284,14.5354489,ChIJ1zNFxmGSC0cRxMu1edqMXOU,https://maps.google.com/?cid=16527239602515594180&g_mp=CiVnb29nbGUubWFwcy5wbGFjZXMudjEuUGxhY2VzLkdldFBsYWNlEAIYBCAA,4.4,148
영국,런던,맛집,El Vino,51.5140192,-0.1092033,ChIJs73oJLMEdkgRTi3AY5xywJg,https://maps.google.com/?cid=11006923505307495758&g_mp=CiVnb29nbGUubWFwcy5wbGFjZXMudjEuUGxhY2VzLkdldFBsYWNlEAIYBCAA,4.3,148
네덜란드,암스테르담,카페,The Coffee Virus,52.384205,4.902948,ChIJEVveaLQJxkcRjImHlRfdFw8,https://maps.google.com/?cid=1087580928395938188&g_mp=CiVnb29nbGUubWFwcy5wbGFjZXMudjEuUGxhY2VzLkdldFBsYWNlEAIYBCAA,4.7,147
스페인,마드리드,맛집,Arugula,40.422523,-3.681833,ChIJAUpzT5goQg0RocdH97vTJG0,https://maps.google.com/?cid=7864643653556750241&g_mp=CiVnb29nbGUubWFwcy5wbGFjZXMudjEuUGxhY2VzLkdldFBsYWNlEAIYBCAA,4.5,148
일본,도쿄,카페,Akamaru Bakery,35.7192892,139.7182053,ChIJzdtEoRONGGARc8ysAIg8mxc,https://maps.google.com/?cid=1701019839087037555&g_mp=CiVnb29nbGUubWFwcy5wbGFjZXMudjEuUGxhY2VzLkdldFBsYWNlEAIYBCAA,4.2,147
이탈리아,베네치아,카페,Antico Caffe' Marconi,45.4907217,12.1678986,ChIJ87OR7gfKfkcR6DxBqbiadIs,https://maps.google.com/?cid=10048826786474704104&g_mp=CiVnb29nbGUubWFwcy5wbGFjZXMudjEuUGxhY2VzLkdldFBsYWNlEAIYBCAA,4.1,147
이탈리아,로마,역사,Monument to Goethe,41.9115563,12.4863388,ChIJdcK3mwFhLxMRBkwGLevcRG8,https://maps.google.com/?cid=8017776139257138182&g_mp=CiVnb29nbGUubWFwcy5wbGFjZXMudjEuUGxhY2VzLkdldFBsYWNlEAIYBCAA,4.7,146
프랑스,파리,카페,Les Petits Pains Ronds,48.8478606,2.3652735,ChIJLd_oZPhx5kcR9TBvk4MwxQw,https://maps.google.com/?cid=920195040539521269&g_mp=CiVnb29nbGUubWFwcy5wbGFjZXMudjEuUGxhY2VzLkdldFBsYWNlEAIYBCAA,4.3,146
스페인,바르셀로나,맛집,Bar Bernat Pescaire,41.3872563,2.1634292,ChIJd3KTdwCjpBIRtmduCeMlkQ8,https://maps.google.com/?cid=1121719439237998518&g_mp=CiVnb29nbGUubWFwcy5wbGFjZXMudjEuUGxhY2VzLkdldFBsYWNlEAIYBCAA,4.9,145
대한민국,제주도,박물관/미술관,제주교육박물관,33.4945087,126.5380361,ChIJrznJDbr8DDURtreSue_UboY,https://maps.google.com/?cid=9686913974596188086&g_mp=CiVnb29nbGUubWFwcy5wbGFjZXMudjEuUGxhY2VzLkdldFBsYWNlEAIYBCAA,4.5,145
이탈리아,베네치아,맛집,Italiana Caffè Candiani,45.4944459,12.2391602,ChIJSzget0C0fkcR76f1T2UcRuA,https://maps.google.com/?cid=16160635534324377583&g_mp=CiVnb29nbGUubWFwcy5wbGFjZXMudjEuUGxhY2VzLkdldFBsYWNlEAIYBCAA,4.3,145
스위스,인터라켄,맛집,Restaurant Aspen,46.6189664,8.0058389,ChIJD5jrmBOfj0cRmqgpw8fSDC8,https://maps.google.com/?cid=3390316374917752986&g_mp=CiVnb29nbGUubWFwcy5wbGFjZXMudjEuUGxhY2VzLkdldFBsYWNlEAIYBCAA,4.7,144
이탈리아,피렌체,카페,MUNDI Caffè,43.785322,10.925005,ChIJv1wCXfpnKhMR9xQRyZ8yNms,https://maps.google.com/?cid=7725417872655193335&g_mp=CiVnb29nbGUubWFwcy5wbGFjZXMudjEuUGxhY2VzLkdldFBsYWNlEAIYBCAA,4.6,144
대한민국,부산,맛집,Good day crab 365,35.2094902,129.0810382,ChIJQx-1EmOTaDUR_ZKQ0LzVroo,https://maps.google.com/?cid=9993159630111412989&g_mp=CiVnb29nbGUubWFwcy5wbGFjZXMudjEuUGxhY2VzLkdldFBsYWNlEAIYBCAA,4.5,143
이탈리아,베네치아,카페,Panificio Pavan Luca,45.4905325,12.2939912,ChIJpSKlBr6zfkcRdyllVC_nG8Q,https://maps.google.com/?cid=14131142446270458231&g_mp=CiVnb29nbGUubWFwcy5wbGFjZXMudjEuUGxhY2VzLkdldFBsYWNlEAIYBCAA,4.5,143
이탈리아,피렌체,맛집,Nox&Hop,43.7367559,10.963984,ChIJCUXttjdpKhMRk90VN5nXomw,https://maps.google.com/?cid=7828056155377491347&g_mp=CiVnb29nbGUubWFwcy5wbGFjZXMudjEuUGxhY2VzLkdldFBsYWNlEAIYBCAA,4.5,143
독일,뮌헨,맛집,Huong Que Vietnamesische Restaurant,48.1386568,11.5988865,ChIJ7WAEGdR1nkcRJXFO-eNn9lg,https://maps.google.com/?cid=6410425348446384421&g_mp=CiVnb29nbGUubWFwcy5wbGFjZXMudjEuUGxhY2VzLkdldFBsYWNlEAIYBCAA,4.7,142
일본,오사카,카페,"Bread, Espresso & Roastery",34.6988314,135.5089353,ChIJJQ4bMwDnAGARlZBT-zNDOmM,https://maps.google.com/?cid=7150101248943034517&g_mp=CiVnb29nbGUubWFwcy5wbGFjZXMudjEuUGxhY2VzLkdldFBsYWNlEAIYBCAA,4.4,141
스위스,인터라켄,자연/힐링,Birg,46.5618321,7.857693,ChIJay3Kj3Cgj0cRb0qIuw6umwI,https://maps.google.com/?cid=187935187765054063&g_mp=CiVnb29nbGUubWFwcy5wbGFjZXMudjEuUGxhY2VzLkdldFBsYWNlEAIYBCAA,4.1,142
호주,퍼스,맛집,Back Bar,-31.9421417,115.8379893,ChIJ32BHJkClMioRdTnyxUfzglQ,https://maps.google.com/?cid=6089697135747545461&g_mp=CiVnb29nbGUubWFwcy5wbGFjZXMudjEuUGxhY2VzLkdldFBsYWNlEAIYBCAA,4.6,141
스페인,마드리드,카페,Confitería Rialto,40.4330554,-3.6820269,ChIJn1Hs5b8oQg0R0VemPSdarvE,https://maps.google.com/?cid=17414955933672822737&g_mp=CiVnb29nbGUubWFwcy5wbGFjZXMudjEuUGxhY2VzLkdldFBsYWNlEAIYBCAA,4.5,141
베트남,다낭,맛집,Carol Lounge - 28D Đống Đa - DN,16.0823745,108.2204148,ChIJx3HQsEsZQjERKCBa8AX0gR0,https://maps.google.com/?cid=2126248805440036904&g_mp=CiVnb29nbGUubWFwcy5wbGFjZXMudjEuUGxhY2VzLkdldFBsYWNlEAIYBCAA,4.4,141
대한민국,서울,카페,COMFORT,37.5494051,126.9832915,ChIJS1KmUSWjfDURkqaTkyT_Yok,https://maps.google.com/?cid=9899755463473604242&g_mp=CiVnb29nbGUubWFwcy5wbGFjZXMudjEuUGxhY2VzLkdldFBsYWNlEAIYBCAA,4.6,139
태국,방콕,맛집,ZOOM4ZOOM5,13.7556898,100.4867179,ChIJF9Y7RQqZ4jARGc7zL0un5vY,https://maps.google.com/?cid=17791091319342616089&g_mp=CiVnb29nbGUubWFwcy5wbGFjZXMudjEuUGxhY2VzLkdldFBsYWNlEAIYBCAA,4.2,139
호주,시드니,맛집,Avia Restaurant,-33.8799799,151.2167646,ChIJfRoRVtSvEmsRGopLxhr4PAY,https://maps.google.com/?cid=449506856709884442&g_mp=CiVnb29nbGUubWFwcy5wbGFjZXMudjEuUGxhY2VzLkdldFBsYWNlEAIYBCAA,4.8,138
이탈리아,베네치아,맛집,Osteria Portocanale,45.4261729,12.2398118,ChIJTyDCqmO3fkcRzPrNdtGGcxM,https://maps.google.com/?cid=1401612143241853644&g_mp=CiVnb29nbGUubWFwcy5wbGFjZXMudjEuUGxhY2VzLkdldFBsYWNlEAIYBCAA,4.8,138
이탈리아,로마,박물관/미술관,Museo Ninfeo (Horti Lamiani),41.8933999,12.505626,ChIJZwglWJJhLxMRzwWS6uDFABU,https://maps.google.com/?cid=1513427044595271119&g_mp=CiVnb29nbGUubWFwcy5wbGFjZXMudjEuUGxhY2VzLkdldFBsYWNlEAIYBCAA,4.7,138
호주,시드니,카페,Orange lotus cafe,-33.859394,151.174647,ChIJ-zigRASvEmsR7u00nwNKn1g,https://maps.google.com/?cid=6385904176051056110&g_mp=CiVnb29nbGUubWFwcy5wbGFjZXMudjEuUGxhY2VzLkdldFBsYWNlEAIYBCAA,4.6,138
베트남,호치민,카페,Hồng Trà Tuổi Thơ T003 回憶小時候 紅茶,10.8408927,106.5985782,ChIJ98Ot6mUrdTERA-3EpMPoDdU,https://maps.google.com/?cid=15352182631756524803&g_mp=CiVnb29nbGUubWFwcy5wbGFjZXMudjEuUGxhY2VzLkdldFBsYWNlEAIYBCAA,4.9,137
독일,베를린,맛집,Club of Polish Losers,52.5298,13.3972028,ChIJKcobl-VRqEcRxqzbfKfe2Bg,https://maps.google.com/?cid=1790425662815448262&g_mp=CiVnb29nbGUubWFwcy5wbGFjZXMudjEuUGxhY2VzLkdldFBsYWNlEAIYBCAA,4.5,137
베트남,다낭,맛집,Sky Pub,16.0651072,108.2240284,ChIJm_Y-wTIYQjERjcGQXczDKCs,https://maps.google.com/?cid=3109950825209840013&g_mp=CiVnb29nbGUubWFwcy5wbGFjZXMudjEuUGxhY2VzLkdldFBsYWNlEAIYBCAA,4.1,137
네덜란드,암스테르담,카페,bakery Westerpark,52.3839521,4.875497,ChIJEdJ3JNQJxkcRPYE4rta2i_A,https://maps.google.com/?cid=17333148624027681085&g_mp=CiVnb29nbGUubWFwcy5wbGFjZXMudjEuUGxhY2VzLkdldFBsYWNlEAIYBCAA,4.6,136
대한민국,서울,카페,TXT Coffee (.txt),37.582826,126.98903,ChIJX_Cf-NCifDURV5XmXP4h7Go,https://maps.google.com/?cid=7704570438888101207&g_mp=CiVnb29nbGUubWFwcy5wbGFjZXMudjEuUGxhY2VzLkdldFBsYWNlEAIYBCAA,4.5,136
영국,런던,맛집,Kastner & Ovens,51.513431,-0.1227161,ChIJ40_ZncwEdkgR51u8biSMFFY,https://maps.google.com/?cid=6202736674900564967&g_mp=CiVnb29nbGUubWFwcy5wbGFjZXMudjEuUGxhY2VzLkdldFBsYWNlEAIYBCAA,4.5,136
호주,퍼스,명소,Hamersley Pool,-31.862616,115.7520862,ChIJgYbQ-k2pMioRkza7S1mURkg,https://maps.google.com/?cid=5208013130344117907&g_mp=CiVnb29nbGUubWFwcy5wbGFjZXMudjEuUGxhY2VzLkdldFBsYWNlEAIYBCAA,4.6,134
호주,퍼스,카페,Excelsior Deli,-31.960802,115.813997,ChIJxTSGegOlMioRPqIbFTzzeTY,https://maps.google.com/?cid=3925435989607817790&g_mp=CiVnb29nbGUubWFwcy5wbGFjZXMudjEuUGxhY2VzLkdldFBsYWNlEAIYBCAA,4.2,134
프랑스,파리,카페,Le Troisième Café,48.8630348,2.3614251,ChIJC0D6LgRu5kcRSz35Ihsi5Hk,https://maps.google.com/?cid=8783182673225530699&g_mp=CiVnb29nbGUubWFwcy5wbGFjZXMudjEuUGxhY2VzLkdldFBsYWNlEAIYBCAA,4.8,133
스위스,인터라켄,명소,Burgkirche / Burgruine Ringgenberg,46.7008545,7.8966775,ChIJ2WQ64Tajj0cRPXX_bLT61Os,https://maps.google.com/?cid=16993482946805462333&g_mp=CiVnb29nbGUubWFwcy5wbGFjZXMudjEuUGxhY2VzLkdldFBsYWNlEAIYBCAA,4.8,133
프랑스,파리,명소,Lauzun Hotel,48.8516667,2.3591667,ChIJybzcbfxx5kcR92JCpng3geY,https://maps.google.com/?cid=16609617892044071671&g_mp=CiVnb29nbGUubWFwcy5wbGFjZXMudjEuUGxhY2VzLkdldFBsYWNlEAIYBCAA,4.5,133
이탈리아,로마,맛집,Afrish,41.8943525,12.492477,ChIJdVMXUAphLxMRGPVUOuIxoq0,https://maps.google.com/?cid=12511617562499675416&g_mp=CiVnb29nbGUubWFwcy5wbGFjZXMudjEuUGxhY2VzLkdldFBsYWNlEAIYBCAA,4.4,133
체코,프라하,카페,art Cafe,50.0876501,14.4062345,ChIJyxOtfBiVC0cRSobq6dEP6lY,https://maps.google.com/?cid=6262835626059138634&g_mp=CiVnb29nbGUubWFwcy5wbGFjZXMudjEuUGxhY2VzLkdldFBsYWNlEAIYBCAA,4.7,132
호주,퍼스,카페,Hangout on Hay,-31.9475091,115.8280249,ChIJn3Ka0XilMioR1sP0cTfd9qg,https://maps.google.com/?cid=12175161872847520726&g_mp=CiVnb29nbGUubWFwcy5wbGFjZXMudjEuUGxhY2VzLkdldFBsYWNlEAIYBCAA,4.5,132
대한민국,서울,박물관/미술관,Yanggu Humanities Museum,38.1219539,127.9812843,ChIJR_rLCmF9YjURudts8Hg0L1s,https://maps.google.com/?cid=6570528075391228857&g_mp=CiVnb29nbGUubWFwcy5wbGFjZXMudjEuUGxhY2VzLkdldFBsYWNlEAIYBCAA,4.3,132
호주,멜버른,명소,Federation Bells,-37.8187567,144.9741493,ChIJX5G0s7lC1moR3SfbKlnoLZE,https://maps.google.com/?cid=10461272979120269277&g_mp=CiVnb29nbGUubWFwcy5wbGFjZXMudjEuUGxhY2VzLkdldFBsYWNlEAIYBCAA,4.3,132
이탈리아,베네치아,맛집,DA GRAZIANO,45.4104259,12.3730609,ChIJWZ6au6WvfkcRbK759p4d7Dw,https://maps.google.com/?cid=4389916305364987500&g_mp=CiVnb29nbGUubWFwcy5wbGFjZXMudjEuUGxhY2VzLkdldFBsYWNlEAIYBCAA,4.3,132
일본,오사카,맛집,Bar Heaven,34.670839,135.502227,ChIJ-cpGBBTnAGARdKwT5ji1RQ4,https://maps.google.com/?cid=1028427345906871412&g_mp=CiVnb29nbGUubWFwcy5wbGFjZXMudjEuUGxhY2VzLkdldFBsYWNlEAIYBCAA,4.1,132
베트남,다낭,카페,V7 Tab Coffee,16.058131,108.2222039,ChIJna6hEgAZQjERzq_f5y77Qug,https://maps.google.com/?cid=16736215344139448270&g_mp=CiVnb29nbGUubWFwcy5wbGFjZXMudjEuUGxhY2VzLkdldFBsYWNlEAIYBCAA,4.8,131
대한민국,서울,박물관/미술관,Yongsan History Museum,37.5257821,126.9656699,ChIJm2bKPJCjfDURBCls29xXP3c,https://maps.google.com/?cid=8592683220131916036&g_mp=CiVnb29nbGUubWFwcy5wbGFjZXMudjEuUGxhY2VzLkdldFBsYWNlEAIYBCAA,4.7,130
이탈리아,로마,맛집,La Congrega Bistrot - Ristorante Georgiano,41.9030824,12.4934025,ChIJhfQWb4lhLxMR2XPhq-Hw-fs,https://maps.google.com/?cid=18156808224762852313&g_mp=CiVnb29nbGUubWFwcy5wbGFjZXMudjEuUGxhY2VzLkdldFBsYWNlEAIYBCAA,4.5,130
이탈리아,로마,맛집,Damasco,41.9007485,12.5137651,ChIJPTh4FZxhLxMRhrKJ9_z8SfI,https://maps.google.com/?cid=17458763593893393030&g_mp=CiVnb29nbGUubWFwcy5wbGFjZXMudjEuUGxhY2VzLkdldFBsYWNlEAIYBCAA,4.6,129
프랑스,파리,자연/힐링,Lac de Saint-Mandé,48.8418593,2.423213,ChIJRYE4Ko5y5kcRmea8UlMQgok,https://maps.google.com/?cid=9908500080224954009&g_mp=CiVnb29nbGUubWFwcy5wbGFjZXMudjEuUGxhY2VzLkdldFBsYWNlEAIYBCAA,4.6,129
호주,시드니,카페,Cafe Nookie,-33.8897585,151.2075907,ChIJj-_Ant-xEmsRjTraYZs_26I,https://maps.google.com/?cid=11735043190638131853&g_mp=CiVnb29nbGUubWFwcy5wbGFjZXMudjEuUGxhY2VzLkdldFBsYWNlEAIYBCAA,4.8,128
이탈리아,피렌체,명소,Oratorio di Santa Caterina delle Ruote,43.7382893,11.309587,ChIJfbAKHQpTKhMRQS1ekTKAuQ4,https://maps.google.com/?cid=1061020141898050881&g_mp=CiVnb29nbGUubWFwcy5wbGFjZXMudjEuUGxhY2VzLkdldFBsYWNlEAIYBCAA,4.7,128
일본,오사카,명소,Water Clock,34.7017453,135.4966345,ChIJJUL6Yo3mAGARW5VrwxAFI1c,https://maps.google.com/?cid=6278867875040826715&g_mp=CiVnb29nbGUubWFwcy5wbGFjZXMudjEuUGxhY2VzLkdldFBsYWNlEAIYBCAA,4.4,128
베트남,다낭,자연/힐링,Toc Tien Waterfall station,16.02693,108.0310383,ChIJ2dQQiA72QTERnSn0QjUDJiw,https://maps.google.com/?cid=3181233714075281821&g_mp=CiVnb29nbGUubWFwcy5wbGFjZXMudjEuUGxhY2VzLkdldFBsYWNlEAIYBCAA,4.4,127
이탈리아,베네치아,명소,Parrocchia dei Santi Gervasio e Protasio (San Trovaso),45.4306037,12.3258464,ChIJWwqFz82xfkcRIlgJql2ukqM,https://maps.google.com/?cid=11786674892089940002&g_mp=CiVnb29nbGUubWFwcy5wbGFjZXMudjEuUGxhY2VzLkdldFBsYWNlEAIYBCAA,4.3,127
이탈리아,베네치아,카페,In Dolce Piazza Snc,45.5248668,12.1544821,ChIJYzeIkKq1fkcRYc-xidhx2Rw,https://maps.google.com/?cid=2078817877845200737&g_mp=CiVnb29nbGUubWFwcy5wbGFjZXMudjEuUGxhY2VzLkdldFBsYWNlEAIYBCAA,4.3,127
호주,퍼스,카페,Coffee Anatomy,-31.9681935,115.8139936,ChIJ1eLGLP6kMioRZMxigo-2sGQ,https://maps.google.com/?cid=7255499727177960548&g_mp=CiVnb29nbGUubWFwcy5wbGFjZXMudjEuUGxhY2VzLkdldFBsYWNlEAIYBCAA,4.1,127
태국,방콕,맛집,Sam chicken shawarma,13.7511742,100.5041427,ChIJf1UZ3x-Z4jARg3Ao7qvVhGw,https://maps.google.com/?cid=7819609787433775235&g_mp=CiVnb29nbGUubWFwcy5wbGFjZXMudjEuUGxhY2VzLkdldFBsYWNlEAIYBCAA,4.7,126
오스트리아,빈,카페,Schalom Food,48.2175019,16.3829103,ChIJw8yFZIgHbUcRqBIdy0qwAnA,https://maps.google.com/?cid=8071207317483098792&g_mp=CiVnb29nbGUubWFwcy5wbGFjZXMudjEuUGxhY2VzLkdldFBsYWNlEAIYBCAA,4.5,126
이탈리아,로마,맛집,I Colori del Vino,41.9064697,12.4960379,ChIJWecV-KdhLxMR1iqUc9aw1SQ,https://maps.google.com/?cid=2654221990513355478&g_mp=CiVnb29nbGUubWFwcy5wbGFjZXMudjEuUGxhY2VzLkdldFBsYWNlEAIYBCAA,4.4,126
이탈리아,로마,명소,Giocomania,41.8559886,12.4826541,ChIJDQ1GinuLJRMRMBJ3QLu5boc,https://maps.google.com/?cid=9758941656450011696&g_mp=CiVnb29nbGUubWFwcy5wbGFjZXMudjEuUGxhY2VzLkdldFBsYWNlEAIYBCAA,4.3,126
프랑스,파리,명소,Carousel of Park Monceau,48.8799018,2.3096676,ChIJl2zWALlv5kcRXbxyxK6DaiE,https://maps.google.com/?cid=2407881737426353245&g_mp=CiVnb29nbGUubWFwcy5wbGFjZXMudjEuUGxhY2VzLkdldFBsYWNlEAIYBCAA,4.2,126
대한민국,부산,박물관/미술관,조선통신사역사관,35.1357287,129.0621288,ChIJw5CXZ4XraDURV-Eb_44omEU,https://maps.google.com/?cid=5014802779707531607&g_mp=CiVnb29nbGUubWFwcy5wbGFjZXMudjEuUGxhY2VzLkdldFBsYWNlEAIYBCAA,4.1,126
대한민국,부산,맛집,나룻터국수,35.1691598,129.1207932,ChIJYw0X1siSaDUR1nAo-FeAajI,https://maps.google.com/?cid=3632857164741636310&g_mp=CiVnb29nbGUubWFwcy5wbGFjZXMudjEuUGxhY2VzLkdldFBsYWNlEAIYBCAA,4,126
호주,멜버른,카페,Auntie Mai's Vietnamese Cafe,-37.8059443,144.9776382,ChIJYWw1fttC1moRsB6eHSuyHbA,https://maps.google.com/?cid=12690495223250165424&g_mp=CiVnb29nbGUubWFwcy5wbGFjZXMudjEuUGxhY2VzLkdldFBsYWNlEAIYBCAA,4.5,125
영국,런던,카페,Afternoon Tea at The Montague on The Gardens,51.5201426,-0.125583,ChIJcz_X1zMbdkgRY90Ob_7ln-A,https://maps.google.com/?cid=16185908466740551011&g_mp=CiVnb29nbGUubWFwcy5wbGFjZXMudjEuUGxhY2VzLkdldFBsYWNlEAIYBCAA,4.2,125
독일,뮌헨,맛집,Carlitos Minibar,48.1257902,11.5791942,ChIJnaxTuWXfnUcRnz2AHLjhcvo,https://maps.google.com/?cid=18046734837695397279&g_mp=CiVnb29nbGUubWFwcy5wbGFjZXMudjEuUGxhY2VzLkdldFBsYWNlEAIYBCAA,4.8,124
호주,멜버른,카페,Airflow Coffee Co,-37.8098202,144.9567087,ChIJw8H_lNFd1moRKlphfjqEPVw,https://maps.google.com/?cid=6646614011831999018&g_mp=CiVnb29nbGUubWFwcy5wbGFjZXMudjEuUGxhY2VzLkdldFBsYWNlEAIYBCAA,4.7,124
영국,런던,역사,Buxton Memorial,51.4961237,-0.1247493,ChIJvxw_ucMEdkgRdqeQu1z-mLk,https://maps.google.com/?cid=13373718767713953654&g_mp=CiVnb29nbGUubWFwcy5wbGFjZXMudjEuUGxhY2VzLkdldFBsYWNlEAIYBCAA,4.3,124
베트남,다낭,카페,Bacama Coffee & More,16.0779018,108.2150926,ChIJZe22c-AZQjER8LFpY6TUlA0,https://maps.google.com/?cid=978640821553836528&g_mp=CiVnb29nbGUubWFwcy5wbGFjZXMudjEuUGxhY2VzLkdldFBsYWNlEAIYBCAA,4.9,123
호주,퍼스,카페,Leeway Coffee,-31.9536913,115.8577325,ChIJ9d8RhUi7MioR5X7OmxNXWZw,https://maps.google.com/?cid=11266131684574002917&g_mp=CiVnb29nbGUubWFwcy5wbGFjZXMudjEuUGxhY2VzLkdldFBsYWNlEAIYBCAA,4.9,123
오스트리아,빈,카페,ANKER,48.2123685,16.369256,ChIJx4Aj7qIHbUcRjlBXMoQOgB8,https://maps.google.com/?cid=2269830173137784974&g_mp=CiVnb29nbGUubWFwcy5wbGFjZXMudjEuUGxhY2VzLkdldFBsYWNlEAIYBCAA,4.2,123
베트남,다낭,카페,Cà Phê Cô Hà,16.0331886,108.2154538,ChIJMxK9hF8ZQjERrjyBWcf7_LE,https://maps.google.com/?cid=12825402672463035566&g_mp=CiVnb29nbGUubWFwcy5wbGFjZXMudjEuUGxhY2VzLkdldFBsYWNlEAIYBCAA,4.6,122
스페인,바르셀로나,맛집,Hugo’s Diner,41.3914487,2.182799,ChIJT1BWoRGjpBIRlhh9IpitOW8,https://maps.google.com/?cid=8014627880807766166&g_mp=CiVnb29nbGUubWFwcy5wbGFjZXMudjEuUGxhY2VzLkdldFBsYWNlEAIYBCAA,4.5,122
일본,도쿄,카페,BASE CAMP,35.7022114,139.7539197,ChIJ0yEYvTONGGARdrgMhFNR7oA,https://maps.google.com/?cid=9290452500451473526&g_mp=CiVnb29nbGUubWFwcy5wbGFjZXMudjEuUGxhY2VzLkdldFBsYWNlEAIYBCAA,4.3,122
스위스,인터라켄,맛집,Gasthof Rosegg,46.8124347,7.8899226,ChIJU87JWze5j0cRfefAN4gxpn4,https://maps.google.com/?cid=9126036156033591165&g_mp=CiVnb29nbGUubWFwcy5wbGFjZXMudjEuUGxhY2VzLkdldFBsYWNlEAIYBCAA,4.3,122
스위스,인터라켄,카페,Bäckerei & Konditorei Felder - Tea Room,46.6888864,7.6782969,ChIJrXucgi2sj0cRpfv9U0rdHIs,https://maps.google.com/?cid=10024130181926353829&g_mp=CiVnb29nbGUubWFwcy5wbGFjZXMudjEuUGxhY2VzLkdldFBsYWNlEAIYBCAA,4.3,121
대한민국,부산,명소,Busan Chinatown,35.1140138,129.0374749,ChIJvffnEv7paDURuMJq4aSXQKo,https://maps.google.com/?cid=12267972119369532088&g_mp=CiVnb29nbGUubWFwcy5wbGFjZXMudjEuUGxhY2VzLkdldFBsYWNlEAIYBCAA,4.1,121
대한민국,서울,카페,카페지오 CAFE GIO,37.5525385,126.9680193,ChIJn8J0mWWifDURpjybGaLDKsk,https://maps.google.com/?cid=14495613451627084966&g_mp=CiVnb29nbGUubWFwcy5wbGFjZXMudjEuUGxhY2VzLkdldFBsYWNlEAIYBCAA,4.8,118
호주,퍼스,맛집,Palmyra Western Farmers Market,-32.045124,115.785231,ChIJJ5m73LmjMioRYxW_1ici7-8,https://maps.google.com/?cid=17289075049000539491&g_mp=CiVnb29nbGUubWFwcy5wbGFjZXMudjEuUGxhY2VzLkdldFBsYWNlEAIYBCAA,4.6,118
체코,프라하,카페,Café & Cukrárna,50.0924081,14.4801552,ChIJVSXmBUWTC0cR_iQ4uRUFXmM,https://maps.google.com/?cid=7160166048425583870&g_mp=CiVnb29nbGUubWFwcy5wbGFjZXMudjEuUGxhY2VzLkdldFBsYWNlEAIYBCAA,4.5,118
독일,베를린,카페,Barachel Café,52.5255655,13.4037392,ChIJcyTCegBRqEcRHLHekDETgKU,https://maps.google.com/?cid=11925552916881912092&g_mp=CiVnb29nbGUubWFwcy5wbGFjZXMudjEuUGxhY2VzLkdldFBsYWNlEAIYBCAA,4.4,118
대한민국,제주도,해변,삼양검은모래해변,33.5260115,126.5863872,ChIJRV5savXiDDURANLDKYsqDMM,https://maps.google.com/?cid=14054655314305995264&g_mp=CiVnb29nbGUubWFwcy5wbGFjZXMudjEuUGxhY2VzLkdldFBsYWNlEAIYBCAA,4.3,118
체코,프라하,카페,Project FOX,50.0927856,14.4890672,ChIJl__VIT2TC0cR1qouDni_eBo,https://maps.google.com/?cid=1907484964546325206&g_mp=CiVnb29nbGUubWFwcy5wbGFjZXMudjEuUGxhY2VzLkdldFBsYWNlEAIYBCAA,5,117
베트남,다낭,맛집,Westwood Da Nang,16.0474663,108.2350925,ChIJ8SbIr4MZQjERbUNNnOBslSk,https://maps.google.com/?cid=2996420839035716461&g_mp=CiVnb29nbGUubWFwcy5wbGFjZXMudjEuUGxhY2VzLkdldFBsYWNlEAIYBCAA,4.9,117
대한민국,부산,카페,mochi plaisir,35.1539621,129.111192,ChIJaS5HitfsaDURjyFrnsiljyI,https://maps.google.com/?cid=2490391400029036943&g_mp=CiVnb29nbGUubWFwcy5wbGFjZXMudjEuUGxhY2VzLkdldFBsYWNlEAIYBCAA,4.6,117
일본,도쿄,카페,Daimatsu Bakery,35.7298159,139.7250586,ChIJids0bnGNGGARyld7H6l9PHk,https://maps.google.com/?cid=8735995542523041738&g_mp=CiVnb29nbGUubWFwcy5wbGFjZXMudjEuUGxhY2VzLkdldFBsYWNlEAIYBCAA,4.4,117
대한민국,서울,맛집,명동찌개마을 상도점,37.5046861,126.9383643,ChIJB48PgnGffDUR5stHsuWIN78,https://maps.google.com/?cid=13778632105083259878&g_mp=CiVnb29nbGUubWFwcy5wbGFjZXMudjEuUGxhY2VzLkdldFBsYWNlEAIYBCAA,4,117
베트남,호치민,카페,Karabica Specialty Coffee,10.792234,106.6663992,ChIJvwXk2SopdTER5D4L80I5GIw,https://maps.google.com/?cid=10094881524459192036&g_mp=CiVnb29nbGUubWFwcy5wbGFjZXMudjEuUGxhY2VzLkdldFBsYWNlEAIYBCAA,4.7,116
이탈리아,피렌체,맛집,Caffe' Costagli Di Sas Pasqualetti Patrizia & C.,43.73035,10.807555,ChIJG2RV2ftvKhMR7ufaDRcBfuw,https://maps.google.com/?cid=17041059238544861166&g_mp=CiVnb29nbGUubWFwcy5wbGFjZXMudjEuUGxhY2VzLkdldFBsYWNlEAIYBCAA,4.6,116
영국,런던,역사,Commonwealth Memorial Gates,51.5026259,-0.1490367,ChIJ1wXapCUFdkgRZHDwQ88MZKs,https://maps.google.com/?cid=12350010162494337124&g_mp=CiVnb29nbGUubWFwcy5wbGFjZXMudjEuUGxhY2VzLkdldFBsYWNlEAIYBCAA,4.5,116
스페인,바르셀로나,명소,Plaça d'Emili Vendrell,41.381318,2.1669759,ChIJ2Qb6ePWipBIRB2s1DDjeAVY,https://maps.google.com/?cid=6197478894542875399&g_mp=CiVnb29nbGUubWFwcy5wbGFjZXMudjEuUGxhY2VzLkdldFBsYWNlEAIYBCAA,4.1,116
일본,도쿄,맛집,鮨 赫 sushi AKA Tokyo,35.6930438,139.7080003,ChIJwcPH_yuNGGARXeLIxnanAoU,https://maps.google.com/?cid=9584407085580870237&g_mp=CiVnb29nbGUubWFwcy5wbGFjZXMudjEuUGxhY2VzLkdldFBsYWNlEAIYBCAA,4.9,116
일본,오사카,카페,Makana Coffee Roasters Tosabori Store,34.688994,135.491555,ChIJfc11h8fnAGARzWql6mOO-u8,https://maps.google.com/?cid=17292290279032056525&g_mp=CiVnb29nbGUubWFwcy5wbGFjZXMudjEuUGxhY2VzLkdldFBsYWNlEAIYBCAA,4.6,115
일본,오사카,맛집,CENTRUM Grill & Wine,34.7000386,135.4960035,ChIJ7yAsPjbnAGARrq77vGIhp4w,https://maps.google.com/?cid=10135106194381713070&g_mp=CiVnb29nbGUubWFwcy5wbGFjZXMudjEuUGxhY2VzLkdldFBsYWNlEAIYBCAA,4.4,115
대한민국,서울,박물관/미술관,Ewha Womans University Natural History Museum,37.5606592,126.9477522,ChIJaS2QWYSYfDURxseTIQ_ja-E,https://maps.google.com/?cid=16243326135169173446&g_mp=CiVnb29nbGUubWFwcy5wbGFjZXMudjEuUGxhY2VzLkdldFBsYWNlEAIYBCAA,4.4,114
태국,방콕,역사,World War I Volunteer Monument,13.7582073,100.493283,ChIJr1UBJw2Z4jARZ5tidTivoDA,https://maps.google.com/?cid=3503993167116671847&g_mp=CiVnb29nbGUubWFwcy5wbGFjZXMudjEuUGxhY2VzLkdldFBsYWNlEAIYBCAA,4,114
대한민국,부산,맛집,칠성통닭,35.1621046,129.1109132,ChIJi1pvPdXsaDURfgsoJbgZNSQ,https://maps.google.com/?cid=2609019837819128702&g_mp=CiVnb29nbGUubWFwcy5wbGFjZXMudjEuUGxhY2VzLkdldFBsYWNlEAIYBCAA,4.1,113
대한민국,부산,맛집,연돼지국밥 범천점,35.1468145,129.0618251,ChIJg-HRZZHraDURn_NJuqYB8ik,https://maps.google.com/?cid=3022480115520631711&g_mp=CiVnb29nbGUubWFwcy5wbGFjZXMudjEuUGxhY2VzLkdldFBsYWNlEAIYBCAA,4.4,112
독일,뮌헨,카페,IL CHIOSCO,48.119024,11.5840289,ChIJ24pZIgTfnUcRwkaroyl42wc,https://maps.google.com/?cid=566178298400032450&g_mp=CiVnb29nbGUubWFwcy5wbGFjZXMudjEuUGxhY2VzLkdldFBsYWNlEAIYBCAA,4.9,112
호주,시드니,명소,Sub Base Platypus,-33.8440857,151.2169267,ChIJVY3BU0OvEmsRs16rv1D9VDA,https://maps.google.com/?cid=3482686935119126195&g_mp=CiVnb29nbGUubWFwcy5wbGFjZXMudjEuUGxhY2VzLkdldFBsYWNlEAIYBCAA,4.5,109
베트남,다낭,카페,CYA Board Game & Cafe,16.0643556,108.2205768,ChIJA211gUcYQjERM99cWT2I70w,https://maps.google.com/?cid=5543799463390011187&g_mp=CiVnb29nbGUubWFwcy5wbGFjZXMudjEuUGxhY2VzLkdldFBsYWNlEAIYBCAA,4.4,109
호주,시드니,카페,Jaya Espresso,-33.8795754,151.1938223,ChIJu4MVkCavEmsRc_2i30x2teI,https://maps.google.com/?cid=16336093295897935219&g_mp=CiVnb29nbGUubWFwcy5wbGFjZXMudjEuUGxhY2VzLkdldFBsYWNlEAIYBCAA,4.6,108
독일,뮌헨,맛집,Thali (A Modern Plate of India),48.1340067,11.5650246,ChIJ5eHqL9LfnUcRLMiqi14DJDY,https://maps.google.com/?cid=3901246881814726700&g_mp=CiVnb29nbGUubWFwcy5wbGFjZXMudjEuUGxhY2VzLkdldFBsYWNlEAIYBCAA,4.4,108
대한민국,제주,맛집,제주 우대(jeju woodae),33.4862182,126.484398,ChIJDXeaDgD7DDUR5VliZEJTVGo,https://maps.google.com/?cid=7661840410681170405&g_mp=CiVnb29nbGUubWFwcy5wbGFjZXMudjEuUGxhY2VzLkdldFBsYWNlEAIYBCAA,4.9,108
대한민국,서울,맛집,Café de Nusi,37.5542194,126.9766875,ChIJg52Hw_-jfDURnaWPge8sRjo,https://maps.google.com/?cid=4199093109752047005&g_mp=CiVnb29nbGUubWFwcy5wbGFjZXMudjEuUGxhY2VzLkdldFBsYWNlEAIYBCAA,4.5,107
체코,프라하,박물관/미술관,Nuclear Bunker,50.0842732,14.4580021,ChIJlYevlJuTC0cRBR5RKX6Vj1s,https://maps.google.com/?cid=6597656348212665861&g_mp=CiVnb29nbGUubWFwcy5wbGFjZXMudjEuUGxhY2VzLkdldFBsYWNlEAIYBCAA,4.2,107
대한민국,부산,박물관/미술관,동래읍성역사관,35.2090901,129.0896405,ChIJK1Vi0Z-TaDUR7BS7mxhUP_k,https://maps.google.com/?cid=17960166303645504748&g_mp=CiVnb29nbGUubWFwcy5wbGFjZXMudjEuUGxhY2VzLkdldFBsYWNlEAIYBCAA,4.4,106
영국,런던,맛집,Firecracker Restaurant (Kennington),51.4873552,-0.1116654,ChIJWfSl4JMEdkgRVoXVeAO227w,https://maps.google.com/?cid=13608670825058501974&g_mp=CiVnb29nbGUubWFwcy5wbGFjZXMudjEuUGxhY2VzLkdldFBsYWNlEAIYBCAA,4.3,106
대한민국,부산,박물관/미술관,동삼동패총전시관,35.0712598,129.0797817,ChIJMUaaONDuaDURMr4xqmUTd5E,https://maps.google.com/?cid=10481867985096130098&g_mp=CiVnb29nbGUubWFwcy5wbGFjZXMudjEuUGxhY2VzLkdldFBsYWNlEAIYBCAA,4.1,106
프랑스,파리,맛집,Apycem,48.8562743,2.3591689,ChIJEzIXR79v5kcRmgnhnDNg150,https://maps.google.com/?cid=11373665158739069338&g_mp=CiVnb29nbGUubWFwcy5wbGFjZXMudjEuUGxhY2VzLkdldFBsYWNlEAIYBCAA,4.8,105
일본,도쿄,맛집,HAKUSAN PIZZA,35.7190469,139.7494641,ChIJtXFfTrSNGGARmlRTSzticFM,https://maps.google.com/?cid=6012413509345957018&g_mp=CiVnb29nbGUubWFwcy5wbGFjZXMudjEuUGxhY2VzLkdldFBsYWNlEAIYBCAA,4.1,105
태국,방콕,카페,Café Amazon,13.767407,100.5277652,ChIJOXyRE02Z4jAReRNsu4GDp2A,https://maps.google.com/?cid=6964679941970203513&g_mp=CiVnb29nbGUubWFwcy5wbGFjZXMudjEuUGxhY2VzLkdldFBsYWNlEAIYBCAA,4,105
영국,런던,카페,Cafe L'Express,51.5106985,-0.1467138,ChIJ91bu9SsFdkgRLsQne6-Yw90,https://maps.google.com/?cid=15979783782293554222&g_mp=CiVnb29nbGUubWFwcy5wbGFjZXMudjEuUGxhY2VzLkdldFBsYWNlEAIYBCAA,4.6,104
스페인,바르셀로나,역사,Monument a la Sardana,41.3679683,2.1686943,ChIJgwxsmUOipBIRvF35KucSglY,https://maps.google.com/?cid=6233565618301918652&g_mp=CiVnb29nbGUubWFwcy5wbGFjZXMudjEuUGxhY2VzLkdldFBsYWNlEAIYBCAA,4.3,104
대한민국,서울,맛집,82올리언즈 강남점,37.5008756,127.0286725,ChIJAShsNl-hfDURqgDleAxPt_o,https://maps.google.com/?cid=18065995345206509738&g_mp=CiVnb29nbGUubWFwcy5wbGFjZXMudjEuUGxhY2VzLkdldFBsYWNlEAIYBCAA,4.7,103
일본,오사카,카페,Brooklyn Roasting Company,34.6738473,135.5009574,ChIJbf0qgkbnAGARWXgXtpn5xOg,https://maps.google.com/?cid=16772805350814873689&g_mp=CiVnb29nbGUubWFwcy5wbGFjZXMudjEuUGxhY2VzLkdldFBsYWNlEAIYBCAA,4.6,103
호주,시드니,자연/힐링,Parramatta River,-33.8344427,151.0923358,ChIJ_2XLnCGlEmsR92Y2tSkTUrw,https://maps.google.com/?cid=13569929697075554039&g_mp=CiVnb29nbGUubWFwcy5wbGFjZXMudjEuUGxhY2VzLkdldFBsYWNlEAIYBCAA,4.6,103
독일,베를린,명소,Mahnmal Der verlassene Raum,52.528542,13.3977318,ChIJGelHnHZRqEcR1aHBKO-2WRU,https://maps.google.com/?cid=1538461886020952533&g_mp=CiVnb29nbGUubWFwcy5wbGFjZXMudjEuUGxhY2VzLkdldFBsYWNlEAIYBCAA,4.4,103
대한민국,서울,맛집,The Table Cheongjin Taproom,37.5717204,126.9809841,ChIJR4F5KMOjfDUR_q1zNCmnKVU,https://maps.google.com/?cid=6136619762684505598&g_mp=CiVnb29nbGUubWFwcy5wbGFjZXMudjEuUGxhY2VzLkdldFBsYWNlEAIYBCAA,4.1,103
이탈리아,베네치아,명소,Misericordia di Venezia,45.4434585,12.3345251,ChIJrajoIyaxfkcRvrHLiBZn9vk,https://maps.google.com/?cid=18011697106196869566&g_mp=CiVnb29nbGUubWFwcy5wbGFjZXMudjEuUGxhY2VzLkdldFBsYWNlEAIYBCAA,4.8,102
대한민국,부산,박물관/미술관,삼진어묵체험역사관,35.0929647,129.042794,ChIJs2gOUIfpaDUR-U-YCdO8TAA,https://maps.google.com/?cid=21599712815108089&g_mp=CiVnb29nbGUubWFwcy5wbGFjZXMudjEuUGxhY2VzLkdldFBsYWNlEAIYBCAA,4.5,102
대한민국,서울,맛집,서울한우 남대문점,37.5607749,126.9794415,ChIJbZ4vfgCjfDURgeMR719Ole4,https://maps.google.com/?cid=17191733326496523137&g_mp=CiVnb29nbGUubWFwcy5wbGFjZXMudjEuUGxhY2VzLkdldFBsYWNlEAIYBCAA,4.9,101
호주,멜버른,맛집,9 Face Thai Cuisine,-37.798137,144.9465379,ChIJOelfMDtd1moRy04aDfyfE0E,https://maps.google.com/?cid=4689267541923221195&g_mp=CiVnb29nbGUubWFwcy5wbGFjZXMudjEuUGxhY2VzLkdldFBsYWNlEAIYBCAA,4.4,102
독일,뮌헨,카페,Bäckerei Aumüller,48.128438,11.6011082,ChIJTzx5oIHfnUcR0KFkXRUvScI,https://maps.google.com/?cid=13999772685465592272&g_mp=CiVnb29nbGUubWFwcy5wbGFjZXMudjEuUGxhY2VzLkdldFBsYWNlEAIYBCAA,4.6,100
이탈리아,로마,자연/힐링,Lago dell'EUR,41.8290209,12.4648169,ChIJB8G5gx6LJRMRpw6_O4XoyG0,https://maps.google.com/?cid=7910828404406947495&g_mp=CiVnb29nbGUubWFwcy5wbGFjZXMudjEuUGxhY2VzLkdldFBsYWNlEAIYBCAA,4.5,100
오스트리아,빈,카페,Schlosscafé,48.120966,16.3427135,ChIJazE3OjCpbUcRChtviZksY4o,https://maps.google.com/?cid=9971863037875788554&g_mp=CiVnb29nbGUubWFwcy5wbGFjZXMudjEuUGxhY2VzLkdldFBsYWNlEAIYBCAA,4.2,100
대한민국,부산,명소,태종대유원지,35.05308,129.0872,ChIJOfX1e0zpaDURWq5Hp5x4-SM,https://maps.app.goo.gl/Uffmo6upFAN38koX6,4.4,4752
대한민국,제주도,자연/힐링,한라산 백록담,33.3628,126.5336,ChIJFclciE__DDURe2fEb3p4Bjg,https://maps.app.goo.gl/2t73L2UzSsBonxAf6,4.9,114
일본,도쿄,명소,도쿄타워,35.65871995,139.7454222,ChIJCewJkL2LGGAR3Qmk0vCTGkg,https://maps.app.goo.gl/4rLNjSPDABMhsPecA,4.5,92793
일본,도쿄,역사,메이지신궁,35.67662417,139.6994117,ChIJ5SZMmreMGGARcz8QSTiJyo8,https://maps.app.goo.gl/KFTyvcBV4frij2yZ9,4.6,47798
일본,오사카,명소,글리코사인,34.66910395,135.5010672,ChIJ6XHOkxTnAGARvyn92D4gWVs,https://maps.app.goo.gl/hy2VByU6DWbS6jAT8,4.5,17051
태국,방콕,명소,왓 포,13.7466217,100.492784,ChIJgcxFcQWZ4jARLsIR9Qia9H0,https://maps.app.goo.gl/kf5PC5SiKkLLNrF2A,4.7,36388
태국,방콕,명소,왓 아룬,13.74416222,100.4884655,ChIJaSv_6gaZ4jARnbiUVn6Z_YY,https://maps.app.goo.gl/RzTVs4mpaCakuEis8,4.7,43019
베트남,호치민,명소,랜드마크81,10.79523833,106.7223857,ChIJEQnz-MIndTERzRrJ-HNQrDY,https://maps.app.goo.gl/efajHPWqd8Buqmqx5,4.6,20215
베트남,호치민,역사,노트르담 대성당,12.13125161,107.4418093,ChIJUSTY5jcvdTERRVvtbJNZT-g,https://maps.app.goo.gl/UJhyrUFgWUF6qoCZ7,4.4,27584
베트남,다낭,명소,마블마운틴,16.00390633,108.2632892,ChIJ2y5L4dQNQjERxeSLc68fbrw,https://maps.app.goo.gl/4hCyGpPFZxgaXbmp7,4.4,37949
베트남,다낭,명소,Dragon Bridge,16.06410071,108.2288274,ChIJL1GKWJYZQjERLrEGqlK2kwQ,https://maps.app.goo.gl/5ueUnLh2NVW6JWTq5,4.5,6671
호주,시드니,명소,시드니 오페라 하우스,-33.85664182,151.2158224,ChIJ3S-JXmauEmsRUcIaWtf4MzE,https://maps.app.goo.gl/4ZYkB3fKU63Pyu837,4.8,89190
호주,시드니,해변,본다이비치,-33.8913519,151.2767052,ChIJx4FyRJytEmsReOktxgkYwyA,https://maps.app.goo.gl/Fv68Zr3nPpT5DYMX8,4.6,5331
호주,멜버른,역사,세인트 패트릭 대성당,-37.80987136,144.9765025,ChIJq5z0TsRC1moRoPbHvgub8is,https://maps.app.goo.gl/u4ucJ4zpmCbJMgKD9,4.7,3985
호주,멜버른,박물관/미술관,왕립전시관,-37.80448563,144.9719291,ChIJcd7_l9lC1moRN3U9OQmxoEQ,https://maps.app.goo.gl/k9hx2dRX9qrWRDpd9,4.6,6345
호주,퍼스,명소,벨타워,-31.95720506,115.8587783,ChIJo28cfCm7MioRToYv2-GHZ5Y,https://maps.app.goo.gl/GZHCPXGFX1xMZo4e9,4.3,2574
호주,퍼스,명소,The Perth Mint,-31.95662981,115.8694586,ChIJ4wh-xSa7MioRcDYSDjoZNls,https://maps.app.goo.gl/Xcbrg3pGWyjk2mnF6,4.3,1417
프랑스,파리,명소,에펠탑,48.85849109,2.29454634,ChIJLU7jZClu5kcR4PcOOO6p3I0,https://maps.app.goo.gl/yfJiFvXf71nn92Ry5,4.7,477600
프랑스,파리,박물관/미술관,루브르 박물관,48.8607804,2.337901477, ChIJD3uTd9hx5kcR1IQvGfr8dbk,https://maps.app.goo.gl/P3EMeVFg6hsPs74P9,4.7,360761
네덜란드,암스테르담,박물관/미술관,암스테르담 국립미술관,52.36020069,4.88501495,ChIJ5Ra7we4JxkcRhYVAaq5zQ9U,https://maps.app.goo.gl/yCpc4guEWRFMeg3P7,4.7,109259
네덜란드,암스테르담,역사,네덜란드 왕궁,52.37328172,4.891343611,ChIJ7Z3p3y-3xUcRSlbLwLHm8Y8,https://maps.app.goo.gl/7c6iL3bpEK77yc5A7,4.6,25835
독일,베를린,역사,Berlin Wall Memorial,52.53514996,13.39024344,ChIJZ0KxF_JRqEcRrLHB-4r-U-o,https://maps.app.goo.gl/7yC63VzvNXWXJsXV8,4.6,45131
독일,뮌헨,역사,노이슈반슈타인성,47.55792766,10.7497417,ChIJXaNOxMr3nEcRo7ud02uGpsg,https://maps.app.goo.gl/zrpedYXpaJXgUZYB6,4.6,109060
독일,뮌헨,명소,알리안츠아레나,48.21893122,11.62464587,ChIJHyWKEoVznkcRI8QyjkJgTe0,https://maps.app.goo.gl/cYnGEg81685rhTJe7,4.6,83695
오스트리아,빈,박물관/미술관,빈 자연사 박물관,48.20535498,16.35969489,ChIJnQAHwZAHbUcRycXUTr8uocQ,https://maps.app.goo.gl/GebHGveu5ox96cy98,4.8,41181
오스트리아,빈,역사,슈테판 대성당,48.20856867,16.37343851,ChIJz-w_Ip8HbUcRWTHc-vNXlxc,https://maps.app.goo.gl/VjAYVBLk7xNeBHFe7,4.7,131052
스위스,인터라켄,명소,Jungfraujoch,46.54892491,7.981201261,ChIJ5bMOBCiej0cR63mRLDgOics,https://maps.app.goo.gl/XhkCLftFVZm1h5zU9,4.5,2811
이탈리아,베네치아,광장,산마르코 광장,45.43428716,12.33857897,ChIJiYRBbtexfkcRG_b_RJa70AI,https://maps.app.goo.gl/99r4AAjLicTv1KKC9,4.7,191121
이탈리아,베네치아,명소,리알토 다리,45.43802181,12.3359731,ChIJOzqj-sexfkcRicyOKaERIHM,https://maps.app.goo.gl/Zcrzp6dGF47AK1Jf9,4.7,188459
이탈리아,피렌체,역사,피렌체 대성당,43.77335414,11.25601384,ChIJ9S_ivwNUKhMR9fGqh4RDkVU,https://maps.app.goo.gl/syK5nyCqSUniw8eUA,4.8,106680
이탈리아,피렌체,명소,베키오 다리,43.76804119,11.25319714,ChIJZ7bcoqpWKhMR6ALnMOgKMUA,https://maps.app.goo.gl/wEntmNJCY8doQSV69,4.7,147934
이탈리아,로마,역사,성 베드로 대성전,41.90229444,12.45403326,ChIJWZsUt2FgLxMRg1KHzXfwS3I,https://maps.app.goo.gl/VFaZDJXqCYn6ZwKc9,4.8,170453
이탈리아,로마,명소,콜로세움,41.89033789,12.49208068,ChIJrRMgU7ZhLxMRxAOFkC7I8Sg,https://maps.app.goo.gl/URK58brSTpozKTWD8,4.8,478481
스페인,마드리드,광장,마요르 광장,40.4156131,-3.707395536,ChIJZX56134oQg0RHBgRAVQ8pkk,https://maps.app.goo.gl/zzxxvbifKjgQunK59,4.6,197246
스페인,바르셀로나,공원/정원,구엘 공원,41.41467178,2.152683768,ChIJq0HUUq6ipBIRWM6qGqALmok,https://maps.app.goo.gl/KXTUAbAscoNHJ5k48,4.4,227664
체코,프라하,역사,프라하 성,50.09125489,14.40160577,ChIJw7ckbB6VC0cRnyUSr4g8zyo,https://maps.app.goo.gl/r14t3mLuPRyFym4e7,4.7,192531
체코,프라하,명소,카를교,50.08662844,14.4114044,ChIJn7WO5eWUC0cRJrHT0TiXIHU,https://maps.app.goo.gl/Fzh1773xQQKAsgLF6,4.8,188755
